"date","ADA","BNB","BTC","ETH","SOL","XRP"
2020-01-01,NA,NA,NA,NA,NA,NA
2020-01-02,-0.021357327450775,-0.0495736963214597,-0.0302729280961938,-0.0262731053678626,NA,-0.024292697640619
2020-01-03,0.0427071508520842,0.0474799699894812,0.0501717459600322,0.051708737339303,NA,0.0287153463973282
2020-01-04,0.0120685158858516,0.016773065382671,0.00891500982389637,0.00666809573899396,NA,0.0043003660944132
2020-01-05,0.00363543504253583,0.0156779909082161,8.91439326888843e-05,0.00889948656483952,NA,0.00606326079897701
2020-01-06,0.0708977018954746,0.0582774159779382,0.0471614672356608,0.057235290116818,NA,0.124718079531081
2020-01-07,-0.00605500015498972,0.0034332498142593,0.0495268893264047,-0.00528170241917891,NA,-0.03487960488299
2020-01-08,-0.0166574752256454,-0.0274441974048401,-0.0103216732028049,-0.0160525996640857,NA,-0.0231294818880823
2020-01-09,-0.00208807520880194,-0.00719009929321501,-0.0251648511144182,-0.0162646486840927,NA,-0.0199414514330625
2020-01-10,0.0140649028510786,0.0357381240080259,0.035837017057327,0.0352374118553218,NA,0.0355114307544819
2020-01-11,-0.00132969917372705,-0.00530482232336071,-0.0159242899307745,-0.00722693845264022,NA,-0.00214539539484426
2020-01-12,0.0232177779900478,0.0248294901573325,0.0190956190457587,0.020407997067788,NA,0.0176947101962899
2020-01-13,-0.0193962094461715,-0.00620711909310945,-0.00591306438726313,-0.011357143007559,NA,-0.0140855098310195
2020-01-14,0.119542862603261,0.0878870112580157,0.0805965063783667,0.140333167597574,NA,0.0987603121927034
2020-01-15,0.0212089342339854,0.0600333286269468,-0.00235374881413541,0.00165768348909001,NA,-0.00766499783529118
2020-01-16,-0.0276868918390614,-0.0332789909109068,-0.0094947463248598,-0.0111287005785865,NA,-0.0187277379930724
2020-01-17,0.083110016750962,0.0601253416037677,0.0232553387156411,0.0381281273349892,NA,0.0436658892401396
2020-01-18,-0.00282757136229428,-0.0173133875741285,0.001541028275863,0.0264974726652669,NA,0.0187118336082213
2020-01-19,-0.0661764223632662,-0.0258397526455925,-0.0268091025161983,-0.0490601269467223,NA,-0.0321659007853352
2020-01-20,0.0441296244047988,-0.00253514100237329,-0.00559813180609936,0.000901943368066149,NA,-0.00976373665734465
2020-01-21,0.0471031054049686,0.0452728634195902,0.0101419279340558,0.0153002373173798,NA,0.0164522647570535
2020-01-22,-0.0073110211207581,-0.0183329411422721,-0.00746195129476668,-0.00830203536353391,NA,-0.0046912629955107
2020-01-23,-0.0521536593118399,-0.0446347379729359,-0.0321153677231969,-0.0324015819342502,NA,-0.0430739672803562
2020-01-24,0.0378138110758184,0.00152660417390571,0.0046189330082953,0.000752314460227055,NA,-0.0136394956929564
2020-01-25,-0.0398003291403355,-0.00419136687404453,-0.00922930618240869,-0.0108977403175121,NA,-0.0117889982909263
2020-01-26,0.0303567300516505,0.0268811665011057,0.0269968381027716,0.0412564319943591,NA,0.0454908488583567
2020-01-27,0.0720582746141361,0.0143873030774606,0.035760424982362,0.0168365214577371,NA,0.00232085139264049
2020-01-28,0.0982241325187796,0.0236724538970909,0.0491406566935488,0.0313265102373883,NA,0.0309407057654192
2020-01-29,0.0123531413622158,-0.0112335332152038,-0.00449365867281415,-0.0075122676948256,NA,-0.0116318965281337
2020-01-30,0.0466576065026763,0.0371315121300886,0.0204370369180804,0.0536077357410143,NA,0.0330128311758759
2020-01-31,-0.0414575953268717,-0.0206210869536321,-0.0168050486759412,-0.0248350213420307,NA,-0.0182619633229055
2020-02-01,0.0418499129478875,0.000403048366285574,0.00451847215164314,0.0193158790030621,NA,0.00924515424980532
2020-02-02,-0.00579296566389598,0.0125382621958945,-0.00517791023652592,0.0265591827948377,NA,0.037709486492485
2020-02-03,0.02148252797154,0.000789480674058041,-0.00545597007771548,0.00659228497002662,NA,0.0154070656280438
2020-02-04,-0.0174025155680404,-0.0155782626644103,-0.012185453649078,-0.00324160690693898,NA,0.0467296231090826
2020-02-05,0.0561647490860024,0.055516604919351,0.0460283479927526,0.0761759474362584,NA,0.0391762858356057
2020-02-06,0.00884134478501464,0.0693672621463191,0.0120330844939431,0.0389364504907377,NA,0.0169600021216845
2020-02-07,0.000552061059583497,0.0688072802687749,0.00677483539277191,0.0477581464387749,NA,-0.010436411843888
2020-02-08,0.00257236641277725,-0.012765169288286,0.00703685944746013,0.00188599201611783,NA,-0.00733485074591189
2020-02-09,0.0306381842581436,0.109725420268377,0.025179720219251,0.0240514183445386,NA,0.0186319696577
2020-02-10,-0.0231592123104702,0.0367419149868047,-0.026042505869956,-0.0223669939084052,NA,-0.0301062408267248
2020-02-11,0.0458575326317283,0.0164818377238309,0.0350524467462705,0.0536880843524576,NA,0.0218729687524128
2020-02-12,0.0782307415170242,0.0318373431874934,0.0114754049400521,0.118060129079843,NA,0.0830265746517103
2020-02-13,0.00303748726262976,-0.0395630439738412,-0.0108737626421842,0.0100960112339958,NA,0.0707410519558342
2020-02-14,0.0287312646677056,0.0331266440811007,0.00952301516070087,0.0583825635503947,NA,0.0245383844566291
2020-02-15,-0.100006601109843,-0.085183391209521,-0.0418535503992423,-0.0710347237502535,NA,-0.0892430017251962
2020-02-16,-0.0191126096168444,-0.0287007816400018,0.0045408785208565,-0.0184284578601313,NA,-0.0372654682623423
2020-02-17,-0.0425832428443997,0.00361521381402374,-0.0248977234415797,0.0245850646603021,NA,-0.0291007285500959
2020-02-18,0.0416730002931209,0.0212906349980062,0.0455756924777511,0.0568488582020876,NA,0.0388117015265059
2020-02-19,-0.0824138177377751,-0.0743866764689649,-0.0514499840432894,-0.0819370889196822,NA,-0.0706131607160865
2020-02-20,0.0106122511922835,-0.00468394794686944,-0.0025892656683304,-0.00700975269361948,NA,-0.0189315034160791
2020-02-21,0.00650127584234328,-0.0019934953912939,0.00808153200971162,0.0292300531244134,NA,0.00928868819371043
2020-02-22,-0.00519763494981307,-0.00980211118577579,-0.00240415813497385,-0.0123839056414496,NA,0.00349649703252131
2020-02-23,0.0529803556190789,0.0384172497379809,0.0266850654757906,0.0426206093114319,NA,0.0243831031539516
2020-02-24,-0.0423405521747493,-0.0349798019051,-0.0280319921936556,-0.0316842301207032,NA,-0.0436837123754585
2020-02-25,-0.0450285631311456,-0.0803353678555916,-0.0324872375384526,-0.0678532348296805,NA,-0.0657248040009069
2020-02-26,-0.130807900776182,-0.0789001608621049,-0.0574076879254886,-0.093573726045646,NA,-0.0932441981080439
2020-02-27,0.0046803510414688,0.0170585487604513,-0.00409296638844836,0.00474377676480575,NA,0.0267769906570305
2020-02-28,-0.0217504193671165,-0.0140997071525213,-0.0128362177683368,3.13577860833192e-05,NA,-0.00346419961007327
2020-02-29,-0.0223601894005934,0.0379480545942008,-0.00844683596417184,-0.0309556641833648,NA,-0.0218323627166574
2020-03-01,-0.0344304832441078,-0.0322156139284226,-0.00431824090480326,-0.00400126423798497,NA,-0.010203603315549
2020-03-02,0.0636986511316566,0.0438900413258208,0.0352507395901505,0.051616085661883,NA,0.0423551344175621
2020-03-03,-0.00392987105567277,-0.0089667794264181,-0.00927476481175482,-0.0267685771098307,NA,-0.0184563982984591
2020-03-04,0.0049711285201286,0.0162644013407736,-0.003709743670397,0.000170804194205232,NA,0.000635501037733688
2020-03-05,0.0410407291554806,0.0413609933751999,0.0362848420114208,0.0209366768967216,NA,0.0213122277543809
2020-03-06,0.00762891412964661,0.0231112112068361,0.0048110043680758,0.0603283877164742,NA,0.0186330445946532
2020-03-07,-0.0498743754612541,-0.0534912418783646,-0.0235798305303501,-0.0235676273935361,NA,-0.0291691487642052
2020-03-08,-0.122752455548149,-0.172983937592692,-0.0943035287692275,-0.169896480216344,NA,-0.136104754089079
2020-03-09,-0.0426850977786701,-0.024047932568569,-0.023014293291844,0.00644328541797723,NA,0.0109449969332065
2020-03-10,0.000313280496040402,0.0182333002862967,-0.00175768508018415,-0.00605377335216151,NA,0.0144942828825794
2020-03-11,-0.0455072259264635,-0.0210076837458764,0.00021498848832735,-0.0298211117487206,NA,-0.0196946687768877
2020-03-12,-0.503638175340973,-0.543083897481134,-0.464730175339774,-0.550731743822012,NA,-0.3989676487547
2020-03-13,0.171263591348056,0.120821906495877,0.112686222197546,0.170271983565693,NA,0.132083768924258
2020-03-14,-0.0892484417990338,-0.0660700950210393,-0.067535570046573,-0.0771961127760639,NA,-0.0786985885156961
2020-03-15,0.0418287897250673,0.0287308562423436,0.0362457326308459,0.0153574314438902,NA,0.0438989670373116
2020-03-16,-0.117188644260317,-0.106038522785769,-0.0726450577091189,-0.124053495951897,NA,-0.0871093660641196
2020-03-17,0.0454660480685538,0.0710484110191607,0.0412455256701918,0.0297229307804114,NA,0.0242389035764068
2020-03-18,0.00367742017046924,0.00415538543912275,0.0024482043860683,0.0078635000962004,NA,-0.0099018953109169
2020-03-19,0.183892547809274,0.19351425763575,0.167104324249614,0.173452353231745,NA,0.142626087477214
2020-03-20,-0.03621317592465,-0.0334342739170799,0.00122445000868687,-0.0286409863121451,NA,-0.050765067415149
2020-03-21,0.00156510135487808,0.0152192474671846,-0.00221448507612898,0.00061413041973335,NA,0.00832264231275848
2020-03-22,-0.0823430189944432,-0.0775504401205165,-0.05907702386253,-0.0741931757729031,NA,-0.051666349017349
2020-03-23,0.0709917027486244,0.0824912659052925,0.0957832376514638,0.089827850026106,NA,0.0468500611901079
2020-03-24,0.0364965531314509,0.0231264590380098,0.0484447085736406,0.02813643677713,NA,0.0302581812419742
2020-03-25,-0.0243296253851839,-0.00622197285016313,-0.00801155993972102,-0.0186619949805289,NA,-0.00384086491545332
2020-03-26,0.042855413799717,0.069977222764563,0.00528121136141735,0.0157760031218315,NA,0.0795661848201985
2020-03-27,-0.0475201053885033,-0.0539626347030975,-0.0374133766993126,-0.0324936602628991,NA,0.00669679491370734
2020-03-28,0.0159130992228032,-0.0267161850484352,-0.0358132407907892,-0.0222823433425807,NA,-0.00234106908273546
2020-03-29,-0.0524767374430817,-0.0636485792122397,-0.0526502133056646,-0.0421215055322506,NA,-0.0704270488109684
2020-03-30,0.0558970449147616,0.0713063077205751,0.082268448602786,0.0566584056311017,NA,0.0496649559939624
2020-03-31,0.0225078043019162,0.0237068595509222,0.00136810740961479,0.00517097415534451,NA,0.0137975902740701
2020-04-01,0.00983593035760633,0.0126365593438433,0.0257778031656759,0.0151620433660122,NA,0.00434421621952219
2020-04-02,0.0359370090789066,0.0251898783158393,0.0278887559659609,0.0460681266784579,NA,0.0187426126343206
2020-04-03,0.00967659207140148,0.0231759935501872,-0.00890628382934722,0.00043759121881326,NA,0.00461873712788452
2020-04-04,0.00648145312331305,0.0332060567667569,0.0197258038443877,0.0217757701855135,NA,0.0125417625544171
2020-04-05,-0.0155642064289343,-0.00656145973136102,-0.0111868608197057,-0.0115855969689616,NA,-0.0128816624869292
2020-04-06,0.106965293844339,0.0937862109029246,0.068384015513649,0.164042370243794,NA,0.0859396966896717
2020-04-07,-0.0135402072039406,-0.0270777278373124,-0.0132013831407587,-0.0241392873243749,NA,-0.0176114738346504
2020-04-08,0.0329485796680773,0.0251902236212307,0.0217346261162099,0.0446554484600457,NA,0.044673295609668
2020-04-09,-0.00319942042652821,0.000433478545404764,-0.00437399798396143,-0.010683465671578,NA,-0.0130887593242652
2020-04-10,-0.0860022881055036,-0.0920694650324676,-0.0616526461959843,-0.0753330644990564,NA,-0.0559773445374685
2020-04-11,0.00417606491350142,0.0048336145770147,-0.000934113612810705,-0.00124073757915699,-0.202363455061408,0.00319016951912499
2020-04-12,0.0134606157881905,0.0405190203412453,0.0161980943393072,0.0183272985289715,0.127559386434504,0.0109573673423295
2020-04-13,-0.0208935180207379,0.0448444015731733,-0.0182479033680671,-0.0306421737104046,-0.126256224366819,-0.0127189638849863
2020-04-14,-0.00402537761497523,0.0321138335359907,-0.00038135085635993,0.00839083872962476,-0.161358242693889,-0.0128504200538655
2020-04-15,-0.0342739334160771,-0.0618510079520087,-0.0297129370766829,-0.0277259684599098,-0.0233455013641521,-0.022177322685083
2020-04-16,0.0768436074084247,0.073229084428883,0.0690291127264349,0.116097752367111,0.0660667040906755,0.0475836022768052
2020-04-17,0.00478395135708709,0.00205818764371868,-0.00290152109548281,-0.00301806468417976,-0.0445312623745822,0.000515400450005421
2020-04-18,0.0556902109989736,0.0530985082445405,0.0225009020006066,0.0852576370233313,0.0303610671049897,0.024528191589839
2020-04-19,-0.0203685488695102,-0.0276948009821432,-0.00944698795728449,-0.0287597857907036,-0.115225573748948,-0.0210798841287037
2020-04-20,-0.0468417415365647,-0.067568872023569,-0.0437078926190573,-0.0526681510123099,-0.119111035118983,-0.0393748278540746
2020-04-21,0.0151867032343707,0.00794750205244377,-0.000237642848045283,0.00255357809540868,0.0867801679994883,0.00455667182094177
2020-04-22,0.0521877583803252,0.0315498333577922,0.0338498124617335,0.0555213946388005,0.162862318463624,0.0195655575244837
2020-04-23,0.104963829459136,0.0197517209448415,0.042973347176261,0.013215131087696,-0.0973339895752167,0.0197066341322643
2020-04-24,0.030630601099717,0.000637676454005476,0.0161780844964259,0.0224890797597537,0.010755403345533,0.0101408544231127
2020-04-25,0.0128151984747173,0.0178830964428904,0.00251773978034819,0.0326387879446628,0.0142257130201199,0.00714656488697551
2020-04-26,0.0786704331568084,0.00479364747364519,0.0144176360833299,0.0091756253350237,-0.0122348037341868,0.00893697644512437
2020-04-27,0.0156145524797746,0.00483739694650653,0.0149573560480274,-0.000470515972406105,-0.104632328170128,0.00594254537175898
2020-04-28,0.01266590216657,-0.0011504082180358,0.00146866262990208,0.00601899253453642,0.144407891106499,0.0847306919952773
2020-04-29,0.0910731449227766,0.0618669875547941,0.119841406444289,0.0893881803476617,0.120314063000478,0.0539646525923378
2020-04-30,-0.0773735391470809,-0.0266351555095286,-0.016321978185923,-0.0441279130629946,-0.0763061926977908,-0.0666818132606086
2020-05-01,0.068923153199802,0.0306979674114278,0.0235369104465697,0.031376297718662,0.0531861592048605,0.0300340255919798
2020-05-02,-0.00481060732302341,0.00113290885158435,0.0138721272790345,0.00515094461669197,-0.0178841397713779,0.0210585433640691
2020-05-03,-0.0417298438735614,-0.0264255609166839,-0.0101899122041704,-0.0206090075658096,-0.0520982450893058,-0.0203017012102327
2020-05-04,0.0149100527961772,-0.00149257468597241,0.00170527182938862,-0.0131669421278051,-0.0178827639404416,-0.00205758381972387
2020-05-05,-0.00618044581576171,-0.0106395982607705,0.0100935669896458,-0.00674598432355022,-0.0391915564690095,-0.0114831227601728
2020-05-06,0.00825224618970744,-0.0156497848247668,0.0290841262398249,-0.0132349201877231,-0.0304558432627089,-0.00580530839378879
2020-05-07,0.0265497885231323,0.0211561739681341,0.0710753668546626,0.039557083588651,-0.015549519277698,0.0170783284529852
2020-05-08,0.0231518784189428,0.013328433937867,-0.0109985471722904,0.00330211953904058,-0.0132294976833962,0.00414820638480995
2020-05-09,-0.010899873333797,-0.0178786623977452,-0.0255994975141949,-0.00655431530310935,-0.000653190001709825,-0.0133952056172448
2020-05-10,-0.0817047991324702,-0.101869527032466,-0.0913387499263454,-0.115072249422791,-0.118384967570819,-0.0902901437351784
2020-05-11,0.00899940695945123,-0.0130375644389376,-0.0178173566160176,-0.0143480848980859,-0.041364552176381,-0.0209674737433521
2020-05-12,0.0469592557247287,0.0417400513248407,0.0232893964825251,0.0181211173879445,0.0442318234870259,0.0182440147849028
2020-05-13,0.0206302400251905,0.0249589582628436,0.0515216067309936,0.0508765363219128,0.0219564210437502,0.0192580785408469
2020-05-14,-0.0113715710540139,0.0134736835156213,0.048814308336528,0.0186795672155862,0.0332027810172675,0.00815108636477468
2020-05-15,-0.00842605079399306,-0.0375868066090828,-0.0425545413366315,-0.0367675651323012,-0.0165940281786675,-0.0209837432613922
2020-05-16,0.00925107191907326,0.018701778040215,0.00521956338711504,0.02550964116383,0.0679681406810108,0.00561986262717928
2020-05-17,0.00803719978777284,0.0162434272121939,0.0308434146689862,0.0317878563528895,0.0228850582174638,0.00609539667402448
2020-05-18,0.0551111979901573,0.0195217213862962,0.00575709507152311,0.0349414130455008,0.0627246762436229,0.0192953977586641
2020-05-19,0.0396977385128778,0.0306850976050601,0.000253180468027026,-0.00501872034873152,-0.0441939789488799,-0.00561090994108837
2020-05-20,0.00751833412279579,-0.0156652290168919,-0.0214070538650404,-0.0158397226566862,-0.0753058628194669,-0.0114410404743548
2020-05-21,-0.084892561376702,-0.0463963637600862,-0.0474397811200529,-0.0498328678266606,0.05010679838757,-0.0312097542166352
2020-05-22,0.0664017600694105,0.0315765395033223,0.0110397046754223,0.035800572855103,0.048030191180539,0.0244244647556726
2020-05-23,-0.00919446533882518,-0.00309375234203202,0.00290454293713971,0.00733516666482359,-0.0412932749605371,-0.00744996193131953
2020-05-24,-0.0496753442750397,-0.030901129927543,-0.0465558480535435,-0.0307715512784101,-0.110220553789207,-0.0173735798221226
2020-05-25,0.0256924057975638,0.0195465685045915,0.0131735433089482,0.0144690948083781,0.0901620014989835,0.00965492029410875
2020-05-26,-0.010815343868495,-0.0115512023910784,-0.00810306399321981,-0.0167845274019403,-0.0469356907394908,-0.017132972824099
2020-05-27,0.0322825933684876,0.0171678141354539,0.0384109712226941,0.0338966292048877,0.030369325559147,0.0198152919733945
2020-05-28,0.156924549059758,0.0337445449711047,0.0368607148089737,0.0512213240395329,-0.0271510325545087,0.0137433967666545
2020-05-29,0.0015632390685818,-0.0010386645308742,-0.00913557886418559,0.00378966208799714,0.00737941006527687,-0.0112649146539634
2020-05-30,0.174117088473461,0.0403554537352195,0.0273053897295643,0.093673193451421,0.0145939883556271,0.0389204978747908
2020-05-31,-0.0344492058512254,-0.0404233932435689,-0.0249842925629959,-0.048052246501852,-0.0309380687645727,-0.0162007589020838
2020-06-01,0.0877105012521215,0.0500438790457571,0.0719893164023375,0.0670424319228795,0.0130248141197936,0.0355497687444011
2020-06-02,-0.033983170834607,-0.0384432320495316,-0.0647494748028361,-0.0403709790852886,-0.0224600059903847,-0.0362498114888914
2020-06-03,0.0852646790484624,0.0176001906784693,0.0132296949908959,0.0289188809948033,0.0381391905161959,0.00442393540833308
2020-06-04,0.040833756460839,0.00116598817822045,0.0147935393856518,0.00101132805875981,0.00115510924715201,0.00645546012667642
2020-06-05,-0.0407986140628354,0.00697280600374395,-0.0138810752726641,-0.013196598186858,0.118454241920313,-0.0043513059881144
2020-06-06,0.00681177977039216,-0.0086786815690254,-0.0012271221586051,0.00293627645457573,-0.0603361929490317,-0.00466559991117133
2020-06-07,0.0072736247858689,-0.00508246187290684,0.0108356683586361,0.0132867521655111,-0.00946728301214245,0.00151008646346673
2020-06-08,-0.00258835979010064,-0.00310014992443497,0.00129406035438251,0.00464988640921149,0.0805718586612925,0.00158145113891583
2020-06-09,-0.0356025826620376,0.00243174916750588,0.00247464766602334,-0.00569379368594181,-0.0155486666132231,-0.0086647344911559
2020-06-10,0.00148558190591919,-0.00142972442829503,0.00756591700730525,0.0102913881289668,-0.0201639010217979,0.00456848397451992
2020-06-11,-0.102941185052144,-0.0653590430521271,-0.0571557191412833,-0.0657331750632908,-0.116864328681126,-0.0649295286609564
2020-06-12,0.0541593918355883,0.0218465549512179,0.016919583790143,0.0246840899477858,0.034478937372156,0.0195932586322169
2020-06-13,-0.00663376690355699,0.00923154690221262,-0.00058729382266165,0.00594304038168136,0.0250659362452976,-0.00432503146435326
2020-06-14,-0.0292749477795429,-0.0100055810608541,-0.00938284381856924,-0.0202709057365187,-0.0365686200313165,-0.00774066533607409
2020-06-15,0.0211307838364028,-0.0164308737239649,0.00678586233768641,-0.0180409964063317,-0.028399212972721,0.00757497683185826
2020-06-16,0.00871334513073929,0.00226509222616134,0.00919733936802558,0.0193278611888239,0.0258391639824387,-0.00919411709417384
2020-06-17,0.0538162660925798,-0.00118295203350538,-0.006075177257296,-0.00593823619762812,-0.00687841727554506,0.0111034642313508
2020-06-18,-0.0153487159071934,-0.0118950086906313,-0.00724264397501173,-0.00398646016397564,0.0655426746463393,-0.0129346520108746
2020-06-19,-0.0317871892288051,-0.0187766273582586,-0.0132433162041465,-0.0216142951570673,0.097182967302779,-0.0220632304766029
2020-06-20,-0.00332201831101164,0.00879210304453437,0.00476063307275254,0.00935989448345165,-0.0613797886087487,0.0091130030586648
2020-06-21,-0.0109496975211187,-0.00289142590501701,-0.00308124118379638,-0.00124137646155376,0.0449032759775904,-0.0154503392609209
2020-06-22,0.0633830256625147,0.0291962141316557,0.0364203993156309,0.057460999348967,0.0767506993294592,0.0195374628530236
2020-06-23,-0.00792505077710581,-0.00320513708124359,-0.00197730104916083,0.00661208303169847,-0.0258538685091327,-0.00313271910605817
2020-06-24,-0.0044341767097178,-0.0243967354450483,-0.0333709232737807,-0.0348834498599038,0.0397162718030851,-0.0236394618019204
2020-06-25,-0.0108600829081267,-0.00651335401879738,-0.00525308149532222,-0.012067012857182,-0.0328262982678832,-0.00381690753214592
2020-06-26,-0.0139291727538988,-0.0109552827157184,-0.0110590439869025,-0.0141651945380517,0.0384414495101541,-0.00490935628970002
2020-06-27,-0.0364296649908247,-0.0364662439683738,-0.012909378740094,-0.0296435288073145,-0.0379452252617613,-0.0323791016909103
2020-06-28,0.0343297459958052,0.015346293020746,0.0107969110711696,0.0106507266382527,0.112478984042193,0.00474409767887374
2020-06-29,0.0423532877535515,0.00550638135369885,0.00515669686722298,0.0125577750722368,0.0653905574017505,0.00150146667961959
2020-06-30,-0.00903074347356059,-0.0059284472204908,-0.00576811763396634,-0.0082721119487541,0.00892244160737263,-0.0118080659374211
2020-07-01,0.143631668780737,0.0266237110342229,0.00983678469207661,0.0209807346211193,-0.0324378977392263,0.00626901038357941
2020-07-02,-0.0171120849156146,-0.0185525793333605,-0.0114339249180109,-0.00747539175310497,-0.0650291272871512,0.00151316946697233
2020-07-03,0.0231798762881001,-0.0159928813461203,-0.00396541210726653,-0.0176139538389544,-0.0156638667202052,-0.00513597690596868
2020-07-04,0.0347533334962891,0.0169250393629454,0.00495995376506109,0.0162263501617748,0.0158599528433553,0.00930235823460768
2020-07-05,-0.0175718409428978,-0.00468890933766009,-0.00643136497403596,-0.00617210597328022,-0.120670498936834,-0.00544786262125974
2020-07-06,0.0689447276704209,0.0514034952355003,0.0326903640545275,0.0590383269267285,0.0232138456850819,0.0632075771346257
2020-07-07,0.110834883867125,0.0286380893131759,-0.0132274750284935,-0.0101322737509806,0.0618148683633612,-0.0202495304460313
2020-07-08,0.099928657359611,0.026911052148801,0.0188495850546211,0.0312719340703511,0.0563655323534805,0.102302601698052
2020-07-09,-0.0441847950959433,-0.0200982029644927,-0.0160767727161915,-0.0149243423390706,0.0687959437682154,-0.00874387939860566
2020-07-10,-0.0492826478746444,0.0220463157517439,9.05161304061153e-05,-0.0083924929452257,0.0680585752923007,-0.0212080144589852
2020-07-11,0.0566652084527792,0.0206940921339949,-0.00415364461895962,-0.00635586040621039,0.0120381705005896,0.0127299730968953
2020-07-12,0.0124527131623258,0.0342692977720023,0.00390491608833976,0.0111030175563869,0.0949459113934068,-0.0032807918484159
2020-07-13,-0.0209381261661208,0.00944268266899151,-0.00355135786885441,-0.0104917903936004,0.145314841365553,-0.00983684019434095
2020-07-14,0.0609827528371514,-0.0179030437729875,-4.33163139028636e-05,0.00252973352529384,-0.023806056774463,0.00117766673856612
2020-07-15,-0.0121527429331096,-0.0275675802989199,-0.0054650618081169,-0.00747112997328081,0.116243919378121,-0.00857755434318608
2020-07-16,-0.0347062115184906,-0.0257605545587283,-0.00661493946327596,-0.0202633459394574,-0.390790788786302,-0.0156614364546446
2020-07-17,-0.0276658634144589,-0.00343970206561117,0.0020964170070048,-0.00372115291128239,0.114047993298036,0.00119998550104228
2020-07-18,-7.3482943746761e-05,0.00243990456875176,0.000835311927582794,0.0115780639892717,-0.0115758303499835,0.0257113728847091
2020-07-19,0.0100330325113451,0.0472726788354261,0.00291933179437542,0.0126748092800719,-0.0490142378564403,-0.00103390752926003
2020-07-20,-0.0479159830700455,-0.0265852487780096,-0.00235268556055956,-0.00983636454304104,-0.0527154322964982,-0.0206501439106939
2020-07-21,0.0418594400347212,0.0131080724367618,0.0227265724190087,0.0368458576527102,0.112619026764225,0.0199116788745148
2020-07-22,0.00775255136655373,0.0210299511747425,0.0159234674311861,0.0677454174374965,0.0662416059886125,0.0216447689993653
2020-07-23,-0.00120306610437781,0.0316297416097115,0.0058314531883763,0.0465678685473323,0.00549873755058657,0.0206178709289524
2020-07-24,-0.0153466879467685,0.0253596959987612,-0.00462180640093379,0.016343857499681,-0.0533064608076851,-0.0171469980650971
2020-07-25,0.163775828212928,0.032036268836416,0.0145959352300391,0.0852307919433883,0.229585237477823,0.0480923459754685
2020-07-26,0.0310633824691393,-0.0129983706698229,0.0232928973245592,0.0182076060816057,0.223035705057169,0.0041017805519552
2020-07-27,-0.0651166999805517,0.00507414297829678,0.104008665985063,0.0376193874526205,0.127890677706463,0.0396263869206803
2020-07-28,0.0684196012983203,0.0278060109868066,-0.00712666337212298,-0.0152214159019968,0.00304884252725335,0.0291022357267166
2020-07-29,-0.0604668901564314,-0.0138741381420355,0.0170487071772527,0.00483149668986016,-0.0731092877728142,0.0541858441869478
2020-07-30,0.00505584436529061,0.00587074873300653,0.000967607474507304,0.0502443800117014,0.0170510931348452,0.00583652181355121
2020-07-31,-0.0128140027684884,0.0322248416717366,0.0189224233737271,0.0322549697586769,-0.0922388366306984,0.057152069292888
2020-08-01,0.0338239963818341,0.0408736835541261,0.0377920337321473,0.10861109189972,-0.00754897581478708,0.111798074571645
2020-08-02,-0.0727046810178584,-0.0275727974688853,-0.0619118571228263,-0.0384450937105738,0.132449157512872,-0.00855726698158388
2020-08-03,0.0282842713806022,0.0516452992814682,0.0172860533562407,0.0412849303935019,0.0337374063509744,0.0766805805660331
2020-08-04,0.0405473331878468,0.0102655718500251,-0.00360374700155397,0.00922567128788554,0.0375783589308885,-0.0309542979774264
2020-08-05,-0.00226109842015987,0.0462011310471548,0.0471600379035362,0.0296056750629123,-0.0646021222026389,0.00933418424511889
2020-08-06,0.009437165518414,-0.0273042269524031,0.00278414433138607,-0.0166436849701048,0.229126231371326,0.000899724314510131
2020-08-07,-0.0345581914599336,-0.0175980253069934,-0.0152519020491884,-0.0399009663519942,-0.0561368127215961,-0.029822665305316
2020-08-08,0.0465170416382716,0.0250766134745763,0.0130654699240473,0.0374303910174065,0.170482842599066,-0.00218113525708397
2020-08-09,-0.00369036171722947,-0.0177534861869231,-0.00668439182616609,-0.00730326591260155,0.074604902436691,-0.0184293464814298
2020-08-10,-0.00960921684131577,0.00613272865735004,0.0171842009045893,0.0121146888140666,0.161316124902362,0.0205934900708029
2020-08-11,-0.0456475137318935,-0.0618765235261316,-0.040161112862787,-0.0399488286765051,0.053352335928468,-0.0352647026176283
2020-08-12,-0.000276515717239523,0.0229967535590307,0.0151693007557725,0.027587937416846,0.132050943620833,0.00168948905335542
2020-08-13,0.0276140622513383,0.0147900027350638,0.0170488539554157,0.0920854776763527,-0.00366214228655948,0.0442021489732651
2020-08-14,-0.0207959559624831,0.0440536415364687,-0.00129636122817622,0.0199882891688308,-0.0968140061157783,0.00857269544396178
2020-08-15,-0.000253055969977378,-0.00208456493656017,0.00819373425312442,-0.00928607295864659,-0.0684589484886124,-0.00236647730630213
2020-08-16,0.00121406353637044,0.0204376435472562,0.00228174996585118,0.000995689113358011,0.061472929530507,0.0127034119945655
2020-08-17,0.0175313708451508,0.000553127476789594,0.0299517604098849,-0.00985825893210102,-0.0885938193898916,0.0364774095338094
2020-08-18,-0.0250994583448476,-0.0190193977489108,-0.0217094147549997,-0.013741272520174,0.0720121374745761,-0.0370872088945395
2020-08-19,-0.0611510100674193,-0.0333580886174749,-0.0196178869913659,-0.0414584130919682,-0.138585150276166,-0.0440166102945647
2020-08-20,0.0332227320430114,0.0344583735678783,0.0101613277417592,0.024247074307139,0.1013509366438,0.00798535202364081
2020-08-21,-0.0768203997316212,-0.0426224466230889,-0.0243618627931248,-0.0678378069879138,-0.0860745227676085,-0.0414918780018498
2020-08-22,0.0121750925012996,0.0049957035872743,0.00767682128039304,0.0170937421478641,0.0258937624887672,0.0206767063166782
2020-08-23,-0.0298234251663585,-0.0167300641621124,-0.00145438642697293,-0.0113073919876348,0.0951466228023965,-0.00405641722872718
2020-08-24,0.0235134816902933,0.0330544831731725,0.00936445863523616,0.0419301027808849,0.00676572660462305,0.0133277146904995
2020-08-25,-0.0942407872269571,-0.0513022780501484,-0.0353060044085325,-0.060975277786512,-0.0242487072301205,-0.0398118211532321
2020-08-26,0.0174387710898225,0.0366619359253515,0.0106963347639653,0.00639896525165895,0.0860901571427912,-0.00157001773327603
2020-08-27,-0.0762246881495932,0.0354306065907437,-0.0144634776739618,-0.00996888323289991,-0.0323626216130224,-0.047905714565788
2020-08-28,0.0243125845782641,0.00229618724148928,0.0191647185956025,0.0340223202002079,0.152197254913158,0.0280883713176949
2020-08-29,0.0642140972033154,-0.0053110666044196,-0.00309204124745399,0.0101705666362051,-0.0106725582269576,0.00896917175542478
2020-08-30,0.00619266733540202,0.0271638639401259,0.0176279312086738,0.0687791276952616,0.111247137880404,0.0306266799984565
2020-08-31,0.0437425718531115,-0.0192953840709791,-0.00262355819172377,0.0154819790114393,0.0751552954915553,-0.0044900904883749
2020-09-01,0.0219518032408592,0.0678815376324202,0.0244952878450402,0.0920959815791536,-0.0959541410097642,0.0482549367732548
2020-09-02,-0.0813479795791578,-0.00532121630400173,-0.0475998283628147,-0.0807585508839841,-0.0423247925462129,-0.0672620857826929
2020-09-03,-0.184297354159086,-0.180157033457003,-0.108024907829682,-0.131879659473614,-0.166045494163741,-0.114383277568948
2020-09-04,0.0633750182208304,0.0209346469934144,0.0256809589055749,0.00663956548161426,0.00521808773164967,0.0370338374985955
2020-09-05,-0.130372289774253,-0.0778655954682606,-0.0331000471341181,-0.146720105541526,-0.311052573217636,-0.0737446294240587
2020-09-06,0.0342906961342173,0.174424693404478,0.010834787536524,0.0525872417269833,0.172180107195782,0.0127044197185111
2020-09-07,0.00292926149142847,-0.0349876065970198,0.00864046839153687,-0.00195112482787074,-0.0523897174148729,0.00597634292986493
2020-09-08,-0.025193318950512,0.0349697589676605,-0.0232239055901111,-0.0436746602013471,-0.170696047293206,-0.0226390629701487
2020-09-09,0.0253647746569707,0.0561768384889665,0.0108798357097584,0.039231591797245,0.387184260542595,0.0119910297184747
2020-09-10,0.0399727839548429,0.0012058721319117,0.0117242949135239,0.0472601872246887,-0.0468805405473638,0.0162317186996603
2020-09-11,-0.00172041313458093,0.035656728430054,0.00363863524842145,0.0177541316260461,-0.0122974767210167,-0.000977775700803818
2020-09-12,0.00625946231498897,0.114179535318684,0.00395871449907759,0.0327837931495498,-0.0280393558915284,0.018416079434356
2020-09-13,-0.0284970480476763,0.0849258672884745,-0.0114048675959459,-0.0574399225246864,-0.0325777315244697,-0.0245634156852943
2020-09-14,0.0199667030543638,0.00385660963958845,0.0340036509277635,0.0315002900536046,0.01333179963492,0.0185448652198941
2020-09-15,-0.0344079915868205,-0.136428456127932,0.0108125107428236,-0.0335013729452625,-0.106414280217235,-0.0101066604749029
2020-09-16,-0.019941685883794,0.0276343442438169,0.0163475324262432,0.00266360661880505,-0.143823163456411,0.0162583909634832
2020-09-17,0.0276236648918791,-0.0353568268022415,-0.00236409183058228,0.0615084436698439,0.12761736450175,0.017386939126478
2020-09-18,-0.0338514277919368,0.0149416858392701,-0.000402336913788659,-0.0120373611589981,0.0720553531749151,-0.00591365395935184
2020-09-19,0.00630409490268624,-0.00542973799019641,0.0135907713828374,0.00306488469935751,-0.0257635394621125,0.00401649130894111
2020-09-20,-0.0245635889866054,-0.032028326711933,-0.0141678855300924,-0.0383118498761723,-0.0535699548046471,-0.0199541367212797
2020-09-21,-0.106127401248318,-0.12599215367561,-0.0444933108280505,-0.0821594201928377,-0.0312735492280454,-0.0610152909875734
2020-09-22,0.0163523912954155,0.0351687167241237,0.00725694459207382,0.00791828304127762,0.0466947777671822,0.00549457999129044
2020-09-23,-0.06299201682749,-0.0529861332263755,-0.0281258288104684,-0.0702999327008689,-0.0273863694534944,-0.0536643705026336
2020-09-24,0.0759106830106577,0.0740518404782264,0.0489361364351204,0.0842869177993189,0.0992385577058721,0.0514684453732162
2020-09-25,0.156478380305022,0.00201157771638805,-0.00627888978373115,0.0080613712383899,0.0176856709577475,0.037984737973902
2020-09-26,-0.0133155891089354,0.0612477040913029,0.00541023047293621,0.00934010988133505,-0.0170512999269696,0.000983310097017354
2020-09-27,0.0581618868310145,-0.000838033615940592,0.00228058318974078,0.00547156968812335,0.00580314733436338,0.00245399197795648
2020-09-28,-0.00614003201849567,0.029351751736943,-0.00610822714634907,-0.00639656929673027,-0.0642712432683183,-0.00368537549537984
2020-09-29,0.00509295870663395,0.0667853455112262,0.0125255833075162,0.0128631045324763,-0.00347100254855093,0.00542224813428782
2020-09-30,-0.00117680895624783,0.0154094654093906,-0.00556190323104033,0.000501548288523779,-0.016617245822973,-0.00574476781808775
2020-10-01,-0.0321452061847913,-0.065566868661239,-0.0154216754012211,-0.0188802437441344,-0.0127970777882556,-0.0147284303261084
2020-10-02,-0.0518392721049081,-0.00534716211677111,-0.00410254537827548,-0.019922115841486,-0.0856876421949573,-0.0174953656381771
2020-10-03,0.00528084210033875,0.0330418587170467,-0.00252261669769993,0.000817518931655492,-0.030458206001919,-0.00504864420401785
2020-10-04,0.0309361117864353,0.0259539535221975,0.0113347181141172,0.017328156966312,-0.0123667754915286,0.0613854270218197
2020-10-05,0.0123368901845158,-0.00988672527099466,0.011532279024733,0.00390009636212429,0.0547716668672559,0.0125617743376412
2020-10-06,-0.0497707026895409,-0.0335144168152892,-0.0176596640622524,-0.0378325129363324,-0.199836825274919,-0.0220704615261718
2020-10-07,0.0106320140524101,-0.000349741966481076,0.00606981245062244,0.00290876912422178,0.0517325727974041,0.0129506863280773
2020-10-08,0.024765408958948,1.71423408090732e-05,0.0228613846473138,0.0258686528766763,0.0315352942870729,0.0116602752560286
2020-10-09,0.0583069800909493,0.0263493391107956,0.0135371939231899,0.0413940680537435,0.071237519492841,0.00806832248200795
2020-10-10,0.0299611712559775,-0.00467052866698259,0.0207426777737272,0.0146008887075375,-0.0541055577932193,0.00314702943752132
2020-10-11,0.0143032823030298,0.0085494367939849,0.0077441489400023,0.0111900779082434,0.0084790207912866,0.00560380400363902
2020-10-12,0.0322876686104405,0.0728884006544019,0.0149248661016284,0.0330076973670934,0.0640446410156128,0.00283892232555494
2020-10-13,-0.0108002236127485,-0.000258427005761064,-0.0112670255308664,-0.0170125301135693,-0.0730141766873666,-0.000479725504390016
2020-10-14,-0.0143884319211023,0.00666596269357811,0.000315673400464789,-0.00448740756944588,-0.0382604929390751,-0.0271879237015731
2020-10-15,-0.00618896238570921,0.0123376467966536,0.00574424137763607,-0.00539606542530713,-0.0210434265459167,-0.0141628791797523
2020-10-16,-0.0244056385473281,-0.0424585927343162,-0.0151839682907955,-0.0301576418933696,-0.0530264107790236,-0.0226045221786118
2020-10-17,0.0194136386256201,0.00841050002450272,0.00317267984989655,0.00714729327583363,0.0241125605459788,0.00202752240263648
2020-10-18,0.0120286595948458,0.0135054570350164,0.0109676932179159,0.0250532129556156,0.00562668268050404,0.00535646872935303
2020-10-19,0.0119317604211608,-0.0242467954259928,0.022276341465064,0.00454244779263302,-0.0731479412795231,0.0153181345238786
2020-10-20,-0.058575904602181,-0.038201560345497,0.0147348266052489,-0.0288342025210895,-0.085899555390617,-0.00976853448452619
2020-10-21,0.0353974251412628,0.0330852888694322,0.073384054305869,0.0605787616811142,0.000902874670623666,0.0324834212035645
2020-10-22,0.0404652190882566,0.0293196429306128,0.0110279875667967,0.0535711206435137,0.0339473203645055,0.0204247346461333
2020-10-23,-0.0227674465777055,-0.000790670823028972,-0.00265297045537771,-0.00972950874658274,0.00223818455143543,-0.00753591373169082
2020-10-24,-7.40377267356429e-05,-0.00147459227919366,0.0135582828497842,0.0065454829353202,-0.0249024392091242,0.0060707605001149
2020-10-25,-0.0160804605493419,-0.0158589857909619,-0.0058830252475115,-0.0152440359116142,-0.0672648067840088,-0.0126286887579461
2020-10-26,-0.031074688054789,0.0341849827605158,0.00337650719309401,-0.0308220226290334,-0.0587529533734974,-0.0180318973320415
2020-10-27,-0.00262234367133418,0.0154211074756536,0.0433275589626536,0.0253401697487234,0.0145869314325148,0.0167910758471099
2020-10-28,-0.0381604464028826,-0.0411402960980163,-0.028445849418457,-0.0387264076738996,-0.137817316686017,-0.028207550315021
2020-10-29,-0.0370605226063652,-0.0173086291709366,0.0124751034586481,-0.00495410275322516,-0.0418816138712766,-0.014626634503804
2020-10-30,-0.0212675917487579,-0.0457336271952831,0.00805207558330778,-0.0101621960344733,0.00864037140733409,-0.0129228198801439
2020-10-31,-0.00335790998266727,-0.00271150947049037,0.0171606081406299,0.00980071454999187,0.0666663458309983,0.00233849719861157
2020-11-01,0.0537741763214856,0.00106690986666758,-0.00318959319352352,0.0249527507592262,0.0376668204924386,0.000221059020269143
2020-11-02,-0.063633937914704,-0.0205040366113742,-0.0136782301231175,-0.0338741657439092,-0.0818750269995145,-0.0184173070745866
2020-11-03,0.0139135797613243,-0.0375221904563685,0.0290784151533732,0.0115353421153568,-0.0428558139580897,0.0172197597766517
2020-11-04,0.0204983280881614,0.00276879838627142,0.0130614446957189,0.0368257699147012,-0.0142481135169458,-0.00719462736331367
2020-11-05,0.0168954801432051,0.027263380713979,0.0974158108042449,0.0292233914681956,0.0092677566952718,0.033020001165087
2020-11-06,0.117661609591865,0.0473557817360666,-0.000896930308048383,0.0936516566993744,0.308867008366645,0.0502623424003159
2020-11-07,-0.073444741058263,-0.0451096000269535,-0.0481761412742969,-0.0426962249742138,0.0599433814003552,-0.0348953958340061
2020-11-08,0.0504144984340091,0.0202358738095021,0.0426156675918445,0.0401319749763287,0.0595291779884966,0.0173066025686628
2020-11-09,-0.0122296704993037,-0.0101946916999136,-0.00955820032729982,-0.0209243170452966,-0.06116051255549,-0.0126456069386554
2020-11-10,0.00454700403062613,0.00623796110383745,-0.00270468710961502,0.0123436510724817,0.102663653524859,0.0125352823012579
2020-11-11,0.00151108508844988,-0.00844762164969692,0.0264880155918146,0.0291064373141303,-0.115826034412422,0.00920486280670318
2020-11-12,-0.013682606849136,-0.012286117494519,0.0359667008912634,-0.00423233004108248,-0.0528090436783004,-0.00530559350886373
2020-11-13,0.0176946900052877,0.0203374879084448,0.00254431320571591,0.0291185452695517,0.0620894322502752,0.0395672425769356
2020-11-14,-0.0207896209394014,-0.00876622888000878,-0.015418716403051,-0.0309758621513057,-0.0527196917453047,0.011811964086438
2020-11-15,-0.0358652379431259,-0.0113459097317565,-0.00702924092609436,-0.0277436225303438,0.0637640747806832,0.00483289344838567
2020-11-16,0.0340016797535219,0.0159140604097607,0.0465638986904136,0.0272881591276048,0.0987734353675681,0.0572168985519181
2020-11-17,0.0523695885249635,0.0164849839967456,0.0541024758441377,0.043439267876475,-0.0238590571482246,0.0574650964227288
2020-11-18,-0.029603597141441,-0.0160556117925745,0.00894799987636219,-0.00182531159102073,-0.040379709054729,-0.0274425561568419
2020-11-19,-0.00505963414653499,0.000638858603452253,0.000734620016881848,-0.0165149751819627,-0.0182551943853723,0.0319231331757621
2020-11-20,0.110423895989269,0.0280048554657908,0.0441487626981942,0.077714056824183,0.00892726739822869,0.0769631595716951
2020-11-21,0.117337477346559,0.0505914610507365,0.00112270423517913,0.0750746954036217,0.128285890658183,0.33439915328692
2020-11-22,0.0851416656600941,-0.0154594280959284,-0.0147105616597472,0.0154965768993334,-0.104959240510956,-0.0324713949068044
2020-11-23,0.0586885563958066,0.0341727794765228,-0.000320185099710102,0.0864403552061237,0.0595178347978489,0.324813720339633
2020-11-24,0.0801659785210005,0.0876845711964482,0.0396802677655614,-0.00751645824332581,-0.00370129842983025,0.119772482766837
2020-11-25,-0.0694619428481507,-0.0755643067799938,-0.0198393323746373,-0.0565646451343405,0.000911013107415481,-0.0853494479690006
2020-11-26,-0.115181909224035,-0.105493402863967,-0.0882052536237854,-0.0953196128727409,-0.176343836401648,-0.17582829884929
2020-11-27,0.0196705999002094,0.00953679806365981,-0.00246479425602786,-0.00252328719390249,-0.0239778048060145,0.0480716992376669
2020-11-28,0.155719556019155,0.0232129312416256,0.0349782933002665,0.0392882246064561,0.0165399611621626,0.112117532265309
2020-11-29,0.011151775291808,0.0328638098086032,0.0256357047024114,0.067401930287569,0.0137854247984521,-0.0314604787114656
2020-11-30,0.027633285049961,0.0414682940050275,0.0766631523401529,0.0656786531966826,0.0266555620766257,0.0915036844909256
2020-12-01,-0.0937160487658151,-0.0417771389047643,-0.0428305306024281,-0.0457892898963168,0.00477630250896854,-0.0805501609633545
2020-12-02,0.0163671027706602,0.00625964213447139,0.0209508141373078,0.0186029092346969,0.0680139549849514,0.0273106126019756
2020-12-03,0.0350441602639835,0.0133463063379513,0.0126433160461819,0.0302170500492327,-0.00713046608570711,0.0025210790705113
2020-12-04,-0.102318979464534,-0.0546242514979212,-0.0390994675242329,-0.0798941412336394,-0.123715641550161,-0.125035538036778
2020-12-05,0.0742573334785388,0.0223567475461337,0.0240126130758753,0.0467365473101902,0.0640791375279886,0.0475860651340344
2020-12-06,-0.00502926652916491,-0.00636693674490862,0.00991664438989837,0.00886700485280745,-0.0649976738850037,0.0588575379069043
2020-12-07,-0.0302710018242396,-0.00552177763528139,-0.00796595656131771,-0.0168642199403832,-0.0125230485760545,-0.0177692523330676
2020-12-08,-0.0895472588559625,-0.0611203426827847,-0.0464184595562447,-0.0645843244175524,-0.09492020942857,-0.0858538440555985
2020-12-09,0.05007741110473,0.0176815407432618,0.0126250410295796,0.0330638172519055,-0.00183188643267884,0.043342612750623
2020-12-10,-0.0425417347334289,-0.0155170571327932,-0.015694640220806,-0.0243589768549661,-0.0544885140178374,-0.0183931993087523
2020-12-11,-0.0180858539435966,-0.0121760708416874,-0.0113473565301518,-0.025114784114554,-0.0858940448301306,-0.0473022686387956
2020-12-12,0.0353036561338165,0.0289418177055691,0.0404124563234589,0.0408719488546332,0.0315659274800683,-0.0761743136452859
2020-12-13,0.0637161938790383,0.0327357225281166,0.0178535398272857,0.0364318138345974,0.0487891894514362,0.00994835088602919
2020-12-14,0.0258256370817853,0.0313864808024533,0.00543186333797863,-0.00621269016476145,0.0165914969922653,-0.0272556322261193
2020-12-15,-0.0236132944954228,-0.0161910048697864,0.00881615847720241,0.00569087118310296,0.10092632423129,-0.057906102134784
2020-12-16,0.0825833788895125,0.0314133346271621,0.0930515975767783,0.076454687805712,0.01293764476183,0.19111099802879
2020-12-17,-0.024805545355181,-0.0100887277312292,0.0677824271107497,0.0104564960468689,-0.0606522465230781,0.014055895129317
2020-12-18,0.00916374935219699,0.0246804383388617,0.014487680725324,0.0184071913237576,0.0119417047447267,0.0130979840208242
2020-12-19,-0.00166212290806178,0.0734511227641175,0.0311408041468404,0.00682740380375435,-0.0179065940490873,-0.00879636048598431
2020-12-20,-0.0166883086269263,0.0256161071789407,-0.0165816229456173,-0.0323814702047658,-0.0650400116506543,-0.0407113968740749
2020-12-21,-0.0593352404238892,-0.056940712920591,-0.0291380769323268,-0.0456336892122673,-0.0139503060551052,-0.0729380522754709
2020-12-22,0.0228157104050093,0.0369129415002649,0.0420765679457773,0.0402350051628222,-0.0340571458311657,-0.142141796410861
2020-12-23,-0.135455046658777,-0.0738960593525708,-0.0230394366630087,-0.0839831816944434,-0.211914323100434,-0.550502563524645
2020-12-24,0.114125165770881,0.0441180383247386,0.021057908650393,0.0466780459039775,0.122200033337891,0.267220104312437
2020-12-25,0.03015884182753,0.0202360430882251,0.0383860181705789,0.0239160251730359,0.0591344083406532,-0.060172757393129
2020-12-26,0.00164873441164626,0.00936844817804738,0.0693891860501825,0.0149341430192838,-0.0875510050794855,-0.0763355520883218
2020-12-27,-0.0217913400590122,0.00103628775703646,-0.00625098887012498,0.0710306751053782,-0.016135583887122,-0.0404172591765701
2020-12-28,0.134962314067514,0.0672927149648324,0.0304580432942423,0.0676176326046214,0.151165884589927,-0.132325315062206
2020-12-29,0.0836977652498001,0.0831596831604831,0.0101981764862753,0.00153606885497481,0.0995545967676001,-0.115268640993902
2020-12-30,-0.0431960956087989,-0.0211848977624163,0.0526251818893506,0.0271047353670459,-0.0865939874726854,-0.0422161606083553
2020-12-31,-0.0144650664044546,-0.0201368706549325,0.00555880222905358,-0.0185520888489323,-0.0161238942879097,0.0371526864632419
2021-01-01,-0.0339040812299938,0.0140536081460034,0.0127599528482261,-0.010129495592281,0.19819339453458,0.0770045198046556
2021-01-02,0.0117527629825789,0.00884043054551986,0.0895900111488075,0.0587149089443981,-0.0235137380723253,-0.0688096974733412
2021-01-03,0.144448905570079,0.0732753899307976,0.0201751724033929,0.230695229001131,0.183535168782938,0.0187401230976167
2021-01-04,0.0920564126336867,-0.0054249254006673,-0.0250224673558161,0.064241992874801,0.139392668060687,0.0468341419396259
2021-01-05,0.139133919289245,0.0195563282889957,0.0612800117132046,0.0558709709374074,-0.141492688434923,-0.0428482724813473
2021-01-06,0.250651752931719,0.0102826095757962,0.0800218282308798,0.0929151527017487,-0.111704765741739,0.101186404403885
2021-01-07,-0.101111849983213,0.0299859724980056,0.0668709242585273,0.0152633612010593,0.206933317159788,0.261869022541124
2021-01-08,0.0185514099824269,-0.0245611948013811,0.0355928898794495,-0.00120900622608033,0.305298743032645,-0.00853938270612353
2021-01-09,0.085794151490566,0.0356245061567497,-0.0134005226205147,0.0454161054380373,0.050120460781651,0.0113391462507944
2021-01-10,-0.0880939162353003,-0.0343714312499563,-0.0483004859568652,-0.0148081099304616,0.0235664680214351,-0.0265958251789113
2021-01-11,-0.101503308436202,-0.100979616478005,-0.0755139006037258,-0.146582162862402,-0.109024835112156,-0.0970095639944766
2021-01-12,0.0410285141773961,-0.00679239733581927,-0.0473164778588302,-0.0437933253363649,0.150640259529715,0.0110770157581868
2021-01-13,0.0886542945733912,0.0517530449728292,0.0953397207362574,0.0803539938065772,-0.0279556674311479,0.0450366660332633
2021-01-14,-0.0102981438501615,0.0404731662135278,0.0489216127788517,0.0747102864972584,-0.0694094751205101,-0.0337526052963422
2021-01-15,-0.0256684407371306,-0.0211511767300809,-0.0621664989723083,-0.0390114733133169,-0.00857896927478263,-0.0522204259676688
2021-01-16,0.152711309504758,0.0535940874685683,-0.0177318471436188,0.0513155865743711,0.0588157599054069,-0.000777760740154454
2021-01-17,0.0748899702248063,0.0565734366011581,-0.0107508721993383,-0.00273194390454101,0.102242878376408,-0.0100579114659856
2021-01-18,-0.0224266239249313,-0.00728140382248821,0.023165388859228,0.0217960992411257,-0.00594302866698104,0.0262754460470687
2021-01-19,-0.00618725171703294,-0.0582800730704633,-0.015413522880193,0.0911717906370013,-0.0413239433711012,0.0329688940609503
2021-01-20,0.0168082862838952,-0.00418385792531861,-0.0145792169753385,0.00360792073477878,0.0221888485331128,0.00746070352228667
2021-01-21,-0.190729822216778,-0.0975770660079434,-0.142528130818359,-0.208999691440535,-0.21923240057273,-0.0975973318623917
2021-01-22,0.119477596395863,0.0556530034711762,0.0683334114753027,0.0975643679181015,0.112381435953648,0.0142246199943115
2021-01-23,-0.0113173896597072,-0.00103072857921038,-0.0288346413942708,-0.0044754685949373,0.0461030745489117,-0.00359147333245224
2021-01-24,0.0235542124204497,0.0257853545921338,0.00689084735174461,0.122641689541712,0.0365099511374198,0.00619077977862581
2021-01-25,-0.028650530391642,-0.00617696940659895,0.00238226863679003,-0.049490203456708,0.0178805888634757,-0.0162922831567187
2021-01-26,0.00101145660483848,0.00170510862742068,0.00626638346068376,0.0243485013332947,0.0897346510989283,-0.000974211724089624
2021-01-27,-0.0948628389866226,-0.0169277930527638,-0.0678743452244088,-0.0796291856420526,-0.0922767927777173,-0.0648651772113011
2021-01-28,0.100352748667624,0.0367415875825037,0.0950202595471694,0.0613610006441148,0.0350071557131137,0.0472083122063802
2021-01-29,0.00576731009850207,0.0075717551040273,0.0250900708478188,0.0368589517765399,0.00329226179988829,0.0661623567000635
2021-01-30,0.0407738824358685,0.0438287025064699,-0.00136655731290247,-0.0046453064481895,0.0967629473989573,0.444755584759223
2021-01-31,-0.0501040520357292,-0.0111465302288676,-0.0342894233895716,-0.0454384834471657,0.00939354345613408,0.111787652162442
2021-02-01,0.153285498766663,0.153228199719673,0.0126875420679955,0.0402839735968863,0.0783338208823559,-0.281543694721545
2021-02-02,0.0584848143303179,-0.0107398343719742,0.0571679388794202,0.101433152980988,0.132982126025756,-0.00604497629348777
2021-02-03,0.0349324825149887,0.022967989782789,0.0537738978015394,0.09182206907112,0.0817101311043573,0.0635275453221097
2021-02-04,-0.000790945251831432,0.0681147702971288,-0.0146786767038236,-0.0406404267318816,0.117094848607028,0.126269577303634
2021-02-05,0.198463771753735,0.193220286407515,0.0324588533084338,0.0748146655156212,0.0390130356675629,0.0080267934347853
2021-02-06,0.154734315924462,0.0695693760129714,0.0289827412811317,-0.0240283045562171,-0.0893165729765311,-0.0246339148341208
2021-02-07,0.0547752664465401,-0.0586490340227845,-0.00927658818340582,-0.0386546162512733,0.0921177678184,-0.049337148232147
2021-02-08,0.0286447196875894,0.151764328562196,0.171820561888124,0.0788239823200101,0.1625636840448,0.0687468831883624
2021-02-09,0.0303120257637358,0.301279467469367,0.00614261938545191,0.0121881079039037,-0.00846592173651128,0.0528321115024114
2021-02-10,0.279435832044309,0.184312327594197,-0.0342032034296285,-0.0135478950598582,0.148941986071023,0.0645146059262286
2021-02-11,-0.00277387153413577,-0.041732972430129,0.0644676160583941,0.0224238995941652,0.0156544455942123,0.0415179537220876
2021-02-12,-0.00232446025189417,0.0958266501084992,-0.00847846465792479,0.0329388341035592,0.0034296919563328,0.148155566694672
2021-02-13,-0.0216990453975164,-0.0258571976212156,-0.00844174525182062,-0.0160887044083475,-0.0572539137129207,0.0329768712101826
2021-02-14,-0.0653544537021491,0.0220391315048891,0.0336438799062382,-0.00498772689327609,0.000737334668046152,-0.0569207689340579
2021-02-15,0.0147337905890901,-0.0515811455549198,-0.0159782359288112,-0.0141112366088487,0.0139591304217599,-0.0792604970329621
2021-02-16,0.0114772938416693,0.00376520728334473,0.0258352607407488,0.000716955927980045,-0.0657445663664098,-0.0524892242015751
2021-02-17,0.0226689035290666,0.235973938743297,0.058214152169521,0.0371390079286709,-0.009114797143571,0.0278155597387493
2021-02-18,0.0257061475716373,0.173826779389264,-0.00903822658930409,0.0470203579088038,0.0881664936418067,-0.00581297207023812
2021-02-19,0.0146926856697826,0.529217866971496,0.0782851354369321,0.011656276525291,0.244305738442959,0.0629357696486889
2021-02-20,0.191068053845912,-0.261992048246229,0.00377518352037853,-0.0209460704855964,-0.136504488465145,-0.0913600291446521
2021-02-21,-0.0201834173502792,0.138323108268999,0.0253521597105326,0.00833543265243364,0.102787712357274,0.0582639468777787
2021-02-22,-0.00124473127050088,-0.0941636283742664,-0.0596634472552537,-0.0826855549836809,0.265386394496399,0.0413893597868474
2021-02-23,-0.140886781374652,-0.146763379419758,-0.10458524450101,-0.126526821768557,0.0503710869807592,-0.18840114001808
2021-02-24,0.0967156827127291,0.0963543620833187,0.0178814957381217,0.0352714632513687,0.12946638949894,-0.00366192001517196
2021-02-25,0.025775196379712,-0.0839135411986769,-0.0539697592520518,-0.0973420126911924,-0.225034626954663,-0.0823718268465281
2021-02-26,0.139859904717452,-0.053596764568403,-0.0161420754568873,-0.020310561531697,-0.0166456544272164,-0.0153616864860223
2021-02-27,0.0653046959873937,0.0159715263913931,-0.00327054247999037,0.00959361820155724,-0.0288774056200132,0.0228932285753315
2021-02-28,-0.012762434378107,-0.0721295736107121,-0.0230104765667605,-0.0305474773733998,-0.00851428076413541,-0.0536174755789236
2021-03-01,-0.0120527008300119,0.194732414187777,0.0949011603271384,0.0998284320416367,0.133293997717487,0.0749390364185506
2021-03-02,-0.0530758045908957,-0.0611637170253454,-0.0255549252084908,-0.0471735582968922,-0.068966198980756,-0.0235441815776912
2021-03-03,-0.00736148470876583,0.0065284751321677,0.0436647276939013,0.0542713700226898,0.0111611015978745,0.030307285193317
2021-03-04,-0.0873182989499479,-0.047335541553144,-0.0399061221991275,-0.0217721070575232,-0.07482165827044,0.0775852972809806
2021-03-05,0.0470044662952515,-0.0156583158198806,0.00751142017653628,-0.00561871418307813,-0.0379329870479674,-0.0603236956674191
2021-03-06,-0.0326277444343343,0.00129920840132502,-0.000305027039578576,0.0762388633509268,0.0332246056728911,0.0151363725080674
2021-03-07,0.00208002323165918,0.0579040319105166,0.0458396233606813,0.0405113715640883,0.0625356660857856,0.00377906120428184
2021-03-08,-0.0136040541620285,0.000580439928015153,0.0201031365155036,0.0627399685441148,-0.0200548908374252,0.0143123079616411
2021-03-09,0.0666921483693285,0.199786526186169,0.0481568402532346,0.0179982887112828,0.0875207207159758,0.0258271857089375
2021-03-10,-0.0516456235026521,-0.0492581090201432,0.0213741797980287,-0.0375711101403891,-0.0423228138320049,-0.0480983960939535
2021-03-11,-0.0090389582969649,0.0366650614952961,0.0315730003902974,0.0149111692813637,0.116677469414995,-0.0222816647901204
2021-03-12,-0.0791989749902893,-0.0944009657584255,-0.00821687285311512,-0.0300678899468734,-0.0943678374455788,-0.0264619791727881
2021-03-13,0.0599210810631237,0.0460218381530009,0.0659904612617126,0.0825958907877347,0.0506897874754135,0.0417194115955444
2021-03-14,-0.0408479080232338,-0.0424220344958401,-0.0322025926592886,-0.0371127321901934,-0.0537094096857689,-0.0394980445301119
2021-03-15,-0.0244816178232088,-0.0384255560504343,-0.0589552084168226,-0.0344836494503724,-0.0224163792101284,-0.0103608623703587
2021-03-16,0.184501063875031,0.0134171595273633,0.0159294715476097,0.00848624942484477,-0.0405593175380714,0.0556603555780364
2021-03-17,0.103631457366132,0.0445345213382771,0.0357241870803566,0.00907754310777698,0.0429208378838442,0.0209993295546017
2021-03-18,-0.106811931917175,-0.0306670887457274,-0.0173391519166124,-0.0225138801159979,0.000690461386553043,0.00106203587688569
2021-03-19,0.0497226534367443,0.00894946859864287,0.00839431905057886,0.0193141642605923,-0.00177454681687195,-0.00370303181148379
2021-03-20,-0.0762745927852352,0.00258788260951004,-0.000565879125375091,-0.002748842649968,0.000505685957250535,0.111962421276706
2021-03-21,-0.0145272151963023,0.000545668960741708,-0.0136439041398457,-0.0135623341096833,0.00842382831601141,-0.0136720445952925
2021-03-22,-0.0689838205362711,-0.0345126899188326,-0.0534568810444327,-0.0557014995401026,0.0401460777586364,0.0563014038772278
2021-03-23,0.0104669274591985,-0.000823024619708512,0.00384011543294349,-0.00752757122376035,-0.0490731079479048,0.0120250669433914
2021-03-24,-0.0423909517016368,-0.0230982111921243,-0.0365517577776586,-0.0521114458669709,-0.039015269884453,-0.129808807092821
2021-03-25,0.0244175351546384,-0.0617683654670369,-0.0204854329155548,0.00122040747504926,-0.0476897087968631,0.0569765838476713
2021-03-26,0.0971551351260272,0.0825756403793463,0.064288419319892,0.06519969619018,0.126358582204716,0.0914505857735763
2021-03-27,-0.0312857988772228,0.0534181656614408,0.015051908974824,0.00798556080297352,0.110628872759185,-0.0297328807651593
2021-03-28,0.0122880159623955,0.000330521259979122,-0.000406804132703442,-0.0147536561446771,0.0874086064959658,0.000568442227622867
2021-03-29,0.00953944522526221,0.0221290459453094,0.0316550293933169,0.0731328256330537,0.0454947810252171,0.030602396175766
2021-03-30,0.00892114873656513,0.123612034792814,0.0200146099199845,0.0143760126439316,0.0199076494528323,-0.00178362772438767
2021-03-31,-0.0166655456998754,-0.0305262196861769,1.93594475934589e-05,0.0384323415364589,0.011954107511071,0.0122905220600134
2021-04-01,-0.00337457789061474,0.104128742835682,0.00299923287868786,0.0302488440742099,-0.0197322061779102,0.00940553734373217
2021-04-02,0.00609031536862967,0.0112570583897496,0.00487009084408818,0.0805914048136387,0.0373005574057257,0.0623635431663208
2021-04-03,-0.0196074474592718,-0.0479572876738281,-0.0304399811679676,-0.0550535872287554,0.129637920531096,-0.042497986138803
2021-04-04,0.0153451328302174,0.0844979359030793,0.0198466431323769,0.0313987246698231,0.064769684234077,0.090255114716017
2021-04-05,0.0190219703892884,0.0449009862384955,0.00508120732621364,0.00702900733450917,-0.0457950494864185,0.352960307295351
2021-04-06,0.0332498327409111,0.0929368752279194,-0.0147638975496207,0.00496500716725023,0.0823495276562025,0.174777521174132
2021-04-07,-0.0660227244479211,-0.0743856113783634,-0.0375288708531656,-0.072070898204081,0.0591570675636657,-0.177929740682345
2021-04-08,0.0369935799609847,0.109557491981856,0.0397876757042273,0.0579011762955277,0.0207776046668022,0.137431294049099
2021-04-09,-0.0131213102231946,0.0807127412617517,-0.00135454983611538,-0.00791453288368871,0.027159369806089,-0.0307886122798703
2021-04-10,0.0125651096531871,0.0418794138666687,0.0262341980966649,0.0303409575726414,-0.0343086043926584,0.297406079617596
2021-04-11,0.0386103938179464,0.105966963100354,0.00686230438740409,0.0101150704957789,0.039823445025605,-0.0101545654953563
2021-04-12,0.038250598638922,0.130666088319179,-0.00518761899814457,-0.00851932881756134,0.0205603047370202,0.0758460881511167
2021-04-13,0.0701622520986712,-0.0856322152678777,0.0585271434502683,0.0720523320673179,-0.0384896566822737,0.200727880018103
2021-04-14,0.0304389892918328,9.66186847595196e-06,-0.00621993814917055,0.0574339628942386,-0.0356346279508779,0.0249019677367177
2021-04-15,0.017819958977762,-0.0127444048609737,0.00323225111697667,0.0339182613307214,0.0494894819448253,-0.0405952232562865
2021-04-16,-0.0446084972486944,-0.0615891548425154,-0.0278866218745684,-0.0352161509051907,-0.0910491154169497,-0.125655783811323
2021-04-17,-0.0229004568468655,0.0197875626258037,-0.0145429261014058,-0.0364513460539655,-0.0117826049473928,0.00162181587345295
2021-04-18,-0.0822664828496691,-0.0786914750410563,-0.0764724310981197,-0.047043726324973,0.252294704638118,-0.103973723338527
2021-04-19,-0.0627198221275121,0.0488039701729992,-0.00878897911779575,-0.032227633325534,-0.0196015472800175,-0.0668772052045601
2021-04-20,0.0551909516251817,0.150331991882555,0.0133475005589663,0.0729895211406779,0.00296814035869275,0.0506010613027307
2021-04-21,-0.0478918043796954,-0.0724122919510908,-0.0465197455418274,0.0147142362064416,0.0231171712852642,-0.0648044831223338
2021-04-22,-0.0507537166145028,-0.0760997625881705,-0.0405818837468068,0.01626760454897,0.178832510836723,-0.111520877716693
2021-04-23,0.0075432859881579,0.039812887406006,-0.0130013026852058,-0.0167606011978254,-0.0501393196091344,0.00856722434180696
2021-04-24,-0.0481667465952519,-0.0589628384224881,-0.02062043718011,-0.0664521635332971,0.0968100244469623,-0.109156009153029
2021-04-25,-0.0119702614062185,0.0172985949201179,-0.0211327232789671,0.0461394099656234,0.15079447292685,-0.0158103700764821
2021-04-26,0.125705416589061,0.056766079676926,0.0974797068019555,0.0901218737980916,-0.0742832229702448,0.281972895498353
2021-04-27,0.0574021980272535,0.0614723709170537,0.0185483191486533,0.0494135444738557,-0.0169128633257989,0.0234345188603041
2021-04-28,0.0217514461159102,-0.0103226727251906,-0.00379425537373557,0.0308810282423808,0.0360450752952364,-0.0306986448906091
2021-04-29,-0.0209200165933001,0.063813657123637,-0.0234296738251345,0.00381477323291346,-0.054212800371074,0.0295594726747818
2021-04-30,0.0334070837917825,0.0398390323475484,0.0754151877209619,0.00590592317842109,0.0116011736185908,0.128771326450388
2021-05-01,0.000459737770754642,-0.00761340591447546,0.00134757236031291,0.0604075131020387,0.14195835744421,0.0366100677123066
2021-05-02,-0.0195977106970889,0.0044364132192003,-0.0209160475902248,0.00208999174056856,-0.0543092326841395,-0.0550189872948888
2021-05-03,0.0261971612890176,0.0826231523646328,0.0100011022054023,0.150374953726434,-0.0206266750504724,-0.00426214995078522
2021-05-04,-0.0667275494160386,-0.100300875404633,-0.0699936362237761,-0.0531057720465959,-0.0723079324909479,-0.111103602712219
2021-05-05,0.146767833365968,0.0641023699170953,0.0738970864744761,0.0794802498572604,0.050071859742876,0.148021121578207
2021-05-06,0.111833869241582,-0.0286138400948142,-0.018055093557642,-0.00909740016004434,-0.0332212429456704,-0.00866600368818371
2021-05-07,0.00201541529136884,-0.0138606119108733,0.0168770967814353,-0.00176367925763188,-0.00694280048889251,-0.0118317028233846
2021-05-08,-0.0207149947741151,0.03390290027333,0.0249216197027895,0.113264941052682,0.0542650441598993,-0.0121852024115059
2021-05-09,0.0891462109578155,0.0246552029898162,-0.00976562803402814,0.00669019843283891,-0.0273976648030647,-0.0176285830191405
2021-05-10,-0.0737414770643475,-0.0477472428514067,-0.0415955411597153,0.00595073603535035,-0.0325697177033009,-0.100132834429936
2021-05-11,0.0700720150140378,0.0628915913828187,0.0150099573442901,0.0533083617253762,0.0381321881230354,0.0618862431611625
2021-05-12,-0.127583908910835,-0.133713295416549,-0.142967146773037,-0.0963344464997284,-0.0487294551409723,-0.16904134397626
2021-05-13,0.219375057212175,-0.0288919491916761,0.0114429281100925,-0.0188514375900137,-0.0349794109709762,0.085249585710934
2021-05-14,0.0361235976373455,0.0539800545523148,0.00330018675976618,0.0934472920753109,0.0410975335567474,0.0318707782765277
2021-05-15,0.0810388685484865,-0.0687762669560668,-0.0645987031952835,-0.114398291935684,0.0172538435186218,0.0574535409551261
2021-05-16,0.0602822866946504,-0.000376336066581828,-0.00652525709023521,-0.014010351356843,0.0825403864091268,-0.0226480418987821
2021-05-17,-0.127731693067911,-0.0947222697580017,-0.0648839844864657,-0.0888831194268178,-0.00717862148757797,0.0296362231602796
2021-05-18,-0.0141552252459907,-0.00772970331142186,-0.0145319340846282,0.0293222765780268,0.176527620909289,0.0612001658336396
2021-05-19,-0.301232505324594,-0.40445008746701,-0.148107076351886,-0.317459030484062,-0.465354733850912,-0.3962444406381
2021-05-20,0.199841889456374,0.14929231635787,0.0972750161239606,0.123556999308463,0.242523669463352,0.102244712736052
2021-05-21,-0.153863079824243,-0.187561646590059,-0.0891398168367932,-0.135847489114942,-0.142177979646414,-0.163244031515044
2021-05-22,-0.058808697508642,-0.0856778715853643,0.00619823743724446,-0.0571066866671242,-0.214635591956984,-0.105317937984985
2021-05-23,-0.0991727087704819,-0.130180605384642,-0.0765456457983333,-0.0845514357605204,-0.237768240718136,-0.128515616257214
2021-05-24,0.156181138185559,0.272494030683049,0.107222436826643,0.225649447695071,0.236745510118906,0.219690958864901
2021-05-25,0.00379023193385625,-0.00346854783308181,-0.00787878258102381,0.0235656699745217,-0.041993104360543,-0.0169103153132442
2021-05-26,0.136417344503583,0.0988148331833214,0.0229615658127678,0.0651022199349489,0.169553721397063,0.0572699278259927
2021-05-27,-0.0798063891388659,-0.0326406287775018,-0.0220571810715349,-0.0541305960270906,-0.0565863384137604,-0.0633857847457612
2021-05-28,-0.0848991238313447,-0.108418464041447,-0.0739361115014425,-0.12294673867439,-0.145418095211141,-0.0749791341026263
2021-05-29,-0.0725108741315032,-0.0782459287494843,-0.0307656915421521,-0.0597664671395908,-0.0589671682113417,-0.0789815611095172
2021-05-30,0.114787406111763,0.065751907777428,0.0302199440789863,0.0474588159319858,0.0438175988725189,0.0861336595061556
2021-05-31,0.0997791668892175,0.0839921674538893,0.0453359172324657,0.127350661916265,0.137424005227315,0.143575551589544
2021-06-01,-0.00461531201296783,0.0236101283286407,-0.0175078535731181,-0.0304510976081236,-0.0574120907910376,-0.0345906167902429
2021-06-02,0.0103631249595321,0.100778436661106,0.0239777887023145,0.027197009476148,0.0915633231439825,0.0131661511224999
2021-06-03,0.0487933606271596,0.0640589146200483,0.0425566169513694,0.0535984157187315,0.150488894924293,0.0202169322686886
2021-06-04,-0.0729972769704429,-0.0889562054854682,-0.0608403872671257,-0.0602461479421921,-0.0534902727046958,-0.0745811606075191
2021-06-05,-0.0308038320934776,-0.00246466475620455,-0.0370647425747759,-0.0216668127212056,0.0563868007900599,-0.0495590537486457
2021-06-06,0.011529996646768,0.00864106806963072,0.00869359985018825,0.0316229461165145,0.0665247340101978,0.0235484336068641
2021-06-07,-0.0704360138156206,-0.0972901697980886,-0.0663328556353431,-0.0470666376611808,-0.100519150528194,-0.0932130210588198
2021-06-08,0.0151798353532202,-0.00930355087554968,-0.00262777506345735,-0.028517481851245,0.0816566659835707,0.0168495414571607
2021-06-09,0.0229064629286518,0.0595824640005684,0.109474102382139,0.035444046585706,0.0123033103738592,0.0492865943189243
2021-06-10,-0.0589199712137081,-0.0647317701832035,-0.0173547429931293,-0.053853289373845,-0.0224500367992491,-0.0568580877833664
2021-06-11,-0.064356065177128,-0.0179043905831122,0.0170675784159862,-0.048814973482906,-0.131177608456586,-0.024141367306296
2021-06-12,0.0300660298052152,-0.00635854792577994,-0.0489041950404054,0.00791987788655035,0.010915140205165,-0.0187581116847055
2021-06-13,0.051442663294329,0.0645163201607497,0.0950568012946569,0.0557040859554396,0.0619445714374396,0.0588533293787186
2021-06-14,0.0106917230630998,0.00582997909116578,0.0282587879663208,0.0116917142475703,-0.00148110744021457,0.0109648646396485
2021-06-15,0.0142750776007159,0.0128602827005802,0.00465845332752757,0.028375605917593,0.0611357108267199,-0.00347451172618861
2021-06-16,-0.074821048792408,-0.0736739646242297,-0.0523070315961434,-0.0978054364905319,-0.0358702893454281,-0.0672748891115391
2021-06-17,-0.000255727040602616,0.0163058960745914,-0.00768476078766867,0.00183066931319953,-0.011119168373102,0.0113904846617495
2021-06-18,-0.0461140536071883,-0.0462090013779299,-0.0614015913917374,-0.0609558216982906,-0.0689425471768779,-0.0534449143111476
2021-06-19,-0.0176955659738032,-0.0032619391312716,-0.0048002198172945,-0.0241423645430006,-0.0359850053489486,-0.0461501181160459
2021-06-20,0.0273926929336495,0.0128871235963901,0.00231162531379248,0.0306770142289006,-0.000889181851029708,0.0191209605240921
2021-06-21,-0.193729913317331,-0.227081856652068,-0.119521795848678,-0.173558064417215,-0.281439600985681,-0.240543466322947
2021-06-22,-0.0207890068855862,-0.0344114581676456,0.0258330476093924,-0.00717303665036262,0.00428440743768066,-0.113186043836266
2021-06-23,0.0828700930049213,0.117596120323607,0.0367666751556133,0.0594201000643721,0.115474432464935,0.139295890699208
2021-06-24,0.0791456913911656,0.0461419734804478,0.0274756998576446,-0.000643523057370921,0.0369843977508983,0.070053690870431
2021-06-25,-0.0762907934736788,-0.0908261451850745,-0.0913046539742641,-0.0922558354753331,-0.0829525551369352,-0.0913666566869145
2021-06-26,-0.00481704012902207,-0.00778125829147491,0.017188238400923,0.00879740131484574,0.0347222867099779,0.00343767137482631
2021-06-27,0.0655870847357705,0.0390536238817685,0.0737472744793095,0.0786382586145669,0.0719472007743462,0.0498979434971686
2021-06-28,-0.00785732346018414,-0.00356109987724018,-0.00623326245575484,0.0496647696810451,0.030789722445109,-0.00492301826200386
2021-06-29,0.0324439986249193,0.0362142418630214,0.0407851211241397,0.038260655171511,0.0281185659143546,0.0862373311183923
2021-06-30,0.0109270063197544,0.0102214052093395,-0.0233252029658519,0.0513173209710418,0.0486850349758456,0.00660322943927572
2021-07-01,-0.0352074023993622,-0.0509902151445694,-0.0428182456008752,-0.0733859365556846,-0.0624436228917062,-0.0661186807571734
2021-07-02,0.0430732239578869,-0.002763244469838,0.00963202091343973,0.0170913361449099,0.0182860678509988,-0.00670289779772909
2021-07-03,0.0088811562991073,0.0369335488546536,0.0225049480213446,0.0347710019552245,0.0133824062266785,0.0242556194805412
2021-07-04,0.0358485938803563,0.031340674272025,0.017703918010918,0.0420524850258381,-0.00489078254517405,0.032253805293062
2021-07-05,-0.0372270924664692,-0.0175516947200327,-0.0446747562616672,-0.0544972219148026,-0.0394139115534751,-0.0602667509272135
2021-07-06,0.0093200897780914,0.0595601726141366,0.0143922100794622,0.0557693123060758,0.0382047512251344,0.0168254392366514
2021-07-07,-0.0105879125475035,0.0203186034698888,-0.011157826650301,-0.0041025504283958,0.0655672179276454,-0.020998808806119
2021-07-08,-0.0534082364103027,-0.0536074671514424,-0.0293117785379646,-0.0880510793223594,-0.0971502597050211,-0.0447529070616913
2021-07-09,0.014426175371489,0.0193251858236216,0.0276173634478738,0.012499704988266,0.00183307418987555,0.0218222456179955
2021-07-10,-0.00997118492771804,-0.00108876849921469,-0.00824420123359459,-0.0165753081812605,-0.0453860806353923,-0.0179697021222298
2021-07-11,0.00898591214719136,0.0184642365688195,0.0212422526738756,0.013296256111615,0.0121689097869555,0.0166041805881623
2021-07-12,-0.0248176307947198,-0.0178695844252035,-0.0321809263478308,-0.0493079830975738,-0.04220330496993,-0.00909409125076405
2021-07-13,-0.0387742512854257,-0.0240502896424992,-0.0137820864258007,-0.048609932727059,-0.0576086912077374,-0.0170524700047768
2021-07-14,-0.00223547491355391,0.00192558444061675,0.00367259983643109,0.0275775425430922,0.071544831294351,0.00129213835212977
2021-07-15,-0.0314384062602845,0.0186914681546444,-0.0322494683568433,-0.0425902245312688,-0.0947888908161447,-0.0384236759357534
2021-07-16,-0.0412898880087709,-0.0396617355624311,-0.0113665308584867,-0.0162431363636033,-0.0759946765381545,-0.0103847303857468
2021-07-17,-0.00120458451755803,-0.00824441730238679,0.00354316921734643,0.00975993197686797,0.0132474594673537,-0.0142280052789486
2021-07-18,0.00967414177718198,0.00657596201838651,0.00832920311317586,-0.00172522225673699,0.00113106387159156,0.00938871122848028
2021-07-19,-0.0543188301083899,-0.0771607244787669,-0.0312725029887115,-0.0421601252446466,-0.0900747535629645,-0.0530313477459895
2021-07-20,-0.0595609548558493,-0.0559478078282982,-0.0333385557342112,-0.0165260239935119,-0.039975221749069,-0.0519395543418686
2021-07-21,0.100613061267803,0.099663638007037,0.0744341723569324,0.107798366448959,0.125222612919209,0.0740095525761186
2021-07-22,0.0153453147981863,0.00378650661513369,0.0062837888821683,0.0170474517108037,0.0397290788253226,0.0382216520137412
2021-07-23,0.0168415942774148,0.0190311564931811,0.0385039422719053,0.0479968494264567,0.028883417125237,0.0283315018650733
2021-07-24,0.0222895731533534,0.00927538657131954,0.0209482443566706,0.0298780722538963,0.00659741380245471,0.000989229546604187
2021-07-25,-0.00405854774183467,0.00120523916451987,0.0303786197976574,0.000983898619337786,-0.0187743451313707,-0.00570639497623782
2021-07-26,0.0241202347314523,0.00672942165366752,0.0546954286916126,0.0189815339230988,0.00488244848546504,0.0312710448288387
2021-07-27,0.0157303148732192,0.0295269532100404,0.0539428534880368,0.0286741158279629,-0.00856160673678774,0.0298962863107469
2021-07-28,0.00394859914518514,-0.000554837417670484,0.0148351265164539,-0.000778295169140186,-0.00894468308660956,0.118149004709442
2021-07-29,0.000451749431698678,0.0105393428207918,0.000312873700597294,0.0360964200642222,0.117425073291007,0.0306405006885399
2021-07-30,0.0191812026755672,0.0192605883233341,0.0541722306526182,0.0354847830522189,0.0349562061282347,0.0054688399296709
2021-07-31,0.010179892403675,0.0324198798489714,-0.0145325453751504,0.0276836239745126,0.128268271400759,-0.00577774104193246
2021-08-01,-0.0034961682466767,-0.000196638596966281,-0.040478043755714,0.0100596289431047,-0.0724258948760945,-0.0296742661766196
2021-08-02,-0.00583146839520265,-0.007165050237111,-0.0195252494648095,0.0186785087652401,-0.0305889203342549,0.0181530523854643
2021-08-03,0.0410944211193838,-0.0255588316676532,-0.027122491205132,-0.0421788287764802,0.0230308980050777,-0.0364943755348175
2021-08-04,0.00841708405694797,0.0370170600184734,0.0409431646384775,0.0850987880075857,0.0506755067770577,0.0246115750725017
2021-08-05,0.00693595173816786,0.00878457001170041,0.0278383573712464,0.0370034770420329,0.043539089358072,0.00363890169606412
2021-08-06,0.0112206064934503,0.0125385597052343,0.0465381406264154,0.0222498803409081,0.0544648019086682,0.0180613347846085
2021-08-07,0.0479757350582921,0.0389927374881012,0.0398188114587761,0.0881155588584095,-0.00108128030046339,0.0893456401362828
2021-08-08,-0.0295670555424408,-0.039203888972323,-0.0171515239020898,-0.046518439632921,-0.0448884191705092,-0.0470827703448817
2021-08-09,0.034290446838571,0.0370242702501935,0.0569627120900691,0.049875683014184,0.0286240575849619,0.0498621983715642
2021-08-10,0.12391276511855,0.0467468610389963,-0.016974141392609,-0.00829384028428315,0.0471582178496308,0.0391642363044303
2021-08-11,0.0723370659049496,0.0518706739397965,0.000188760572342517,0.00715327597733584,0.0268106440929392,0.173499162998036
2021-08-12,0.0142689571205067,-0.0152736070147128,-0.0258917535442009,-0.0389345052037431,-0.0155658733089954,-0.0485408712491609
2021-08-13,0.158006908802782,0.0630908372564587,0.0730094797189178,0.0876507144106267,0.088322724980006,0.122235618290952
2021-08-14,0.0256996761942152,-0.00465963880759279,-0.0146777437579733,-0.0172351817290739,-0.0175641816092584,0.161040889775508
2021-08-15,-0.0103348584905941,0.0135027491071256,-0.00106095848642518,0.0137049440384356,0.197502473092778,0.00603294865792314
2021-08-16,-0.0422491959995671,0.00691251851384234,-0.0224083069211662,-0.047633653797055,0.149831805492429,-0.0784274454093352
2021-08-17,-0.0763302237607939,-0.0379892766429712,-0.0288691990345864,-0.0459181018505443,0.0280845915888532,-0.0811157978381308
2021-08-18,0.0902479529722469,-0.00914183155073012,0.00236496665001162,0.00173784709091684,0.122013793691448,0.0426906344970389
2021-08-19,0.141120210773713,0.0789986184321716,0.0418858533323494,0.0524439876567424,0.00294966599058455,0.0729598389199257
2021-08-20,0.0121012337863584,0.0540751853062105,0.0545979069838527,0.0322250435310796,0.0788224446203492,0.0243435356726877
2021-08-21,-0.00910132644173023,-0.0133121588242577,-0.00882870123546731,-0.0186865987597997,-0.0651907024941654,-0.0377099088861485
2021-08-22,0.108196854379017,0.000296756439366774,0.00847347539726506,0.00495702925054431,-0.0129954417457885,0.00920478495144048
2021-08-23,0.0723657657169673,0.107247235106017,0.00454134668328088,0.0235150181709738,0.0391145837102886,0.0157966938884372
2021-08-24,-0.0696551141158455,-0.0582677237834988,-0.0378448943309504,-0.0452349148634479,-0.0688503657477488,-0.0922544088629164
2021-08-25,0.00624302146640909,0.06404359953516,0.0259601219504297,0.0164005356120267,0.0179592586783199,0.0304601948228162
2021-08-26,-0.0768740585502213,-0.0484517996625256,-0.0421022974523755,-0.0393995946786951,0.0457021214152471,-0.0865948631075462
2021-08-27,0.149434216313761,0.0318311578232571,0.0440994303022677,0.0534666216662867,0.156629410562393,0.100101202067548
2021-08-28,-0.0333981639752183,-0.0169307499092737,-0.00319036443857357,-0.00804225150453419,0.0933214253765682,-0.0368237328064507
2021-08-29,0.00297925407825494,-0.0122381922654462,-0.00148508475840714,-0.00537771133044451,-0.0233673277318012,-0.00408777084421902
2021-08-30,-0.0439587280522615,-0.0442567372584035,-0.0370246399472762,-0.000814839415923529,0.157142071889205,-0.0351439484979288
2021-08-31,0.0142819687028111,0.0106677663352217,0.00237107185873064,0.0629090044287572,-0.0188203383720218,0.0753147294355055
2021-09-01,0.0348388574691099,0.0537590533086103,0.0350056537880175,0.110476706050296,0.0232268997673142,0.0390525566195362
2021-09-02,0.0317708102596783,-0.0126238618721537,0.00979272478817172,-0.0114974202159424,0.143002341205158,0.0172089264373991
2021-09-03,0.00161877859916237,0.00963201429464888,0.0140441280061872,0.0387095419379744,0.134762348007241,0.0275639671539007
2021-09-04,-0.0467007554324195,0.0192037649471644,-0.00161548499673358,-0.0134859961819771,-0.0523051478788403,-0.0279978863545563
2021-09-05,0.0271681078984543,0.0130478642573975,0.035575435016673,0.0164048291616616,0.0210390287715887,0.0388284608106154
2021-09-06,-0.0274894110806509,-0.0173806766583864,0.016863140380222,-0.00602859801550615,0.145860352580264,0.0622967749712957
2021-09-07,-0.123660177571999,-0.172119146820147,-0.1172324952973,-0.13671849302853,0.0519656468636427,-0.211010373426399
2021-09-08,-0.0110507084596509,-0.00575443993164626,-0.0154947935729908,0.020487104285758,0.0983380764266144,-0.021906427053259
2021-09-09,0.017096395900864,0.0147228488627418,0.00648839053395278,-0.0202111085335162,-0.0150072289088943,-0.0103365446481035
2021-09-10,-0.053751305197973,-0.0477631656947315,-0.0330351866444651,-0.065044533542201,-0.0452750418098553,-0.0299407800771317
2021-09-11,0.098903601754822,0.0096775397661677,0.00704993941035603,0.0181350776663152,-0.00556047253833736,0.0211867580995409
2021-09-12,-0.0200260530743261,0.0271379082135654,0.0188865545282386,0.0418767197547254,-0.0245070473902151,0.0361296969319103
2021-09-13,-0.0727136585083589,-0.0432058700395226,-0.0241742960521183,-0.0372293254748541,-0.030647958533045,-0.0503313224478122
2021-09-14,-0.00209532801584422,0.0373160139309414,0.0462720067779099,0.0427957412522026,-0.0682974264141318,0.0295183648638299
2021-09-15,0.0432949688124791,0.0406526968566361,0.0227546013145083,0.0528519031849939,0.00644723802093594,0.0223452914465428
2021-09-16,-0.0327766708057832,-0.0158256384600906,-0.00819073943593907,-0.0122418053576556,-0.0426477221017603,-0.0269849383439534
2021-09-17,-0.0312775000604109,-0.0433528915770252,-0.0108540797092775,-0.0495826732946174,-0.032535568783997,-0.0240149262613096
2021-09-18,0.00999027467940627,0.010218508330337,0.0211601261540242,0.00980293690936307,0.136529261812052,0.00940568860589008
2021-09-19,-0.0376973651840398,-0.00570659635861137,-0.0213145947025648,-0.0303419929531135,-0.103714123523249,-0.0256498874794624
2021-09-20,-0.100542805226526,-0.12087246834107,-0.0981079383699566,-0.117957378194722,-0.14345400921579,-0.133774031517961
2021-09-21,-0.0380004248945029,-0.049355500325146,-0.0514882678633253,-0.0680142634171625,-0.0639386093223449,-0.0455316062140609
2021-09-22,0.131456396760315,0.096502831761943,0.0683996019967825,0.107402241202029,0.176818920153367,0.136081401969361
2021-09-23,0.0281755791314574,0.0114773726931459,0.0298563090232236,0.0249173434019436,0.0122907254385618,-0.00202976908829421
2021-09-24,-0.0215401330419313,-0.0771664112296859,-0.046862195289874,-0.0735825168405748,-0.07167482234009,-0.0576310188244376
2021-09-25,0.00884703840056134,-0.0154178199977322,-0.00287895273840988,-0.00208409530321507,-0.0233466149884762,-0.004855698039967
2021-09-26,-0.0412676941521528,-0.0164206164181406,0.0114506820444973,0.0456671078568931,-0.00352770873744834,0.0035831156900311
2021-09-27,-0.0334207862655991,-0.0234897831787029,-0.02277158282957,-0.0427409370326135,0.0075547183219502,-0.0225185084941223
2021-09-28,-0.0463627814647783,-0.00943975319201495,-0.028852332947741,-0.0441920583712614,-0.0387068280147531,-0.0330133059217457
2021-09-29,0.0129356161072448,0.0998142978650067,0.0128289248145723,0.0161993352963057,0.0285849465942505,0.0380499452352493
2021-09-30,0.0233323310694985,0.050518194711338,0.0521827601181641,0.050750481317289,0.041374687612028,0.025825123462058
2021-10-01,0.0657400741540412,0.0855865774773887,0.0942084189312791,0.097025704921256,0.136384291808815,0.0902630056831381
2021-10-02,-0.00295729847080872,0.0151934752240299,-0.00846211392114071,0.025132111907773,0.0448152129615753,-0.00379479447583948
2021-10-03,0.000627866992647608,0.00561490382222818,0.0101858351791364,0.00783090615772863,0.0204649923495026,0.0157561326422916
2021-10-04,-0.0286541107192803,-0.0111180714125352,0.0187637285934272,-0.0112584333553158,-0.034526712584884,-0.0115969019262977
2021-10-05,0.0198493549801099,0.039056484100267,0.0477476105346852,0.0401379624301619,-0.0158147873734817,0.0399384120123382
2021-10-06,-0.00943430951774449,-0.0166379343072505,0.0720141013773112,0.0174797387293157,-0.062920472593623,-0.00725511703767959
2021-10-07,0.0288893660384253,0.0076882645111036,-0.0284987943333466,0.00206816107065322,0.00112485667268114,-0.00897630571627155
2021-10-08,-0.0176422363974247,-0.0458421051617757,0.00300376074416775,-0.00677197118118578,0.0298078364298329,-0.00481947462026237
2021-10-09,0.01307316111943,0.00582268649974615,0.0183667929108164,0.00334969417578357,-0.0134488103696588,0.0873636987939868
2021-10-10,-0.0310973478533365,-0.0398789577568905,-0.00358383631687609,-0.0428152301519802,-0.0575945513211984,-0.0186859297973771
2021-10-11,-0.0109024622105978,0.0204934244595378,0.0483489627075731,0.0342875865381842,-0.0217864025274253,-0.000496456421637481
2021-10-12,-0.0252537514498954,0.0709745453049715,-0.0254357635060849,-0.0149992318497638,0.0529633720078504,-0.0321751434691495
2021-10-13,0.0324351273428483,0.0588003725368047,0.0239788148164823,0.0320162635148691,-0.0303172533089331,0.0237948643948311
2021-10-14,-0.00857464565605237,0.00269992261834595,-0.0013872457018973,0.0486587461948016,0.0106116504112714,0.00347149315107607
2021-10-15,0.0202004663354463,0.00355333425521565,0.0718874583745794,0.0200357394754,0.0822571864271593,0.00724553056050313
2021-10-16,-0.0168196720795164,-0.0171616981903897,-0.0114588846325887,-0.00838497436349961,-0.0315979739264787,-0.00479342914271977
2021-10-17,-0.00957394080729945,0.0106446878151178,0.0108038650675404,0.00435622736599406,0.0138994190632564,-0.0373629363780421
2021-10-18,-0.0133951122844426,0.0303150122785389,0.00764629234929082,-0.0258955990302852,-0.0158534864635138,-0.00884207988003818
2021-10-19,-0.00721539438206587,0.00624263200565789,0.0354134436604987,0.033804340335239,-0.00775266594996804,0.00757196000353602
2021-10-20,0.0339597772149486,0.0260262584956532,0.0265778345420369,0.0693216667235514,0.12021690787128,0.0449841743153941
2021-10-21,-0.0228389869425919,-0.0612432296408008,-0.0590276683907298,-0.0247675348703638,0.0785165782900599,-0.0475191958720307
2021-10-22,0.00820735892850866,0.0155519079362225,-0.0247022510827044,-0.0209717501004754,0.0316152956809725,-0.000864253947806135
2021-10-23,0.0058394597164857,0.0150607340560107,0.0114896048885758,0.049502986465356,0.00645629931386793,0.00561000887583796
2021-10-24,-0.0202232969510682,-0.0192690312804169,-0.00756649134488718,-0.0202827516483808,0.0232878534569618,-0.00937593162334267
2021-10-25,0.00966900069986831,0.0166697807894396,0.0340272733340043,0.0312997665092709,0.0375459497528237,0.00997969390263573
2021-10-26,-0.00246989222256577,-0.0137536831071996,-0.043377186101063,-0.0207876980180544,-0.0502508879576098,0.0117419131744482
2021-10-27,-0.111437619319821,-0.0626224521244927,-0.0316638438636829,-0.0498393111221507,-0.0836431654571115,-0.107198927735473
2021-10-28,0.038442715328689,0.0914695928729454,0.0359344915880246,0.0869566596858409,0.0585918016234217,0.0617134761072014
2021-10-29,0.0119829177211087,0.0736535045069049,0.0261443755051545,0.0292888727711631,0.0269289289987951,0.0211966822154502
2021-10-30,-0.0275938817293176,-0.00321675555949774,-0.0054647503804901,-0.0203879246818364,-0.0240997881138876,0.0022590546816753
2021-10-31,0.00387717690710232,-0.0067600964791259,-0.00925069864935857,-0.00872477631740765,0.0352188545033698,0.0266701774633723
2021-11-01,-0.00767511231878071,0.0500122261669631,-0.00514295006501975,0.0084881509552126,0.00553776316878718,-0.0184764698646291
2021-11-02,0.0109019158561832,0.00577319351865935,0.035775877348474,0.0584203456042633,0.0788284636921821,0.0388813221078002
2021-11-03,0.0457686402852012,0.0251675474131998,-0.004062805617151,0.00487273317822279,0.0979289586430285,0.0619389872018812
2021-11-04,-0.0389414662256605,-0.0156723327126906,-0.0243990342546088,-0.0152815026624076,0.0183120573268054,-0.00563550927256024
2021-11-05,0.000666848788461016,0.0837726461207584,-0.00532812918796743,-0.0113218194457634,-0.0451173503542339,-0.0342486510399171
2021-11-06,0.0102199004053917,0.0441374970870188,0.00655190844094733,0.00784608381626128,0.0907347818809727,-0.00784708471960713
2021-11-07,0.00757762223828595,0.0222929248202446,0.0288276815397843,0.0216530365745466,-0.0358198488413102,0.0549338593481339
2021-11-08,0.0494745044491431,0.00591824768414817,0.0648055609615579,0.0406162012443687,-0.00544385608294196,0.0518879332946736
2021-11-09,0.0678146925362947,-0.0296637591326681,-0.00884509918220111,-0.0161346946685121,-0.0379558259213653,-0.0184532623153956
2021-11-10,-0.0785179088191467,-0.0318508094834655,-0.0299581654204442,-0.0211067413161121,-0.0229764582062808,-0.053478406351931
2021-11-11,-0.00777494264290024,0.0234745843516171,-0.000696748107282374,0.0201169163952954,0.00197097257135148,0.0207252535097397
2021-11-12,-0.0192478342339686,-0.00517267648870323,-0.0123004375187143,-0.0134652837916871,-0.0248040872734672,-0.0240978188595506
2021-11-13,0.00358040941919691,0.0367563140155465,0.00487596370827603,-0.00335991259073332,0.0566690787578166,0.00216943302291592
2021-11-14,-0.00598488796729335,0.00125126986986412,0.0153510846380698,-0.00541110423451663,-0.0141574534422242,-0.00280700005910478
2021-11-15,-0.0124573557645533,-0.0278365461764052,-0.0295929058467159,-0.0149950564803056,-0.00366368461264965,-0.0145987463242683
2021-11-16,-0.0711105346437372,-0.0707249859451364,-0.0549224542515834,-0.0778016466427829,-0.0802307086754617,-0.071140598214941
2021-11-17,-0.000903351237627192,-0.0200879181487084,0.0034309649222326,0.0167522401110087,-0.00239197897349097,0.00489836993858304
2021-11-18,-0.0476138271568811,-0.0826443387584934,-0.0584237504033087,-0.0692686105331806,-0.112274625899167,-0.0508347796032007
2021-11-19,0.0418672239704043,0.0885739514384429,0.0204669730463056,0.07176407302331,0.0964435855842822,0.0464477843203979
2021-11-20,0.0300789208055328,0.0376453305049793,0.0267824596180404,0.0256379369911102,0.0126255531472301,0.00562226521190096
2021-11-21,-0.0435921616123969,-0.031194593593364,-0.0163262556388535,-0.0323078026539694,0.0590753153590784,-0.0347357498566749
2021-11-22,-0.0349607204274466,-0.0457380489715495,-0.0424545144774484,-0.0433834509222422,-0.0695790960582343,-0.0224647395275856
2021-11-23,-0.0147729199661824,0.0561828589039211,0.0224812481032117,0.0598824698472242,0.0278810777066703,0.0289370088343696
2021-11-24,-0.0372934585858367,-0.0171285763408022,-0.0226387199646378,-0.0234914007657192,-0.0316693937161325,-0.0236904502292818
2021-11-25,-0.02101956842982,0.0376965035072949,0.0175118381607806,0.00816512887331378,-0.0411695024826173,-0.00982381222712416
2021-11-26,-0.0773556127807189,-0.0312637733286092,-0.0668738010212824,-0.0587321291549898,-0.074154364966823,-0.0971560955136596
2021-11-27,0.0115127834291114,0.0256271408904372,0.0229804696074218,0.0162416530528464,0.00827020220354058,0.0114765743976194
2021-11-28,0.0297807020568779,0.0182063234795562,0.0434353862778885,0.0470907868410997,0.0384755484018928,0.0225417268613765
2021-11-29,0.00604188119530624,0.0209499925315688,0.00970168421822493,0.0344791535992197,0.017989380309225,0.0236761677324167
2021-11-30,-0.0301566862845964,-0.00263067379715221,-0.0139559224210757,0.041072770036644,0.0210745094894174,0.00682473225010359
2021-12-01,-0.00463479966241748,0.00847841508810276,0.00392878073484226,-0.00965216974274874,0.0964472576538267,-0.00786460950159399
2021-12-02,0.102848088215717,-0.0136303529869792,-0.0132273021087421,-0.0166382284365039,0.0180853211652634,-0.0189672036848761
2021-12-03,-0.0971514053742196,-0.0409150913937282,-0.0523315856653426,-0.0665834326074002,-0.102370324488996,-0.0528668694034113
2021-12-04,-0.0913211121090587,-0.043933205196117,-0.0856084308551637,-0.0242494123058421,-0.0489952845774084,-0.0850749460401051
2021-12-05,-0.030444555613673,-0.0200460822759156,0.00341169647244755,0.0189320879377259,-0.0249530172241288,-0.0501537870906635
2021-12-06,0.0337381556204284,0.0548908602801035,0.0242885268514286,0.0374973051774123,-0.0100882206143407,0.0277798316813538
2021-12-07,-0.0309585505112231,-0.0163677319234665,0.00231946773686609,-0.0100708239269611,-0.0187237613143791,-0.0117800153000223
2021-12-08,0.010891033797385,0.0470116055045899,-0.00385928622138643,0.0283981686841628,0.0208969237807084,0.0531894354350978
2021-12-09,-0.079396821095193,-0.0609797334306359,-0.0577215558084756,-0.0747012688981492,-0.0715772510092805,-0.00236002265368643
2021-12-10,-0.0629679668490085,-0.0332270753219159,-0.0090358194216158,-0.0526558130051615,-0.0757853464648877,-0.0724283318981367
2021-12-11,0.111231103104684,0.0203278456135454,0.0438802407167245,0.044034996848163,0.023505692789576,0.0466016569249736
2021-12-12,-0.00515708507292384,0.0114549725954367,0.0147966078381643,0.0121673984885362,0.00858290483307211,0.00239314276525851
2021-12-13,-0.094864386438995,-0.0913085864810537,-0.0694413703081747,-0.0885134768667406,-0.11098495170273,-0.0719794782201684
2021-12-14,-0.00205299356851796,-0.018953945314097,-0.00267482762042626,-0.0103023729461214,-0.0121316362387365,0.0169145867271597
2021-12-15,0.0702641578965581,0.056650788970491,0.0478387780999814,0.0703417796089134,0.15102916167999,0.0384138316756862
2021-12-16,-0.0558941560368497,-0.0276993696233729,-0.0255040641984596,-0.0140134951961794,-0.00780269303519177,-0.0259566757614337
2021-12-17,-0.0167795393900771,-0.0010270844951954,-0.0311800932560402,-0.0211646810464252,-0.00823575347509475,-0.00864396919870622
2021-12-18,0.0183905253970854,0.0154496781947415,0.0138986956563087,0.020758382382482,0.0409269883717833,0.0345377557407756
2021-12-19,0.00171030630879235,-0.00736810617317474,-0.00303053018413557,-0.0097084058109882,-0.0150833698060007,0.00920838563541937
2021-12-20,-0.00517216299505044,-0.0129321849712944,0.00370268037899102,0.00286439280337802,-0.0363342254641967,0.0522551623549652
2021-12-21,0.0338399221118112,0.0105498894082974,0.0429287928874675,0.0217293920670709,0.0363036393084775,0.0742546310426499
2021-12-22,0.0361739504848988,0.00928878010048084,-0.00631583440648953,-0.00953735934551858,-0.00833830001969282,0.00741504860720608
2021-12-23,0.104743606911275,0.0278681718988292,0.0433819393295867,0.0311308753731332,0.0620826351385846,0.0396215458031847
2021-12-24,-0.0574433185146922,-0.0125136735375193,0.000741215667556361,-0.0147213854362125,0.00124570890950437,-0.0853260771277094
2021-12-25,0.0429658382458325,0.0099597840354555,-0.00774972719899303,0.0111281402074273,0.0148556525671371,0.0139064795760195
2021-12-26,0.00175285888186749,-0.000605375815803555,0.00750020492983516,-0.00636054685138632,0.0249541780048181,-0.00394256712124853
2021-12-27,0.0383130464500077,0.028202968864405,-0.00333362096669276,-0.00734882374177026,-0.0130710067236617,0.00541744989986093
2021-12-28,-0.0759488514197066,-0.0505103892134029,-0.0621514265119778,-0.0604014231957901,-0.0966481954041303,-0.0823602755443464
2021-12-29,-0.0522972845284789,-0.0399074231920746,-0.0243360119563416,-0.0464079699549806,-0.0388925388689154,-0.0434236833004293
2021-12-30,0.0219989988527936,0.00950512633807765,0.0156677387131339,0.0232415399504067,0.0121933634740525,0.0276950144853236
2021-12-31,-0.0376030930592832,-0.0139751739794152,-0.0186491727568665,-0.00844169203451983,-0.014296212259147,-0.0101580613513527
2022-01-01,0.0497024135365558,0.0301148651818011,0.0293737331477697,0.0233666980201228,0.0471329846534232,0.0217890520968116
2022-01-02,0.00044211872178529,0.00763913541364314,-0.00718905440002082,0.0157565718419139,-0.0120322476223524,0.011291299989518
2022-01-03,-0.0414600803092703,-0.0369185740271591,-0.0189146366957633,-0.0179651944168331,-0.0351085322574605,-0.0310106541085167
2022-01-04,-0.00757914109349661,-0.00908145059624665,-0.0121389346638612,0.00864979039962499,-0.0139480993257832,-0.00990866926471107
2022-01-05,-0.0594100531300616,-0.0660740547301142,-0.0520662884548138,-0.0663791992231015,-0.0795319067669009,-0.0629526744233894
2022-01-06,0.0348078437381309,-0.00375679111239791,-0.00941029730358878,-0.0378815961359962,-0.0305615000374653,0.00898383698208458
2022-01-07,-0.0547917257994647,-0.0553569076158364,-0.0378479886503751,-0.0681481839233022,-0.0978944426291006,-0.0236631160294317
2022-01-08,-0.0200376735773762,-0.0399634861294125,0.00422704833259679,-0.0322175338188071,0.0438240431018873,-0.0203692144619227
2022-01-09,-0.0115629713588467,0.0196932269984424,0.00424793520611288,0.0210509252603739,-0.0118190130472264,0.00907610425105848
2022-01-10,-0.0398051766171731,-0.0321173872663305,-0.00215781176620133,-0.0239253092494511,-0.0352939129142875,-0.0203107425841042
2022-01-11,0.0493433264984543,0.0869125515613636,0.0216334106374383,0.0490554085052697,0.0306312846885959,0.0413586103618253
2022-01-12,0.0960111049839181,0.0494334612423888,0.0279939072519131,0.0405923270449193,0.078970587577647,0.036936786261804
2022-01-13,-0.0562659101793673,-0.0249032561207638,-0.0313758279520702,-0.0374543737660087,-0.03824999702036,-0.0398297911725506
2022-01-14,0.0457790052570187,0.0307587125251185,0.0118596646958213,0.018820366844837,0.00101986723409464,0.0077387799271379
2022-01-15,0.00412571910892628,0.0103988496461511,0.00180115562221062,0.00618304725512253,0.011172722926041,0.00916106197586491
2022-01-16,0.0821526626229075,0.00692532363689935,-0.00147221236440132,0.00610381535228299,0.000374376372765717,-0.00316455017410311
2022-01-17,0.124690599462757,-0.046650829810388,-0.0202275716990492,-0.0422467678378471,-0.0551285710936504,-0.0210322185928134
2022-01-18,-0.0841042946369019,-0.00781843189550546,0.00295610925661194,-0.0151437291477325,0.0118019181840809,-0.0133447334961818
2022-01-19,-0.0882444679075744,-0.0196470091859355,-0.0150099104428705,-0.0217902683068747,-0.041788534750089,-0.0172641204031978
2022-01-20,-0.0644131381588866,-0.0505556366354636,-0.0258167430956036,-0.0310691378769921,-0.0653249754236436,-0.0278641966426485
2022-01-21,-0.113355755801983,-0.138559116188866,-0.109604682915441,-0.159786612337045,-0.127606430568428,-0.123660209614796
2022-01-22,-0.0516263706414381,-0.0674264002278546,-0.0399301888396462,-0.0615737550998414,-0.173005249233329,-0.0644754561760466
2022-01-23,0.0508586462820581,0.069669002362315,0.0349665737811815,0.0525838222537143,0.055752995922659,0.0534321464703563
2022-01-24,-0.0509691766463036,-0.0332744954421642,0.010352967106698,-0.0380666341470723,-0.082964768901479,-0.0267838839482945
2022-01-25,-0.0218228614131787,0.0350580918593195,0.00814248682695151,0.00636515594707632,0.03295015009396,0.00882174359159793
2022-01-26,0.0334268746200373,-0.023315588437625,-0.00276082444956494,0.00491280435798824,-0.0265562109752642,0.00727470922795614
2022-01-27,-0.0334661711167982,0.0374345248248895,0.00773383789078608,-0.018413426720139,-0.0286547892909628,-0.0216152626314828
2022-01-28,0.00675511199677552,-0.010317141864026,0.0172475050904151,0.0499453867419799,0.0185741453317529,0.00612797256102704
2022-01-29,0.00849597056000607,0.0078646777620941,0.00932135173920834,0.0194372207971396,0.0523814501214481,0.00719517201830933
2022-01-30,-0.0210752095082309,-0.0300509905816391,-0.00580044645715461,0.00245429332783775,-0.0308782847834665,-0.0225463687385817
2022-01-31,0.0141931410525657,-0.00620438202336082,0.0148044080663929,0.0320572942177222,0.0667599521491136,0.0261286767679688
2022-02-01,0.0339334595471985,0.0267820459075656,0.00673731850263337,0.0378990159024131,0.0977341141575554,0.0161556198003396
2022-02-02,-0.0564184240078497,-0.0478010469256329,-0.0473107399591228,-0.0399190018984639,-0.0769098713348955,-0.0451033701959345
2022-02-03,0.0264125077960218,0.00922623065618033,0.00544121583199164,-0.00137687258636898,-0.00372424618150013,0.010256785321358
2022-02-04,0.0722737268544425,0.0731631204765311,0.110626883457448,0.107621956998774,0.10039829736224,0.0763182257002219
2022-02-05,-0.00731704414412944,0.0373133736914903,-0.00143982348373406,0.0103568987844014,0.0152174003694991,0.0170071899661002
2022-02-06,0.0151436325330181,0.0128231536007473,0.0231668765175783,0.0141066253546818,0.0122644902072127,0.0244612164310623
2022-02-07,0.0450659474036676,0.0320949675232614,0.0331115827095374,0.027419575373834,0.0176694564886892,0.191352850262107
2022-02-08,-0.0156457586284687,-0.0580979020185541,0.00632480896533849,-0.00634058277436189,-0.0325610595437773,0.0590729778272047
2022-02-09,0.013558102664058,0.0329386971864398,0.00498211368199719,0.0367369769410324,0.003724688964728,-0.00865387122286562
2022-02-10,-0.0360728152952646,-0.0175421093062491,-0.0176033937813891,-0.0512939449038985,-0.0710179054157152,-0.0477758805169704
2022-02-11,-0.0646321570272974,-0.0360458109728512,-0.0269211260551714,-0.0500027519128921,-0.0970322818709324,-0.0878219728361669
2022-02-12,-0.0207137802066151,0.00738321691424115,-0.00386212183286716,-0.00342898089751298,-0.0048224351692232,0.0786208748734731
2022-02-13,-0.0117680991894795,-0.0112255746744214,-0.00111208020954301,-0.0116879213293837,-0.0282749874359052,-0.0148654295793451
2022-02-14,0.0042440468897661,0.011897297513662,0.00918576831463191,0.0171969582361697,0.0336304886161658,-0.0099908013602801
2022-02-15,0.0531384963532804,0.068797894989908,0.0456306044872399,0.0806534868287532,0.0839017137743339,0.0605968901212605
2022-02-16,-0.0206204531931831,-0.0104409371937066,-0.0138552950498987,-0.0165030804768911,-0.028438266187174,-0.015723707089447
2022-02-17,-0.0618628035554095,-0.0613609002942841,-0.081082330719104,-0.0820347762747407,-0.0873118112414364,-0.0895412793827507
2022-02-18,-0.0225908252192289,-0.00718404664514871,-0.0125865264237603,-0.0337956479674704,-0.0364661957204699,0.0241044922080648
2022-02-19,0.000591559717078083,0.00118656387163885,0.00227513819189262,-0.00793828842689326,0.015765625632155,0.045565718142157
2022-02-20,-0.0671555179085545,-0.0492311007904034,-0.0430544217465254,-0.0501009736828752,-0.00652682197446097,-0.0552756236761367
2022-02-21,-0.0834209975267798,-0.065555922690141,-0.0359238109483542,-0.0210801264740814,-0.0894521659959544,-0.101087363576585
2022-02-22,0.0352372048367467,0.0482910920901256,0.0321345343415071,0.0251237859470592,0.0394207862672387,0.0271586396980196
2022-02-23,-0.0225787629750858,-0.0209712937307946,-0.0261836346154212,-0.0187167563166124,-0.0182372546333491,-0.0338908461794266
2022-02-24,-0.0182798837915661,-0.0145785175781112,0.0273995799515507,0.00297104519756264,0.0493152472282041,-0.0035469255758272
2022-02-25,0.0509424424897384,0.0371714473770837,0.0227384505953054,0.062104920016278,0.0374542788136081,0.0992244349228438
2022-02-26,-0.0113207465311145,-0.00340973613469853,-0.0027852723260775,0.00597810133367194,-0.0268950754836261,-0.0235951651688278
2022-02-27,-0.0338849039346319,-0.0357114118661546,-0.036334517924427,-0.058989006467832,-0.0526421962789554,-0.0393556002697266
2022-02-28,0.111759634355987,0.0928569660820537,0.135764257303322,0.10744823233553,0.151622956565215,0.0798969161646619
2022-03-01,0.00261994971427322,0.0320135719433408,0.0265333803325252,0.0180883318743961,-0.0087478349037724,0.00359688644781769
2022-03-02,-0.0249186223309217,0.00126731856376505,-0.00975371593540686,-0.00755303153130882,0.0200312419819033,-0.0210725550548118
2022-03-03,-0.0391105982399208,-0.0158948761283098,-0.0340944786524133,-0.0399906919380513,-0.0521088960982548,-0.0214530408539529
2022-03-04,-0.0685095611562091,-0.0728144843558063,-0.0812852755652358,-0.0797663817311358,-0.0794084981433603,-0.0539610074088827
2022-03-05,0.0266707853645405,0.027907782748267,0.00669690622863328,0.01805242724385,0.0157609983767255,0.057563982116132
2022-03-06,-0.0496365782660804,-0.0259584323968545,-0.0252029370523577,-0.0420738181747282,-0.0586385169322119,-0.0390435240566636
2022-03-07,-0.0325393765975321,0.016747628034957,-0.00936031527073489,-0.0226680129781203,-0.0289464556259658,-0.00373565614627158
2022-03-08,0.00484286425580294,0.00160859343402109,0.0175847382159606,0.0311291371173406,0.001517108977378,-0.00319883343557797
2022-03-09,0.0582312466402533,0.029910635815682,0.0804608330138592,0.0576943152453788,0.0698091005944246,0.0621871907600565
2022-03-10,-0.0519284833923353,-0.0559014942178964,-0.0625468568005303,-0.04562000998542,-0.0615239241648906,-0.0395757769718372
2022-03-11,-0.0202845711947801,6.72389246076932e-05,-0.0164254822906464,-0.0187657365026421,-0.0268104655549184,0.084083216284737
2022-03-12,0.000694533341876247,0.00146681487293243,0.00280670680466777,0.00591751776454164,0.00996716258777308,-0.0195985453807892
2022-03-13,0.000405939076577905,-0.0296260367715213,-0.0274752699749854,-0.0219140576156587,-0.0326248166011442,-0.032608860157948
2022-03-14,0.0162043696198638,0.0315981152101443,0.0468912994095341,0.0280865864540392,0.0279485400134467,0.017324584202176
2022-03-15,-0.00487682539985429,-0.00493175906955301,-0.0083024718981779,0.0113048547736714,0.0217124596316323,-0.0102152173306047
2022-03-16,0.0468451307819699,0.036718788382994,0.0448654676741995,0.0563577243634574,0.0579417236002984,0.0342975559900714
2022-03-17,-0.00189834506225839,0.0162002250453446,-0.00469091687779333,0.0153214081347057,-0.000304688851239021,-4.40920270529388e-05
2022-03-18,0.019701075207214,0.0147462827790772,0.020538517974936,0.0453147147891757,0.0218939826439781,0.00598456363875927
2022-03-19,0.0543481045159964,0.00553742091910969,0.0092746874320131,0.000310293466013079,0.0284930647726256,0.0260975605575252
2022-03-20,-0.0270032642578685,-0.0229833610196,-0.0226003228859675,-0.0295533969936326,-0.0420238383348863,-0.0163055827530764
2022-03-21,0.0442578414291711,0.0144294337404522,-0.00412576188746527,0.0130305750387372,0.00160500635977101,0.0389656129616331
2022-03-22,0.0630435815160301,0.0196497140583221,0.030703791309973,0.0256028847063661,0.0195885789994561,-0.00125951707986111
2022-03-23,0.125930892418861,0.0105664650432704,0.0125312460906315,0.0192991073993776,0.0494640372663682,0.000943292629278558
2022-03-24,0.020138403303678,0.0134120533263191,0.0245937259657865,0.0250846360994075,0.0722062966419079,0.00604574873170027
2022-03-25,-0.0288390062552553,-0.0080390131308814,0.0087827164076657,-0.000447525238511659,-0.0355031114118285,-0.0213916616234089
2022-03-26,0.0468899995908597,0.0123588153053946,0.00342371548557097,0.0116828345002915,0.0309978281815795,0.00922259442122855
2022-03-27,0.0270547781820442,0.0344624561840723,0.0508131757923831,0.0461322808219151,0.0509574302299347,0.0290781778957403
2022-03-28,-0.0101720902403657,-0.000261115127552891,0.00654641276337031,0.0135956960113361,-0.00579694122454999,0.00692881763577452
2022-03-29,0.0177263441241079,0.00951521473100936,0.00714059973918957,0.019397235082776,0.0480903248228959,-0.00616283389093827
2022-03-30,-0.000610588610253537,0.0186490974393934,-0.00852799523473102,-0.00495933610197774,0.0773948482326761,0.00327434785966613
2022-03-31,-0.0416261861645715,-0.0315967605304595,-0.0329180095425823,-0.0310564122184864,0.0161243423234909,-0.0552254365124811
2022-04-01,0.0204351938050311,0.0404115742251916,0.016183454010017,0.0499002814255274,0.0916223903189186,0.0160461237923944
2022-04-02,-0.00811390830676362,-0.0218418973337311,-0.00895703554066962,-0.00130331361259728,-0.0167432373439791,-0.00341392988419673
2022-04-03,0.0255646660760279,0.0301915421745074,0.0126648412430477,0.0223245110091188,0.0340322866017013,0.0216224462391723
2022-04-04,0.0225147377820873,-0.00629031245240697,0.00363378574613193,-0.000452092077269484,-0.0324166317588155,-0.0187994519079775
2022-04-05,-0.0353631068603841,-0.00527016324763974,-0.0231448606058962,-0.0315757369148262,-0.042821275950562,-0.0116836207113452
2022-04-06,-0.106262457855429,-0.0578589565568279,-0.0529457051005746,-0.0729726411008258,-0.116746449885027,-0.0713787008628092
2022-04-07,0.0364881217525957,0.0388649282511961,0.0068529242315325,0.0192302835457934,0.0510567913462134,0.0344522194102126
2022-04-08,-0.0619284533434749,-0.0352278587716333,-0.0283539722589374,-0.0128245954071158,-0.0787435358708208,-0.0440314689948063
2022-04-09,0.0180458401382914,0.0129021680181465,0.0116252352899338,0.0216439781082283,0.0284784773863054,0.0125578053178816
2022-04-10,-0.0136135794655605,-0.0202488540006325,-0.0135186465773174,-0.0154624620606914,-0.010950451271305,-0.00917115571983351
2022-04-11,-0.113310266685023,-0.0603221141474863,-0.0657469945548499,-0.0745760294622588,-0.117657286588933,-0.0849083158397405
2022-04-12,0.0370005122552277,0.0489900134971784,0.0151989918017605,0.0164105167191817,0.0391599347158813,0.0305924135865281
2022-04-13,0.0202624446580115,0.0221184174960634,0.0255764174954916,0.028615310469096,0.0162796567226628,0.0100468524623834
2022-04-14,-0.0443508000951686,-0.0202119376811503,-0.0303643733545407,-0.0320753292684088,-0.041755605934549,0.00409324404871431
2022-04-15,0.023640133560015,0.00632247146018017,0.0153551792271287,0.006932112702696,0.00595964246875003,0.0778657582131499
2022-04-16,-0.00217786633265806,0.000442570814989551,-0.00318557283970478,0.00701068045827036,0.0093094331993786,-0.00489183764804157
2022-04-17,-0.0376215692067552,-0.0244921328169525,-0.017657522881942,-0.0227586576646868,-0.0182335471873243,-0.0373816742385381
2022-04-18,0.0207796105908541,0.0232696694924863,0.0275462683643859,0.0212215079898073,0.0172670330040683,0.0195421651939804
2022-04-19,0.0175691706268631,0.0129116104357889,0.0164352943392352,0.0150934123683975,0.0609801016412348,0.00913242782626
2022-04-20,-0.0169171701104088,-0.00959352731855567,-0.00309786784621124,-0.00852843265145609,-0.0288234035933357,-0.0299712725497674
2022-04-21,-0.0290817709697392,-0.0323885187882169,-0.0206844397083188,-0.0297670007295459,-0.0359068532559599,-0.0255844790942442
2022-04-22,-0.00365309332668887,0.00484247923967462,-0.0196110852519205,-0.00760884577952226,-0.0115036180558281,-0.019257403122593
2022-04-23,-0.0207742112930444,-0.0131953156032347,-0.00640161932757799,-0.009053731962819,0.00131493424687967,-0.0161037638301341
2022-04-24,-0.00242616154180604,-0.00636171655541506,-0.000441701583344667,-0.00524886038164052,-0.0150882185482777,-0.012750098930254
2022-04-25,0.0138318227747276,0.0130560486227642,0.0247490500760961,0.0292195584369788,0.0200705700794623,-0.00619166559382062
2022-04-26,-0.0823593791550162,-0.0477842776694821,-0.0595995569885481,-0.0691598547106729,-0.0554930018386033,-0.0789662337365286
2022-04-27,0.0155256596073778,0.0153498876884015,0.0290527349945204,0.0283073562787743,0.0267496812031647,0.0164128028274521
2022-04-28,0.00398323715321411,0.0382734201092401,0.0134839067215253,0.0164824523764588,-0.00196513702463275,-0.0122699639919398
2022-04-29,-0.0471975499255894,-0.0341527857653521,-0.029702353660829,-0.0421925111526544,-0.0434454234040009,-0.052499381316637
2022-04-30,-0.0619816790797914,-0.0396879981630995,-0.0234521785579194,-0.0308060045164158,-0.0996362335839844,-0.0405829467589672
2022-05-01,0.0435543027192763,0.0325897296185467,0.0198005802004015,0.0351134809733127,0.0523738589088314,0.0347383797909536
2022-05-02,-0.0112160242952952,-0.00156760352208263,0.00156456160581797,0.0104322593890362,-0.0235888225409084,0.010514710512817
2022-05-03,-0.0133758638833105,-0.0160253915194053,-0.020422241840901,-0.0262151395106196,-0.0200514826977498,-0.0154541640090658
2022-05-04,0.151114816320498,0.0484251785113781,0.0503126775329914,0.0549282479219126,0.0776197007030852,0.066554178188035
2022-05-05,-0.125501110021921,-0.0607629736690543,-0.0819413647290759,-0.0673141307405496,-0.0922452236395941,-0.0764617021516671
2022-05-06,-0.0098990390791934,0.00140004145941308,-0.0147137801076376,-0.019924052577192,-0.0340489081358895,0.00613255215934883
2022-05-07,-0.027799375188068,-0.0365688807080078,-0.0150672990569394,-0.0220927819304482,-0.0346003807225417,-0.0341373882815615
2022-05-08,-0.0297322420257601,-0.0285295023231402,-0.0414855987869966,-0.0460474622253635,-0.0488183702737555,-0.0275416921304663
2022-05-09,-0.192456261460831,-0.171630468302887,-0.117054963258152,-0.114353214575673,-0.173013799758754,-0.139137276003277
2022-05-10,0.0304692273864845,0.0646056379156867,0.0236786923864827,0.0427529997561891,0.0537904331981194,0.0411078537759065
2022-05-11,-0.204186558095675,-0.167931492306759,-0.0696270636865197,-0.123083469670348,-0.284965102911531,-0.217137735200135
2022-05-12,-0.0792145464836395,-0.00205985369830497,0.00384231564051163,-0.0547545283887683,-0.116624815386408,-0.0705793066283011
2022-05-13,0.110084611517472,0.0756691709503601,0.00806958299328464,0.0265181973041102,0.0838845210364361,0.0945792214295557
2022-05-14,0.019623651905852,0.0231429786119142,0.0275565403508562,0.0205651454874687,0.0757444167604042,0.0102375333101898
2022-05-15,0.102374747554537,0.0479915830169801,0.0392142296088771,0.0425734314830502,0.115098080496859,0.0447931944421519
2022-05-16,-0.0706990474453885,-0.0469076944795797,-0.0471639388259302,-0.0590229196419676,-0.0919178255782849,-0.057201159080367
2022-05-17,0.037651829128632,0.0273453778491684,0.0186753109718669,0.0329137436259179,0.0628372893677267,0.0351707134934207
2022-05-18,-0.133931607265128,-0.062455713019034,-0.0576896230339532,-0.0867777589145824,-0.138117514247581,-0.0745958842024973
2022-05-19,0.0533480352779422,0.065158670963366,0.0540174725108962,0.0516914318988659,0.0482149467423381,0.0334356456545482
2022-05-20,-0.0293278026938431,-0.0145527867510982,-0.0374266099996028,-0.0286579893494734,-0.0525998990891337,-0.0212710294403516
2022-05-21,0.0198950586276828,0.0328799831709023,0.0078961561565265,0.00670896500831031,0.0156121685206454,0.00856373134635491
2022-05-22,0.0267147369510723,0.0226026293324306,0.0298401165357856,0.0341781293795833,0.0472994707057697,0.0183133039160768
2022-05-23,-0.0568999398403233,-0.00895224685265195,-0.0412296103366661,-0.0353621190107063,-0.0726821348807234,-0.0427291388281227
2022-05-24,0.0166743433725418,0.0354445163342891,0.0189497817670681,0.00344248372300626,0.0120857314230127,0.0099388055829116
2022-05-25,-0.0141960460661557,-0.00750711041546559,-0.00314852813015953,-0.017409489280916,-0.0342307575314957,-0.00718978108445123
2022-05-26,-0.0663598857278253,-0.065890058770723,-0.0100336995448718,-0.075215102730863,-0.0982759421342454,-0.0315813627163417
2022-05-27,-0.0542128952683414,-0.0131761118239373,-0.0220978890225645,-0.0447760515410707,-0.0594418795235421,-0.0293792191438704
2022-05-28,0.0201186409375055,0.0224829594208025,0.00652224115391675,0.0189613514961113,0.0788415355886953,0.0118109530227211
2022-05-29,0.0345994640299341,-0.00599673039388193,0.0216639901789595,0.0303046416283985,0.0126933782993572,0.00694666013040302
2022-05-30,0.169635226062606,0.0502802383710383,0.0745922281639189,0.0969179188362972,0.0493063710460704,0.0722795535009814
2022-05-31,0.0923934900409666,-0.00394804848607233,0.00207560747700697,-0.0274789825530526,-0.0303765853505245,0.00879009565525601
2022-06-01,-0.123252123610888,-0.0643745477465956,-0.0647469306708341,-0.0630915010685857,-0.127983145467238,-0.0580245836205489
2022-06-02,0.0614724760233758,0.0249689095154988,0.0221826339109832,0.0057856843673072,0.0153199060158928,0.017966893313119
2022-06-03,-0.0490524135533628,-0.0320023791757649,-0.0253652897101908,-0.0327367273386017,-0.0665338706753911,-0.0365235369185378
2022-06-04,0.0113901244449836,0.0107770691872231,0.00431741536890407,0.014835719294588,0.0174177262615349,0.00394091812191422
2022-06-05,0.00180198586963687,-0.00897962886212067,0.00246898585708699,0.00199370398564191,-0.0116498138199512,0.00779748319149576
2022-06-06,0.0718386875197099,-0.0119083123657884,0.0477921711289664,0.0295203840683671,0.097776983589748,0.0191165391240116
2022-06-07,0.00998894781847742,-0.0172603926561097,-0.0068833346588697,-0.0246335189249534,-0.0732104981058024,0.0115726703454696
2022-06-08,0.0416412954006403,-0.0059591337085747,-0.0306729469834313,-0.0113516892921597,-0.0151816100830797,-0.0174532818307999
2022-06-09,-0.0136428335717738,0.00450641325792933,-0.00339345954579606,-0.002090874000233,0.0286570179394414,-0.000809044193294306
2022-06-10,-0.0973384277505545,-0.0134487501572522,-0.0347422192377991,-0.0722679459757263,-0.0748532642207054,-0.0475448895522131
2022-06-11,-0.0380509950820929,-0.0596349059702534,-0.025173197410302,-0.0848027449824613,-0.0922557391816548,-0.0613372690302038
2022-06-12,-0.106644320701566,-0.0515345911777514,-0.058001081518821,-0.0567885714722562,-0.0954142456394478,-0.0384283040971718
2022-06-13,-0.0702960450355596,-0.140032466075083,-0.17405255177667,-0.182125921051406,-0.0866200527173993,-0.105807629816364
2022-06-14,0.0448678178598272,0.00321035036163764,-0.0125564169410559,0.00586041284247418,0.0525880520339177,0.0358394161829287
2022-06-15,0.0961944931004027,0.0445761947289149,0.016349175083862,0.017623958102007,0.14897061196009,0.0647824069494025
2022-06-16,-0.115715502739121,-0.107830989142544,-0.102112401330103,-0.14408205645625,-0.139754349055299,-0.0965952425062806
2022-06-17,0.0257076506592988,0.0298687073216177,0.00439781088256197,0.0174437048962801,0.0248043221374274,0.0294446685717991
2022-06-18,-0.0661768851559709,-0.0913553805994107,-0.0736657112248889,-0.0893628239491289,0.0340560881322713,-0.0422353910350872
2022-06-19,0.0599448369324469,0.0868463669371158,0.077653019524071,0.126525132023223,0.0737881900346475,0.0566679725686812
2022-06-20,0.0161723522089058,0.00932603976059632,0.00224848053257709,-1.24489801480721e-05,0.0336911574586316,-0.00833700174862217
2022-06-21,-0.0268826564435904,0.0117515940325754,0.0053769282080971,-0.00250203222730239,0.0196836475180455,0.016197423580492
2022-06-22,-0.0440177868801553,-0.0241467976432572,-0.0355620053246319,-0.067483684240413,-0.0569471510503639,-0.018553720717263
2022-06-23,0.0462856313722402,0.0663208423555783,0.0535199496525518,0.0838512494246011,0.112255273230535,0.0393477144579433
2022-06-24,0.0386606705983263,0.0481113756190217,0.00688980961376195,0.0704509462982514,0.100518741280078,0.0912456851003589
2022-06-25,-0.000557011461678747,-0.00228222703690761,0.012668381046625,0.0134416703255056,0.00285684468510361,-8.43221388351356e-05
2022-06-26,-0.0188009364473226,-0.0246318713292739,-0.0223403163672966,-0.0357060130078786,-0.0715914208038657,-0.023932190779272
2022-06-27,-0.00792049807305806,-0.00087581430228667,-0.0139751808447972,-0.00513973915458088,-0.0245798350190851,-0.0158099370245341
2022-06-28,-0.033743988173318,-0.0292116159421187,-0.0221796927954205,-0.0420044494771377,-0.084759595724035,-0.0460748598024558
2022-06-29,-0.0089010478677618,-0.0342600328861575,-0.00874651225988821,-0.0406874991062907,-0.0419868143316267,-0.0250678304174448
2022-06-30,-0.0144102171712072,7.12519376264709e-05,-0.016009711756281,-0.0292185831254974,-0.00846356973192108,0.00748001510520035
2022-07-01,-0.0237293265595664,-0.0150911207979751,-0.0263936116679631,-0.00708160916629375,-0.0236591663220436,-0.0551070653885657
2022-07-02,0.0182703951877203,0.00930670088569396,-0.00140795585637399,0.00634488924127474,0.0168177608117226,0.00604520251419305
2022-07-03,-0.00167557993136658,0.004325178334188,0.00284490397651282,0.00677871951031683,0.000794769809790541,0.0192196813563261
2022-07-04,0.0303882857165965,0.0559181809091598,0.047275427183008,0.0695094629244197,0.0969563375794187,0.0217905574213164
2022-07-05,-0.0259096032377081,-0.00314764836998283,-0.00203587812630524,-0.01445428184077,-0.0385047714394386,-0.0102933951164821
2022-07-06,0.00988689398021214,0.0326166766378941,0.0175824492578833,0.0451790329801023,0.0463179103905196,0.0208280085988162
2022-07-07,0.0332650602310837,0.0126847076478009,0.0516563933886189,0.0417614636560035,0.0382295100096997,0.0292982297243147
2022-07-08,-0.02222235537689,-0.00329173251920789,0.00431322271242252,-0.0122656394035872,-0.00603052084389288,-0.00152973717947136
2022-07-09,0.0242044585312367,0.0102909944800809,-0.00641274116384416,-0.00453207517414,-0.00562504199627778,0.00968285744265884
2022-07-10,-0.0329973326550828,-0.0359342078783236,-0.0344774797250267,-0.0407342890636659,-0.0367664633258422,-0.0575421345879408
2022-07-11,-0.0616613997048827,-0.0382100959145326,-0.0435959633947665,-0.062841858733945,-0.0922533159837373,-0.0355247364810856
2022-07-12,-0.0412315107401015,-0.0241717918587199,-0.0329156213890212,-0.0553144098974361,-0.0213234401748754,-0.00842870102886439
2022-07-13,0.0471562555341832,0.0446213687031589,0.0449367599448216,0.0701060767569626,0.0636653518875354,0.0380001421571334
2022-07-14,0.00663608910523217,0.0326032071914346,0.0175496512632414,0.0676485655237933,0.0610275968607654,0.0288960889786949
2022-07-15,0.00323950231462011,0.00171798800474665,0.0128681970428932,0.0343199192698727,0.00826869884976666,0.0039356169311684
2022-07-16,0.0328455099525931,0.0451555929213416,0.0168462962919698,0.0924932683335697,0.0560789616436494,0.0476486545324697
2022-07-17,-0.0218385460364039,-0.00701749258110418,-0.0195848997097468,-0.0103972393738365,-0.0237652482786781,-0.0214592434401208
2022-07-18,0.0962337863922461,0.0664821309431129,0.0789196782301289,0.164962066589886,0.123993599061603,0.0641858759348457
2022-07-19,0.0460752449617196,0.0147323241531581,0.0394052820034183,-0.0229005456380778,0.0260312195365051,0.0190646612666011
2022-07-20,-0.0491253323623045,-0.0397601221420221,-0.00676524363636943,-0.0148701586274775,-0.0645376545450755,-0.0347338801742446
2022-07-21,0.0182723560796979,0.027201869129776,-0.00289262177004801,0.0365231020625538,0.0257253630585796,0.0180123921050912
2022-07-22,-0.0328307382038603,-0.0097858733890952,-0.0196019457648831,-0.0252694282578805,-0.0613990178135446,-0.0232412217818554
2022-07-23,0.0667811350541829,-0.0130737618262522,-0.0110447105971883,0.0077055643040147,-0.014320349066038,0.00260946057071787
2022-07-24,-0.00689317745556361,0.0092144408585213,0.00637547079025857,0.0318749106704672,0.0238292765747632,-0.000781874580932929
2022-07-25,-0.0759183672649688,-0.0659644569392794,-0.0567556597820325,-0.101301872701708,-0.110629021033226,-0.0630291488566244
2022-07-26,-0.0183147299913204,0.0154215664928232,-0.00572504382684258,-0.00247760747024994,-0.0142972115986004,0.00148417696336312
2022-07-27,0.0878662751867555,0.0866925030668142,0.0765954215493618,0.126499421029266,0.107739825558446,0.0611496973602474
2022-07-28,0.00542059124524907,0.0210997949381655,0.0390578308920144,0.0531019545087075,0.0610489768421196,0.0389349206665028
2022-07-29,0.0193067083239991,0.0583430346779092,-0.00164764469143996,0.00112303104437217,-0.0216652466257958,-0.0126705069914673
2022-07-30,0.00427303917409294,-0.0220725108878224,-0.00625468346618163,-0.0183668866600115,0.0426962634535224,0.0504814452694473
2022-07-31,-0.0164132618199134,-0.0138561381933515,-0.0135898860596075,-0.00855798256404405,-0.0314730632727485,-0.019021141723369
2022-08-01,-0.00561895322944372,-0.000140986390527509,-0.000973064708290394,-0.027934007780182,-0.0145802342581427,-0.00126767878200296
2022-08-02,-0.0342086336074506,0.000992293883006035,-0.0145202470826131,-0.00137715380367265,-0.0498497603545052,-0.0211578278220628
2022-08-03,0.00832821515540827,0.0499463210812712,-0.00574406170754216,-0.00865423726096548,-0.0309118727201882,-0.00584733347219224
2022-08-04,-0.00263827972320607,0.0405572813870254,-0.00947952556852094,-0.00661200774375637,0.00739918190865962,0.00404477379266788
2022-08-05,0.0350714848169502,0.0143141996537679,0.0286758990881602,0.0743046651520896,0.0435973053512404,0.014022597391627
2022-08-06,-0.0121449637471462,-0.000370130457294948,-0.0141853598130535,-0.0237146583440104,-0.0125041760925346,-0.0134303393943765
2022-08-07,0.0312215745307527,0.0246167801383423,0.00930325273004406,0.00453715246510988,0.0136021516408458,0.00251315053709755
2022-08-08,0.0171535062470035,0.00580273332584813,0.0269715453445798,0.0438448352349532,0.0378163788879724,0.0166337659058683
2022-08-09,-0.042921107260097,0.000344484426855196,-0.0274709934963759,-0.0416850528233024,-0.0435702232165625,-0.0285295320805462
2022-08-10,0.0438468568413533,0.0108936732344498,0.033256795053882,0.0837210867227567,0.0481911112254747,0.0346126340115984
2022-08-11,-0.010923479044688,-0.0143222862477792,0.000412762067368178,0.0157955105834224,0.0107040279186976,-0.00131828187003002
2022-08-12,0.0177148709722008,0.0114061177778879,0.0184159820568972,0.0396159249329893,0.0570269829001906,-0.0014936469892175
2022-08-13,0.0346402142930706,-0.0111902185366892,0.000870422128858905,0.0122330230233754,0.025063120963579,-0.00535913786142372
2022-08-14,0.0186351252672714,-0.0183333085196598,-0.00429738307733096,-0.0227334808668118,-0.0343304194487786,-0.00401107183804228
2022-08-15,-0.0341928505614867,0.00595939358318454,-0.00752687118445472,-0.0169614047172502,-0.0246428563373478,-0.00179996611261957
2022-08-16,0.0121614568974338,-0.0108866808735772,-0.0105657062741358,-0.0137951473423188,-0.0152774129923245,0.00388572775077267
2022-08-17,-0.038137663297918,-0.0314193358408117,-0.0231819448838646,-0.0243278391513782,-0.0659811135215871,0.00652630906431928
2022-08-18,-0.0465086685226678,-0.0280954067580756,-0.00529595703077845,0.0076131619705162,-0.021460256441292,-0.0232921960955114
2022-08-19,-0.128137229987595,-0.0637827933918471,-0.106026641901687,-0.135479002549731,-0.0969791862480291,-0.101830929407154
2022-08-20,0.000904273682532208,0.014108656355118,0.0137244313026628,-0.0225612209059118,-0.0174407295425456,0.00741022594020624
2022-08-21,0.0265783586751788,0.0627201578099159,0.0172397235125565,0.0264789642136876,0.0351962311169784,0.0227323293866937
2022-08-22,-0.0045406322784437,-0.00496889053289173,-0.00629880257162263,0.00196610911634121,-0.0294106576266517,-0.00168399149919507
2022-08-23,0.00811748074939345,-0.00510075398943588,0.00601859385466241,0.024513043794161,0.00483323937466196,0.00685451841752704
2022-08-24,-0.0153753621512024,-0.0086662156604902,-0.00620033327852987,-0.00344035720957159,-0.0194990536161175,-0.00273210799814194
2022-08-25,0.0149281059228967,0.0171699404650685,0.00957701665295652,0.0234975095411682,0.0102042970222849,0.00963717652998586
2022-08-26,-0.0762450762787575,-0.0756939360862514,-0.0640857165596636,-0.11790172517617,-0.107201291159779,-0.032354993004803
2022-08-27,0.0427972246141273,-0.006446384535292,-0.0108324498139272,-0.0109283152010393,-0.00581423943574277,-0.00897415055529982
2022-08-28,-0.044688221785731,-0.00559764231391746,-0.021429934307255,-0.0416547941044181,-0.0371448757793065,-0.0372194285106464
2022-08-29,0.046909414299335,0.0354561983023514,0.0341349916299833,0.0821554538075908,0.0659829196572597,0.0325866686064749
2022-08-30,0.00324743116444748,-0.0168984146465041,-0.025001327783567,-0.0189798748837298,-0.0329799884721482,-0.0209735347004216
2022-08-31,-0.0122471579072526,-0.00780242388642538,0.0126966241687931,0.0193967663575991,0.00193686068954646,0.00305771047774916
2022-09-01,0.0239264986192291,-0.00294397760957388,0.00385181736353601,0.0206970779723044,0.00357516521105028,0.0161076428239901
2022-09-02,-0.00640763237089148,-0.00360226763892335,-0.0078494796911599,-0.00566247116325957,-0.01139090430447,-0.00582428209685992
2022-09-03,0.0552643191625573,0.0012949279152652,-0.00691847793549805,-0.0129849773541988,-0.00380017345744044,-0.00390190663854728
2022-09-04,0.0461651282731268,0.0038313046749785,0.00776647082227022,0.0132519573821934,0.031560004061348,0.00553068839929849
2022-09-05,-0.00790859000155741,-0.00776182851942497,-0.00876115199617189,0.024754812756715,0.00272753113397028,0.00349302600231427
2022-09-06,-0.0749789542510976,-0.0519905901642641,-0.0504480646723611,-0.0348798379931621,-0.0413113287649205,-0.0328251310581442
2022-09-07,0.0344195156986769,0.0594635541573352,0.023745153749136,0.0427165232803564,0.0572199971483376,0.0459740928785242
2022-09-08,-1.66646965434891e-05,0.00649398351040897,0.00204607030353721,0.00333284281666302,0.0270744479770357,0.00849461801366491
2022-09-09,0.0481585872155368,0.0447112612059062,0.100860097667891,0.0499370183061094,0.0331016340831134,0.0495169534396012
2022-09-10,0.0187174975566174,0.0120667582638481,0.0139052384133986,0.0326859199977072,0.0110773227530974,0.000458620355854311
2022-09-11,-0.00522426854571634,-0.00610404047595292,0.00408365196304494,-0.00814231243325914,-0.00458726536517329,-0.00718862877540394
2022-09-12,-0.0162289065298987,-0.00510561827685319,0.027242163871664,-0.0276431858110096,0.0679420383947087,0.0121082746697347
2022-09-13,-0.0673463500300718,-0.0563201459577902,-0.0972821989234234,-0.0807694215653845,-0.112838968047917,-0.0743427364787987
2022-09-14,0.0262996251281904,0.00649571499896329,-0.00274396867537341,0.0335695149810249,0.0195720638781456,0.024832001887086
2022-09-15,-0.0332272556344296,-0.0311878878183363,-0.0270345862412622,-0.105079183103635,-0.0310987130801199,-0.0471259556636625
2022-09-16,0.0180517347555005,0.0141082400745765,0.0036162281734331,-0.0270290689355326,-0.0257099565004579,0.0889369292582654
2022-09-17,0.0271112753167081,0.0165908291050778,0.017794492715737,0.0257019735598849,0.0467619516786293,0.0553943610817453
2022-09-18,-0.0856098077243574,-0.0474320813913378,-0.0358128060475007,-0.095908891037829,-0.0830873413107476,-0.0508209549125476
2022-09-19,0.0140294810486583,0.0213857877336379,0.00639691202291282,0.031122523357932,0.0510093857348024,0.0771784960018183
2022-09-20,-0.0259227284820529,-0.0211739280476646,-0.034000477547087,-0.0393496982854025,-0.0390659305047483,0.0701060733774972
2022-09-21,-0.00167597559488875,-0.00593988361621722,-0.018344813515224,-0.0557229959423884,-0.0194888409333394,-0.0452164786817102
2022-09-22,0.0395707276457553,0.0396436971617744,0.0456416775491295,0.0582055819335361,0.0500624838537433,0.200854219518373
2022-09-23,0.00620124328682847,0.00407869598970478,-0.00598857629671201,0.000436264206537196,0.03837106387686,0.0444910296357522
2022-09-24,-0.0223805482735592,-0.00540406870988974,-0.0188644407093292,-0.00775911268003071,-0.00637439509124915,-0.0370666194395028
2022-09-25,-0.0120564056617672,-0.00391163571820741,-0.00714985803708679,-0.0182046199518586,-0.0342684863280476,0.00797072842214908
2022-09-26,0.00127440328663786,0.00678782475945638,0.0221219681572951,0.0312653839786616,0.0466798132845039,-0.0519722376332736
2022-09-27,-0.0109538122231844,-0.0128621763618115,-0.00585003417016949,-0.00389616431682516,-0.0339343049903698,-0.0412561555300597
2022-09-28,-0.0104643653462047,0.0338536869016011,0.0164090991571904,0.00546063048026557,0.0147098330456124,0.00421591184986359
2022-09-29,0.00201031108367833,0.00710016458492824,0.00750418575509215,-0.00131575276951956,0.0213442550016691,0.0742685290265492
2022-09-30,-0.00860893610512181,0.00141997396252602,-0.0072433234917515,-0.00576185465483814,-0.0220363762487961,-0.0116931765794616
2022-10-01,-0.00953163734795559,-0.00465688329622438,-0.00617871650655033,-0.0123763406539616,-0.0226266905482935,-0.00976881165697563
2022-10-02,-0.0250858351910802,0.00550388810735836,-0.0139738879362774,-0.0274781615063135,-0.0128229790284742,-0.0568575751395002
2022-10-03,0.0197380151409392,0.00909555080460667,0.0299741763073449,0.0364303469280447,0.0280509288210187,0.030776916093152
2022-10-04,0.017984565583488,0.0317736170298968,0.0357022957027784,0.0288133357226306,0.0344302432276811,0.0366828633305663
2022-10-05,-0.0103617718599359,-0.00731935824413377,-0.00869820607502625,-0.00684315949243164,-0.00142493856360737,0.0196096988417407
2022-10-06,-0.00601426776658653,-0.0258412230357683,-0.0102340417585953,-0.000833918409358425,-0.0216887648248165,0.00712408254290497
2022-10-07,-0.0102391468346995,-0.0121144868300709,-0.0206878280674747,-0.0143004566751745,-0.0102904835659556,0.0496294530419192
2022-10-08,-0.00610838609637765,-0.0239914204481932,-0.00668738741716268,-0.0128524180919367,-0.0129167535210106,-0.00225042116213126
2022-10-09,0.00316287110138158,0.00637633056261855,0.00153654798914182,0.00538551547059818,0.0102593546405192,0.0322487301236789
2022-10-10,-0.051585485072375,-0.0233883054108874,-0.0158053521470887,-0.0239240917573635,-0.0290704782197397,-0.0718919253130135
2022-10-11,-0.0284265100682842,-0.00160044180861529,-0.00471640371270432,-0.00915009060498129,-0.0380606770886103,-0.0236510312171212
2022-10-12,-0.0239439334911788,-0.00147652365887918,0.00554989637447179,0.0119098671963522,0.0125478492319648,0.00610618243201611
2022-10-13,-0.00965037596137353,0.00324379522204321,0.0117000265222966,-0.00525157320894376,-0.0201259721136466,-0.0155969493231179
2022-10-14,-0.0289803205721911,-0.00843803431966617,-0.0102285262293709,0.00719249070347328,-0.0177406655547929,0.0168165645289483
2022-10-15,-0.0085054786315657,-0.00432397732921519,-0.00617054667559103,-0.0175337611593243,-0.0145034339384584,-0.015372157285555
2022-10-16,0.0178119083739368,0.0152182353185966,0.0104581714868175,0.0243505850460091,0.0198684440541945,-0.00938329640331781
2022-10-17,0.00555863899778264,0.0109214118455494,0.0145634941314672,0.0192704169309534,0.0344054805828127,0.00607778289712135
2022-10-18,-0.0286739605242119,-0.00837581161069689,-0.01112732734933,-0.0160982345112952,-0.0345549496738133,-0.029478957576191
2022-10-19,-0.0331223008448662,-0.00452394225119779,-0.0101306218959412,-0.0190305733402365,-0.0427909132932469,-0.0321657453996975
2022-10-20,-0.0283321605297326,-0.0100141986689612,-0.00449267915912976,-0.00198006232391812,-0.0286301778271212,-0.00698985178478206
2022-10-21,0.0256000657310971,0.00284493828745713,0.0062119106533931,0.0129653602974287,0.000839258556937672,0.0286298626790389
2022-10-22,0.00665826476052866,0.00163202973764687,0.00186139139405306,0.0109805500947351,-0.00337883465544175,0.00943704784643407
2022-10-23,0.029966878859093,0.020234217340227,0.0185081509541725,0.0367124762446673,0.0438660465397134,0.00762551636563868
2022-10-24,-0.0117841983865732,-0.00738481503390886,-0.0113813032552681,-0.013623143801655,-0.0333481564446929,-0.0329702797867998
2022-10-25,0.116288802362172,0.0374503739393601,0.0380501255998631,0.0831835502227918,0.0888316900372761,0.0168745512383761
2022-10-26,0.00373443348873204,0.0206839651862687,0.0330171943589477,0.069309903660991,0.0110807823711103,0.0168267423034112
2022-10-27,-0.0373565545451071,-0.0122411032705543,-0.0236079843216217,-0.0338836458528986,-0.0211295253737549,-0.014958707958828
2022-10-28,0.0398689537216566,0.0382021859725423,0.0151424925794181,0.0267801010136557,0.0472065314413146,0.0247217814794076
2022-10-29,0.0370569055339064,0.0206033017414686,0.0107754906532644,0.0404571793767667,0.0229618626181249,-0.00754979215419682
2022-10-30,-0.0332570914267001,0.0308673544529325,-0.00882297871962479,-0.0180134600994668,0.0033059203270307,-0.0257552968651849
2022-10-31,0.000711543535755865,0.03939150461163,-0.00679921885289936,-0.0114234592684275,-0.010823805982664,0.0161410694191205
2022-11-01,-0.0122170164617715,-0.00547296076323889,-0.000512432015794317,0.00443476810131038,-0.0111816361334025,-0.00287591083273642
2022-11-02,-0.0389291606144182,-0.013738972416939,-0.016030424015856,-0.0387171547563909,-0.0463417050865904,-0.0299393683116892
2022-11-03,0.00862420976063893,0.0294433173488695,0.00250111649078733,0.00775420015084816,0.00181085650140389,0.00940612844431554
2022-11-04,0.0792206316659126,0.0722095483944827,0.0453319982476721,0.0715222443676762,0.0909558290443844,0.102783499400924
2022-11-05,0.0122841525469688,-0.0146455399718937,0.00638518251971121,-0.0104645287018119,0.0846728698932417,-0.0221992258819017
2022-11-06,-0.0572142652637053,-0.0286506150109709,-0.0168784872680536,-0.0348346128361028,-0.117694158950824,-0.0470210824473817
2022-11-07,0.00310677381244218,-0.00702191854557555,-0.0155878598652262,-0.00232004841636257,-0.0990530800780527,-0.0102785243007282
2022-11-08,-0.0836082076722447,-0.0280572397849248,-0.105428646811461,-0.162869279695884,-0.203413816652695,-0.136929645186132
2022-11-09,-0.156908872292969,-0.205370494600209,-0.154889548170148,-0.191844149866423,-0.549582108496213,-0.198263205852473
2022-11-10,0.149195666839907,0.130592590705056,0.102037409011285,0.166487801830803,0.237689811560825,0.171983153472066
2022-11-11,-0.039554995832063,-0.0480290199846545,-0.0319184536013015,-0.00946664827229515,-0.0797090668316618,-0.0296124946315917
2022-11-12,-0.0447545726242919,-0.0261454160854289,-0.013898139747381,-0.0251363419111588,-0.11596982646827,-0.0547904286570243
2022-11-13,-0.0269473394380879,-0.0206184697909446,-0.0268967049846989,-0.0270084360184262,-0.0993087907161612,-0.06645026960363
2022-11-14,0.00520264133168125,0.0072015607688547,0.0160647324045993,0.0160633848912308,0.0616281870009092,0.100852557360329
2022-11-15,0.0154296012174895,-0.00613702244582459,0.0159043171795155,0.00812726056809687,0.0211958545455047,0.0316788007839619
2022-11-16,-0.013824783477574,-0.0174605776843206,-0.0128256803707369,-0.0292916816483499,-0.00110443779598279,-0.0319578559386027
2022-11-17,-0.022893669043484,-0.0154460210268592,0.00108391942064934,-0.0122447127915075,-0.0463317149378879,0.0164543777446142
2022-11-18,0.00418381138642654,0.0221800155695018,0.000614627845701321,0.00952446543523067,-0.0291052936944913,0.00135572877980139
2022-11-19,0.00699837360952538,-0.00557299318010251,0.000824292759679324,0.00504086035880036,-0.0303858696885997,0.00426174000735247
2022-11-20,-0.0505867274879395,-0.0304236566386997,-0.0254360302944203,-0.064370809093039,-0.0476655239533366,-0.0609689009340648
2022-11-21,-0.0251579840390628,-0.0388428973429855,-0.0314590625870732,-0.030314520385911,-0.033749340773523,0.00785422181088502
2022-11-22,0.0239245058096591,0.0467184089974744,0.0251747150803912,0.0239103148225031,0.0485574787980481,0.0304048468459012
2022-11-23,0.0202945286695393,0.111866525528066,0.0256679569857372,0.0414368125013356,0.143289955904856,0.0145718258063345
2022-11-24,-0.00585723959098239,0.0086261272592365,-0.000375863632257278,0.0174130737033398,0.015956644021299,0.0521090008983048
2022-11-25,-0.00465277039000944,0.000498736944581246,-0.00498837489510251,-0.00420927993723552,-0.0362548950110146,0.0158443210427247
2022-11-26,-0.00381376763175201,0.0353349125227327,-0.00348998912162379,0.00579840009924659,0.006807116818349,-0.0292751427804075
2022-11-27,-0.00426674070336763,-0.0127960825600768,-0.00119446680458068,-0.0089720588375668,-0.00307179926684009,0.000483928577922788
2022-11-28,-0.0185871685069672,-0.0462746246751919,-0.0139188482409711,-0.0211750110465854,-0.0517005421368846,-0.0165234702446461
2022-11-29,0.00867441915690037,0.00669215294588899,0.0139404641103464,0.0392302589290248,-0.00259834236769763,0.0208686203332592
2022-11-30,0.0302798083363438,0.0177641418303214,0.0430597665839443,0.0627346256779333,0.0542761162119167,0.0252561542659275
2022-12-01,-0.0138910689087732,-0.0296174854594815,-0.0118020685953688,-0.0150974529654988,-0.0459906494052942,-0.0298860591760686
2022-12-02,0.0155329074453108,0.00516202243065234,0.00713698604580593,0.01402775539992,0.017257844243685,-0.00109718781210955
2022-12-03,0.000773014376565184,-0.0101504141020543,-0.0106142348677967,-0.040175436788191,-0.0305879766412698,-0.0207192103576316
2022-12-04,0.00963891345570778,0.0059197373796227,0.0130588424633657,0.0292633643109275,0.030775973187529,0.00664545697172292
2022-12-05,-0.0100675977470204,-0.0131347331520368,-0.00912826921715393,-0.0162053735505916,0.00819582061284141,-0.00295006611382898
2022-12-06,-0.00330096543552139,0.00649654893147478,0.0067330352508197,0.0094631181872602,0.0325592250474491,0.00642205626556269
2022-12-07,-0.0259054825445739,-0.0211272288680187,-0.0142249778324377,-0.0313243491098492,-0.0553354064080716,-0.0215858615868201
2022-12-08,0.0144701079952796,0.0217562919709069,0.0226142000810388,0.0387379172952151,0.0124644041167432,0.0278174636479255
2022-12-09,-0.0101066750419585,-0.0154235940984142,-0.00583837050588798,-0.0132252540832765,-0.00799688139929611,-0.0137605820393851
2022-12-10,0.00297621000669834,0.0070872279481673,-0.000258464205314723,0.00165913895600767,-0.000235072089445509,-0.0063285457310035
2022-12-11,-0.0157825858784402,-0.0130471730857273,-0.00143319679738951,-0.00198843842217311,-0.0110489706503589,-0.0128807108561497
2022-12-12,-0.00247947150593575,-0.0289396593823037,0.00595992791230593,0.0084700455258373,-0.00817052932813978,0.0146789560463059
2022-12-13,0.0190901763476719,-0.0157838800024459,0.0328647887307287,0.0354003814045782,0.0379709596413993,0.0197016534935567
2022-12-14,-0.0152370331167231,-0.0137738916516028,0.00192893064217081,-0.00853311626488651,0.021916507742612,-0.0222346334840687
2022-12-15,-0.0260824732017881,-0.0378306286503687,-0.0256283810210238,-0.0333727779430824,-0.00845219036958156,-0.0213883042459289
2022-12-16,-0.128238010739109,-0.110596496424267,-0.0421898089815009,-0.0806268638905268,-0.133712018145535,-0.0719239578721823
2022-12-17,0.0106598319735303,0.0476990260419869,0.00882757235289233,0.0168821368974212,0.0192002698799452,0.00798538410124916
2022-12-18,-0.00211911305510459,0.0349533501795571,-0.00221233117135888,-0.0028946686283513,-0.00732690819121151,-0.0128781389748682
2022-12-19,-0.0515868632755025,-0.0426997681804249,-0.0191764518948538,-0.0145436091113034,-0.0394752119269666,-0.033087774146066
2022-12-20,0.0236870237816684,0.0450387986482479,0.027988705082473,0.0420079933812278,0.0287350493365448,0.0305236356630088
2022-12-21,-0.0228570778936776,-0.022892331997074,-0.00526450942017753,-0.0033756718913267,-0.0124157609050095,-0.00964354127104694
2022-12-22,0.0132203432879281,-0.000635677429914772,0.000761215411079874,0.00376856029562855,-0.0279368296727482,0.0102929926669284
2022-12-23,0.0112647116994928,0.00104688135360576,-0.00198580842882201,0.00162183624608936,-0.000734759298691934,0.0132781707771978
2022-12-24,-0.000235180053129502,-0.00616424019532058,0.0030199561547235,0.000810332660231339,-0.0294368072802262,-0.00592823507650131
2022-12-25,-0.000377874488105112,-0.00612590759402121,-0.000342509673970426,-0.00179215157425627,-0.004938009367772,-0.0165684449278634
2022-12-26,0.0229798992005181,0.00433699405159693,0.0046098559846719,0.00655156671818791,-0.00716406609159881,0.0543051560690728
2022-12-27,-0.0187462930010189,0.00977357541717616,-0.0120482468683782,-0.0116264421015817,-0.0197559577188366,0.00654903006881402
2022-12-28,-0.0471518897339027,-0.0100044225434122,-0.00989505030025128,-0.0189832182551397,-0.127758790601292,-0.0320041080117857
2022-12-29,-0.0172099261913323,0.00953001890057692,0.00540864482552017,0.00970850836527237,-0.0107301919425677,-0.0391397915575364
2022-12-30,0.00578725249454104,-0.002846066985704,-0.0023916958787602,-0.00196811222437976,0.0233877164099141,0.00631226627830928
2022-12-31,0.00369495607170611,0.00231637532271733,-0.00332366564955855,-0.00205471166866733,0.00815096176688268,-0.0148568362172201
2023-01-01,0.0133204575618076,-0.00902057733504336,0.00467760631157788,0.00349797279162001,0.00211945647555822,-0.00343607111403088
2023-01-02,0.016112335454141,0.00571373109806483,0.00380570068470476,0.0113361462571877,0.121606790055007,0.0284981964893785
2023-01-03,-0.00407401260451046,0.0024303255112228,-0.000516254899498136,0.000100593233856472,0.168662677059582,-0.0136690440257639
2023-01-04,0.0571982470385306,0.0514165680366787,0.0109341539620349,0.0337892470301115,0.0068013836125238,0.0114804438210587
2023-01-05,0.00530945267755434,-0.0104622325454455,-0.0015728177184382,-0.00485688803243889,-0.0011754711867269,-0.0284490346548976
2023-01-06,0.0348732193076655,0.0133427200270475,0.00682079223555299,0.0150334581381282,0.00790587842770085,0.0193535777395428
2023-01-07,-0.00556722705825852,0.00543292115664773,0.000183405828304117,-0.00403264119566682,-0.0325802304652143,-0.00109447614593816
2023-01-08,0.0633175268603408,0.0489290007513583,0.00799308234902085,0.0180980334924161,0.0896306522040557,0.00316119414285865
2023-01-09,0.0715094064926571,-0.00615455762084149,0.00614858918730654,0.0262037023568169,0.129663754899579,0.011464035531543
2023-01-10,0.0168672815457718,0.0166846700332108,0.0144181338708869,0.0113217248025652,-0.00650723755637594,0.00542693977208808
2023-01-11,0.000784173246669129,0.0275897556070603,0.0276211504977315,0.0376967558913641,0.00999458017176291,0.0632055783724225
2023-01-12,0.0214841202362175,0.00965634059689169,0.0508031804901865,0.0213886375326435,0.0157456517058487,0.00277304894844776
2023-01-13,0.0474177316235365,0.0203625009761694,0.0536492128036699,0.0234725992132701,0.0957201857384935,0.0278782584042787
2023-01-14,0.0194213710518287,0.0384308223815779,0.0521924405608409,0.0660342584927651,0.28212486617138,0.0246771743129658
2023-01-15,-0.00621410872109851,-0.01044109521143,-0.0045631527773633,0.0011424277960348,-0.0584237137535455,-0.0270724672878615
2023-01-16,-0.000936609498082053,-0.0102199026811132,0.0137377199522764,0.0155653945168561,0.0303250262708747,0.00439430802400498
2023-01-17,-0.012299613401628,0.00275636152575665,-0.000383324379333416,-0.0057159726711884,-0.0298548311312352,0.00293171002522019
2023-01-18,-0.0562923119375287,-0.0437463235782198,-0.0225928311533004,-0.0339527383085025,-0.0930564236215567,-0.0215321065166232
2023-01-19,0.0368365943402393,0.0270231655682789,0.0190553341028981,0.0241529302946484,0.0272565248211678,0.0370769940857796
2023-01-20,0.0724703808503477,0.0337495968136654,0.0726845526110473,0.0667665501969159,0.175928788030198,0.0484750912208353
2023-01-21,0.0121046651410438,-0.0189071535812078,0.0044472229944521,-0.019859036667099,-0.0366922155206013,-0.02402186822757
2023-01-22,0.0203005861622867,0.0125694181796545,-0.00251479023043188,0.00077648040813294,-0.0161707601854637,-0.00637916325235255
2023-01-23,-0.00289861351336818,0.00807707762261867,0.00937544219856967,-8.04397905396215e-05,0.00514574626866171,0.0580759080350386
2023-01-24,-0.0441197242919346,-0.0161416525443601,-0.0130770792009063,-0.0449998085820695,-0.06628166720877,-0.0414062492248223
2023-01-25,0.0385276106213593,0.0220278438422561,0.0210431847013233,0.0347896999813333,0.0750142617955465,0.0241978936121343
2023-01-26,0.0176495383865981,-0.0079752267752875,-0.00368714859384411,-0.00535341392420019,-0.00902455985813955,-0.0183383556534511
2023-01-27,0.0231988126575902,0.0106252752977873,0.00199304647416554,-0.00309219685039164,0.00234466989427418,0.00653311363489495
2023-01-28,-0.0171862628012497,-0.00611617719189272,-0.0020663143130939,-0.0162253632529925,-0.0176098331504955,-0.0113458601130371
2023-01-29,0.0358652687168027,0.0355785910797026,0.0317713353850451,0.0458172435236461,0.0858801402923994,0.0137001781067856
2023-01-30,-0.0619377663919431,-0.0328897367143037,-0.040096914665952,-0.0490713281784068,-0.0873607117471962,-0.0474459681413733
2023-01-31,0.048251726517859,0.0170876600985519,0.0130122885395139,0.0121813194132558,0.000259947099362279,0.0294610294372863
2023-02-01,0.0160298741851319,0.0162317589300338,0.0249457345900037,0.0342361242655089,0.042535466237188,0.0182942483098739
2023-02-02,0.00080527161006505,0.0183431857889964,-0.0106747498773689,0.000882092848911498,-0.0295727396044096,-0.0100651653712039
2023-02-03,0.0168927905520313,0.0272092228665448,-0.000961136247671135,0.0130014598296366,0.0169921393786905,0.00598091719568328
2023-02-04,-0.0114669080345956,-0.00498301304992133,-0.00502231374286488,0.00138879624522303,-0.0148231944888226,-0.00218576743253962
2023-02-05,-0.0183141265433768,-0.00834567711092937,-0.0162544882312758,-0.0214718744556857,-0.0344851605521432,-0.0305315799197712
2023-02-06,-0.0259431326639564,-0.00993787423900105,-0.00855537642128468,-0.00948240558290436,-0.0340748633469183,-0.0154418173646185
2023-02-07,0.04296554754209,0.0261492199450561,0.0219101957149324,0.033915793451234,0.0496139619403251,0.0278155440968959
2023-02-08,-0.0130529096190797,-0.0155427074031014,-0.0140637224840052,-0.0128130159816049,-0.0284239614620114,-0.0145945361382328
2023-02-09,-0.0833246942734567,-0.0698281141850439,-0.0500729479211177,-0.0652552438195846,-0.12574940673405,-0.0399429374102377
2023-02-10,-0.0108048239232048,-2.05473822649793e-05,-0.00772281772490402,-0.0206253127016769,-0.0158702156527548,0.000467964920130903
2023-02-11,0.0290387057460546,0.0151223166369432,0.0100957206218251,0.0164057960268753,0.0341821364331305,0.00355566558987541
2023-02-12,-0.0133771926280137,0.00742091501666131,-0.00378716076294516,-0.0162971781664796,0.0311878937274468,-0.0229856450216225
2023-02-13,-0.0128992878838849,-0.0607831566641384,0.000912849794238113,-0.00520668169307203,-0.0331098071360176,-0.00965786007863367
2023-02-14,0.0719117779192193,0.00557072723929863,0.0187474660501366,0.032449689868602,0.0485770352991937,0.0284656560565164
2023-02-15,0.0787773057893829,0.0686694506073842,0.089770007863196,0.0723835258153382,0.0901507067391694,0.0483533070769441
2023-02-16,-0.0750037816164272,-0.0398987183073922,-0.0285581014815648,-0.0203267343239544,-0.0692481510980514,-0.0411878035697474
2023-02-17,0.0405210756433304,0.0278733699407727,0.0391062494260996,0.0328174239851071,0.0387618808669439,0.0259990087583216
2023-02-18,0.00589432065595275,0.0104902537996665,0.00307582364881398,-0.00175034873230828,0.0133706354134726,-0.00170136902065432
2023-02-19,-0.0154361029765366,-0.0151027895539615,-0.0128097190944381,-0.00615626845943762,0.0563964924056046,-0.0212903408133351
2023-02-20,0.00969028748140999,0.0109725839424115,0.0204050447443151,0.0125523604179216,0.0525632202650153,0.0311119165736341
2023-02-21,-0.029097204900148,-0.0124606522833659,-0.0159463815377237,-0.0265666474105863,-0.0482326791541317,-0.0167507422119034
2023-02-22,-0.00894886549752749,0.00419417821735024,-0.0101803968810028,-0.00896915151985489,-0.0312344320017384,0.00934875635928478
2023-02-23,-0.0152811957492535,-0.0136718350770826,-0.0100279167620183,0.00476105072802646,-0.0116696646201926,-0.016454776198244
2023-02-24,-0.0459563282907458,-0.0212269867206647,-0.0317920674064442,-0.0262026818695587,-0.0361144976887866,-0.0277581447695554
2023-02-25,-0.00948947986337201,0.00109490784929367,-0.000981248083164132,-0.00840282283683802,-0.0232427229263399,-0.0010363189972401
2023-02-26,0.0180742199632035,0.0216320354664674,0.01651154583387,0.0283739818004651,0.0320122182023899,-0.000116351583399066
2023-02-27,-0.011102806323171,-0.0134929031649902,-0.00162865249169464,-0.00396363154501067,-0.0245285713936774,0.00283689763789197
2023-02-28,-0.0347004926908143,-0.0111523856288418,-0.0160927308751031,-0.0175494197532196,-0.0348037395575616,-0.00519656677547142
2023-03-01,0.0221723039505031,0.00474087478519625,0.0213368049391622,0.0352026477292293,0.0265664690336744,0.0176844301342244
2023-03-02,-0.0285709225369597,-0.0098243664599007,-0.00726135020948071,-0.00973464760741116,-0.0234462384020175,-0.0165449816909398
2023-03-03,-0.0215581597594339,-0.0327472678065037,-0.0485624257297719,-0.0486040325649615,-0.026994188739689,0.00024102263795911
2023-03-04,-0.0183681640433164,-0.00268706278824205,-0.000417303522119994,-0.00143085920089892,-0.0204186025932387,-0.010267773899986
2023-03-05,0.0017903493272502,-0.0027816127179312,0.0036689546753248,-0.00156812059903544,0.00056003503183355,-0.0178653708868677
2023-03-06,-0.0188080769084491,-0.00223576912701873,-0.000256584178192298,0.00187104502941704,-0.0165128927498128,0.00888486056208659
2023-03-07,-0.00102227711149849,0.00446391394964696,-0.00940613896604248,-0.00349313022795794,-0.0190946221200736,0.0268371491501992
2023-03-08,-0.0398348665585322,-0.00859650767011022,-0.0228373150611318,-0.0179879892146255,-0.0943927530442155,0.0224501757948017
2023-03-09,-0.0251873124143527,-0.0339327772089719,-0.0644245133285324,-0.0642235774267634,-0.0623245133512129,-0.0448192226282992
2023-03-10,0.018124782746362,0.000445179840861343,-0.00866965688311438,-0.00662714127403774,0.0526393396251996,-0.00406057352436573
2023-03-11,-0.025745458162282,0.00195123621388138,0.0218122212441116,0.0367230502651728,-0.000976124464119987,-0.0102787545425518
2023-03-12,0.0758331302279103,0.0412799539869395,0.0716039118453295,0.0701096896885751,0.108298994808234,0.0175266226640954
2023-03-13,0.0385953337094884,0.0642947952625601,0.0877836343684848,0.0550594249110565,0.00604653584163195,0.00125287975652555
2023-03-14,-0.000804225345310883,0.00148342341085517,0.022416164797507,0.0137114330597923,0.0239035055197925,0.00131804078983988
2023-03-15,-0.0588289512658482,-0.00728588843025157,-0.0150694198256183,-0.0281750413425685,-0.081451895543514,-0.0373486480610081
2023-03-16,0.00229535108993195,0.0714163284838349,0.0273877219696494,0.0126208775363992,0.0225301519555332,0.0150487990146291
2023-03-17,0.0744262281861017,0.0275684875818838,0.0904308173547879,0.0664680346857702,0.0918719072542666,0.0384743753259703
2023-03-18,-0.0372386822336139,-0.0225383622241084,-0.016843655914947,-0.0173466273094256,-0.0202319003669715,-0.0157631039874205
2023-03-19,0.024277155857684,0.0163172754514616,0.0390125123969636,0.0134849957303418,0.0328341272140671,0.0367901322770445
2023-03-20,-0.0395421692663238,-0.0121071169260594,-0.00972805867707471,-0.0285487763349428,0.0123895677324128,-0.0362694895121894
2023-03-21,0.109912463796922,0.00714194997863693,0.0146072594573106,0.0403430194784899,0.0197263068061675,0.226181913432361
2023-03-22,-0.0290326403214832,-0.0408503872603889,-0.031304934786025,-0.0389633904013369,-0.0516129655807509,-0.105973388860031
2023-03-23,0.0312095132823131,0.0243958028666915,0.0369024309214421,0.0442871499209643,0.0337028690838777,0.0515950636828729
2023-03-24,-0.0326802437786673,-0.0229317101037685,-0.0301197331855558,-0.036075793416849,-0.0717360363311412,-0.0435278476408235
2023-03-25,-0.022714773768477,0.00097272857350994,5.17158362658421e-05,-0.00473712575827623,-0.0112928775515631,0.0432265968245283
2023-03-26,0.0119989026175671,0.0190776402278239,0.0180084779034715,0.0181351851749421,0.0255371580052457,0.00917937418233539
2023-03-27,-0.0305971239578362,-0.0560879481051426,-0.0309974400560318,-0.0344998806998502,-0.0515476830522719,0.0671520657272849
2023-03-28,0.0640228089181425,0.00740617555423562,0.00471410009391349,0.0328703783446525,0.0271861472739063,0.070512148074126
2023-03-29,0.0352996887658973,0.0018534338861782,0.0388533993126909,0.0113390959329855,0.0308219010909787,0.0538919203698885
2023-03-30,-0.013534951061728,0.00864776711931547,-0.0111695987413327,-0.000147611656605484,-0.0269045117327757,-0.0173093623592647
2023-03-31,0.0579592897654385,0.00149127861960796,0.0157464148884543,0.0162033212080157,0.0296966556713714,0.0079106480399872
2023-04-01,-0.0345178549421561,-0.00576568384613108,-0.00237123642140169,-0.0044894257742687,-0.00924668961183572,-0.0451088165060283
2023-04-02,-0.0094767885944963,-0.00409665872274623,-0.00748017184497485,-0.0100580541511244,-0.0211348620778864,0.008149500764559
2023-04-03,0.0140099859966122,-0.0172416128561679,-0.0146132741503955,0.00809154055471772,-0.00458397171256486,-0.0433038007868408
2023-04-04,0.00654982670019466,0.00785230812531967,0.013505585874638,0.0329848014817582,0.0232834503336954,0.0130324426610625
2023-04-05,0.00685635929894945,0.0098178198993244,0.000351205704706814,0.0201634797423749,0.0019759824335619,0.00545898420575885
2023-04-06,-0.0236068178199634,-0.00513480697552993,-0.00476125734657984,-0.0191391647595776,-0.0171197980016191,-0.00581858580611361
2023-04-07,0.00112928549627345,-0.00563315554611066,-0.00422660089629545,-0.00389803066027383,-0.00682514738534223,0.0205271241099029
2023-04-08,0.00517886045571803,-0.000208449166466451,0.000785183939658651,-0.00868772956850883,-0.0214043911283444,-0.0157342355411705
2023-04-09,0.010467932495729,0.00717723443928087,0.0136906925289075,0.00533296084743551,0.01304145337425,0.000233221474898904
2023-04-10,0.0185493130252806,0.0174477106406483,0.0455336467573897,0.0274879483667192,0.0283100828615592,0.0243804291582277
2023-04-11,0.0111893923340864,0.0136609719372558,0.0194394895643324,-0.0100005230480837,0.0974078426260339,-0.00154467254591395
2023-04-12,0.0126409980462662,-0.0118574960617268,-0.00318036781613351,0.014945669987223,0.0411289185817356,-0.0222803216910293
2023-04-13,0.0461344970613939,0.0186192875622373,0.00859013376828166,0.0467642332859839,0.0184649789488169,0.0140809580905831
2023-04-14,0.0290986096975295,0.0129206116456677,0.00284579796201712,0.0432712185067929,0.0138367754424134,0.0206334421728647
2023-04-15,0.0335380010152698,0.0127787715898622,-0.00549973716752206,-0.00437219463568361,-0.0283873434608917,-0.00679610747930737
2023-04-16,-0.00337007099301734,0.0434722681050381,-0.000103593122386059,0.0130751969628315,0.0518933189068349,0.00181988752511875
2023-04-17,-0.0397107218845184,-0.0239088023574299,-0.0291287232768198,-0.0208588806282854,-0.0321770181067227,-0.0198840526758932
2023-04-18,0.0218365797290245,0.00936599080664458,0.0318364609978161,0.0135356865170824,0.0118938901815855,0.0405215139898769
2023-04-19,-0.0650782828405275,-0.0615478843417456,-0.0531995366286733,-0.083263301620212,-0.0900357889092098,-0.0794762656169308
2023-04-20,-0.036897171654211,-0.0150412316435649,-0.0202111266192802,0.00345107287816049,-0.023674277831498,-0.0346475479405629
2023-04-21,-0.0454146366614354,0.0118365120546891,-0.034910877271713,-0.0490978565766991,-0.0415758853617465,-0.055111291850747
2023-04-22,0.0339247718650598,0.0315784884972805,0.0196247565563983,0.0130116084415164,0.0249768127795291,0.0504739148685961
2023-04-23,-0.0182211678463036,-0.00415401232539558,-0.00816174122737934,-0.00651269942430677,-0.0155281160663998,-0.0163065758904952
2023-04-24,-0.0131555857904223,0.00189478257589037,-0.00239654855957028,-0.0104214201874884,-0.00415521271119035,-0.00808173941785062
2023-04-25,0.0282569467303302,0.0211476918067657,0.0280232077739537,0.0129378507524809,0.0247568076238789,0.0187319492224972
2023-04-26,0.0165218260000854,-0.0224288383374116,0.00405792586857956,-0.000101493165973743,-0.0298211112234945,-0.0170770712310454
2023-04-27,0.0205716272590372,0.00112783098493274,0.0363131328622952,0.0223682158443008,0.0484747090075097,0.0104016224858021
2023-04-28,-0.012055021399387,-0.0204213358215188,-0.00454060288975278,-0.00856215633488233,0.0449103437794918,0.0283039614315637
2023-04-29,-0.00531871969139586,-0.00731639846648591,-0.00313280322788323,0.00863058241297221,-0.00787515567014463,-0.00388455299864876
2023-04-30,-0.0135728249910935,0.0470267520068806,0.000694439488997389,-0.016901626227118,-0.0152554336767499,-0.0127838693495874
2023-05-01,-0.0267724646711788,-0.0267775022473673,-0.0410528562110155,-0.0242508232084129,-0.037728986110547,-0.0157178469482884
2023-05-02,0.0126274299207888,-0.02081450642833,0.0207492702911214,0.0209768189152069,0.0125802775652946,-3.22406581197976e-05
2023-05-03,0.00552113317812919,0.0131455735887407,0.0112946008250283,0.0179388079179414,-0.00211209348707131,-0.00313859607712164
2023-05-04,-0.0166220071345857,-0.00706244986971782,-0.00548269782537503,-0.0142494308737442,-0.0221930396686121,-0.00415321450686135
2023-05-05,0.0185037321935623,0.00928985163362661,0.0235245236353521,0.0606247747820934,0.0491952570980305,0.0134006041867761
2023-05-06,-0.0376010607265883,-0.0128251670948396,-0.0215536205091471,-0.0487039656245249,-0.0380332227790223,-0.0177952406152811
2023-05-07,-0.00848851135598416,-0.00360953467902192,-0.0156784123199927,-0.0143883957696618,-0.00593511423311277,-0.020189464517627
2023-05-08,-0.0298325414839736,-0.0240415751627179,-0.0270974803125892,-0.012914162345,-0.055860093922993,-0.048797380454543
2023-05-09,-0.0055425139092613,-0.00465301591260214,-0.00128260511364608,-0.000237759489343681,0.0012666413284852,0.00226598285151958
2023-05-10,0.0167119439885576,0.00658200534820086,-0.00133933361155414,-0.00336042167341599,0.0129724421592288,0.002288665420905
2023-05-11,-0.0271203809660833,-0.022118586923515,-0.0227376278728038,-0.0252347823613395,-0.0349078754302612,-0.0210948707027743
2023-05-12,0.028541264453535,0.00294431218098357,-0.00727801715592413,0.0063971041386397,0.0329054676082818,0.0207350668552878
2023-05-13,-0.0147713192356986,0.0080161949977251,-0.000780461802257548,-0.00660627401633374,-0.00205998289512976,-0.0135926743389322
2023-05-14,0.0155753769275131,0.00336641168339824,0.00545701138594623,0.00243902088082049,0.00404746221507502,0.00224970476049491
2023-05-15,-0.00888331355185823,0.00445454284795144,0.00968368817972376,0.00942445357558963,0.00256388578112876,0.00398867832278971
2023-05-16,0.000946541706079662,-0.006879051055936,-0.00575494330669102,0.00360907925970189,-0.0157256771997942,0.0319019981495801
2023-05-17,0.0204378492610879,0.00864481390041139,0.0133059491984699,-0.00124073112910228,0.0186352348832961,0.0161057932148836
2023-05-18,-0.00895523290977407,-0.0148407939413895,-0.0208963229384924,-0.0111112576165207,-0.0347574413225158,0.0257691516179852
2023-05-19,-0.0104365215223926,-0.00159244668299774,0.00215627043017008,0.0060099828659137,5.77379923174526e-05,0.0165535748787592
2023-05-20,-0.0050587279832186,0.00566637258963887,0.00886560028543393,0.00434264554199171,-0.00317086582537929,0.00234567096680482
2023-05-21,-0.0164963891878367,-0.0136524307294978,-0.0139473668145378,-0.00879818857440995,-0.0338927133204541,-0.0248893473015404
2023-05-22,0.0209628855883698,0.00889623948219231,0.00363589557114352,0.00718014152808788,-0.00344264940774819,0.00881471315435201
2023-05-23,0.00673548339220098,0.0136833186355609,0.0138489626434257,0.0200696682171841,0.0253207360490606,0.00826083320886983
2023-05-24,-0.0170137245739981,-0.0244538470071749,-0.033270400187897,-0.0297085348072335,-0.041747079379058,-0.0257261203578424
2023-05-25,-0.0161022214152118,-0.00392727916334756,0.00535452620513865,0.00324663212293164,0.00192279634813897,0.000275575483988377
2023-05-26,0.0123889668339918,0.00703930040559442,0.00913933266205724,0.0125108604960094,0.00550356991124135,0.0333900705520916
2023-05-27,0.0106625699867662,0.00229607746542282,0.00556333034484879,0.00132716756435247,0.0532027379018012,0.00659671828100439
2023-05-28,0.0432865510093412,0.0214791783906261,0.0443094997536004,0.0426548926812993,0.0181135421569958,0.0222888714069126
2023-05-29,-0.0101321498023679,-0.00786763247176037,-0.0121711121073336,-0.00937761637076484,-0.0102486390323464,0.0230543242856827
2023-05-30,-0.00318063548631331,-0.0003935278233822,-0.00157029942203302,0.00418992015706277,0.0319130553264255,0.0547077257795111
2023-05-31,-0.00938684351598451,-0.0155780392061891,-0.0175777927232659,-0.0142492471188405,-0.0204187283143518,-0.00875960841882584
2023-06-01,-0.0261918258572,-0.00625487215746912,-0.0147925819911876,-0.00638547001263223,-0.015597232143421,-0.0196531804442207
2023-06-02,0.0365571863357216,0.00806866724067934,0.015891611065797,0.0239065252896307,0.0361811587726226,0.0349990454372788
2023-06-03,-0.00603450536230199,-0.00229156261388308,-0.00642291543442042,-0.00781341294009774,-0.00481124238096431,-0.0115551473272846
2023-06-04,0.00441807740051547,-0.00510994063862924,0.00162148397530082,-0.00100394558497818,0.0308770207835209,0.0313881807259723
2023-06-05,-0.070407933468248,-0.0972081277089254,-0.0514103456988924,-0.0425120275185416,-0.0833017814317927,-0.0487852148401379
2023-06-06,0.00481775519074801,0.0164991150064528,0.0558151185623359,0.0393233290133415,0.0159823057102773,0.0385691513459798
2023-06-07,-0.0930770060318262,-0.0817784212145911,-0.0333254241208092,-0.0280354151638775,-0.0904574891525858,-0.020638934573722
2023-06-08,0.00272380653326043,0.0105728247918213,0.00613836606370555,0.00756025664148652,0.0146600767292822,0.00942002987922108
2023-06-09,-0.0898045329911521,-0.00547907494854183,-0.00105086013773992,-0.00329668845260844,-0.0843602948536195,0.0251711281244119
2023-06-10,-0.0672302390002764,-0.0865958510066465,-0.0240453146774726,-0.0489103826705817,-0.104442145850952,-0.0568312495659028
2023-06-11,-0.0129879529679242,-0.0153852112265493,0.00343407622434455,0.000587892973613613,-0.0062358496554249,0.025301044736721
2023-06-12,0.00882999632145309,-0.0188106359520051,-0.00145316500305448,-0.00622815008748567,-0.0235460387183748,0.00859657784894785
2023-06-13,-0.00022540000197524,0.0540791328486243,0.000626326955973866,-0.00200547095893278,-0.0118164582373241,-0.0107765154182754
2023-06-14,-0.0437071950740819,-0.0262392238751721,-0.0311153540326199,-0.0522418975533565,-0.0360401794192717,-0.0797498526733202
2023-06-15,-0.00483265900900154,-0.00545982400363254,0.0178193754101166,0.0090472942680222,0.0186629338304338,-0.000212390945621088
2023-06-16,0.0046768568090878,0.0119227834909807,0.0289427732653706,0.0302484301373713,0.0365070723012622,-0.00915413699314738
2023-06-17,0.0141217257813702,0.0227242516004038,0.00693490079320647,0.0061182926401111,0.0221120490923412,0.00847072906231483
2023-06-18,-0.0226003040343836,-0.00214167357019424,-0.00660260343831354,-0.00384397610482168,-0.0136569820388703,0.0160915057587054
2023-06-19,0.00795789147613513,-0.00486211102415002,0.0193592472017414,0.00987905016920188,0.0402962105133184,0.011870053366814
2023-06-20,0.027303231304151,0.0194514418454972,0.0535284952851409,0.0308602249030212,0.0343793434155266,-0.0010646180464845
2023-06-21,0.0598424870011942,0.00648708574458823,0.0582742132068201,0.0537103244426165,0.0366977122753411,0.0157516599672295
2023-06-22,0.0114774526314685,-0.0346669258719068,-0.0038377235796947,-0.0095986114267177,-0.0362536289899342,-0.0114898561148259
2023-06-23,0.0210268274006871,0.0155455871199193,0.0258459057681542,0.010579014510566,0.0300041342484674,0.00320914283714346
2023-06-24,-0.0220641891522941,-0.0328578381793134,-0.00479306790249368,-0.00891633235310696,-0.0293888878744522,-0.0188097684091731
2023-06-25,0.00794385463360658,0.0093926670587976,-0.00224266072242862,0.0129465519283087,0.0189462831867124,0.00606388991616746
2023-06-26,-0.041813096922821,-0.0116151611511377,-0.00688483593817679,-0.0218486930083541,-0.0422038190911005,-0.0225770538356046
2023-06-27,0.0217552906460923,0.00573623378442178,0.0136825634152427,0.0161483412441932,0.0212611328471692,0.00936078221018699
2023-06-28,-0.0699269444874793,-0.0292338129086174,-0.0198089179130374,-0.0332131559261661,-0.0388196451647014,-0.039239536887684
2023-06-29,0.0309384403071407,0.011132634722717,0.0118651975377304,0.0131821448496217,0.116963057751035,0.0202146519543408
2023-06-30,0.0405090841103828,0.0301428878230334,0.0010472432791655,0.0427820946065829,0.0502910670520484,-0.00144400528825162
2023-07-01,0.0185886074639947,0.0302797409523814,0.00369514436307838,-0.00447050758703949,-0.0113578659562918,-0.00108697016665693
2023-07-02,-0.000975366391736232,-0.00607879559710423,0.00100280946914388,0.0066662195505538,0.0403695080369455,0.0229045674981746
2023-07-03,0.0144673705574909,0.000504620265695088,0.0173424263179598,0.00922256782828423,-0.0110124562729399,0.010377545461595
2023-07-04,-0.0125518086098124,-0.0159115456886187,-0.0122343790504438,-0.0096380529317015,-0.00507033731801831,-0.00348893302882503
2023-07-05,-0.0282264061688671,-0.0141697507194545,-0.00859553352129261,-0.0135401248702287,-0.00788568985055349,-0.0198119802361788
2023-07-06,-0.0169136938497556,-0.0286894957154704,-0.0200202996399472,-0.0329627281387799,0.0380458060755919,-0.0308576789278057
2023-07-07,0.0171035082145992,0.0141119715369813,0.0143709099802987,0.0118122657788344,0.0852302531686284,0.0107796460594657
2023-07-08,0.0213020648327982,0.00282355429439285,-0.00164013454570622,-0.00271027774572019,0.0172855840230222,0.00400040696768855
2023-07-09,-0.0210701882294886,-0.00875224326759572,-0.00401254478734003,-0.00135698113650484,-0.0236198825396983,-0.00445915127545138
2023-07-10,0.0118761611450042,0.0485237479847331,0.00802953880516633,0.00937435514535601,-0.00165149747044291,0.0192647312009513
2023-07-11,0.016622103705499,0.0107767815627948,0.00676594836558486,-0.00118137839710108,0.0359041882862723,-0.00408018952922107
2023-07-12,-0.013962288681922,-0.0183473730206902,-0.00751666953896724,-0.00331815970437699,-0.00523396919690766,-0.00974633513069623
2023-07-13,0.213988218611286,0.0498387431971388,0.0350591179994648,0.0693294788963712,0.169060505934205,0.548554867047985
2023-07-14,-0.0841244961594825,-0.0328873410109676,-0.036955452769762,-0.0340462872850891,0.0269160657423746,-0.12555622031222
2023-07-15,-0.00743635431322476,0.0116489665196493,-0.00126214094385801,-0.00407175589882591,0.0242270556983706,-0.00820700496949772
2023-07-16,-0.035812029521382,-0.0342018528058423,-0.00154179152848677,-0.00403858822857295,-0.000265546770749303,0.0460051271553811
2023-07-17,-0.00763506121788038,0.00696566581440017,-0.00341896529411301,-0.00627628515814305,-0.0188485488524019,-0.0103024996658821
2023-07-18,-0.0164226846837918,-0.0168716638309538,-0.00964388649490999,-0.00737518187401687,-0.0506911834587869,0.0531287169952028
2023-07-19,0.0510927090339732,0.00372175794989538,0.00191938695028249,-0.00453774206435043,0.0318940190431496,0.051446354379982
2023-07-20,-0.0232028352332116,0.00649866438369973,-0.00408362630764536,0.00103766863674526,-0.0385451594189909,-0.0329938217411872
2023-07-21,-0.00890081456875569,0.00434039387225127,0.00391045825316638,0.000587336769323876,0.00664188154177348,-0.0275219334074932
2023-07-22,-0.0112990623266336,-0.0113785364726038,-0.00458915521913106,-0.014462737766932,-0.0403100934915939,-0.0520974691224033
2023-07-23,0.0235792173789373,0.00589559454133326,0.0104496587833918,0.0129349828190897,0.00940181972453269,0.0073317157303503
2023-07-24,-0.0380914368274936,-0.014581623140459,-0.0306335381648584,-0.0209622785597654,-0.0575599458109064,-0.0498463138523587
2023-07-25,-0.00424072567336053,-0.00477248158891452,0.00172845548024014,0.00417498045592701,-0.00437922937637225,0.00967885409099073
2023-07-26,0.00859407768210763,0.00484004178712016,0.0043556533334641,0.0077310562696784,0.0783675177951082,0.00869797380741189
2023-07-27,0.00287869099364424,0.00640904166638823,-0.004927238584294,-0.00632429721290517,-0.00309158589852698,-0.00301233142808516
2023-07-28,0.00866402604681804,0.00612774982793596,0.00370944420453512,0.00770408212649354,-0.010110147946893,-0.00151170837760728
2023-07-29,0.00823167722642704,0.00247376250091857,0.00128406076907162,0.00336756881787803,0.0128807739087837,0.000239956345655989
2023-07-30,0.00912802587163752,-0.000207727383911838,-0.00278377378743855,-0.0103802910263653,-0.0367411466808627,-0.0107245879778722
2023-07-31,-0.0261440989069823,-0.00581142644405741,-0.00154506282244249,-0.00294875475467116,-0.0225119850686308,-0.00942542510560079
2023-08-01,0.007978200246884,0.0261334294118729,0.0151302338260884,0.00838521632009304,0.0116429430629772,0.0123638219217785
2023-08-02,-0.0346704973484036,-0.0287330454896439,-0.0178075075169097,-0.0176255890830346,-0.0361919094947076,-0.0316255791106013
2023-08-03,-0.0230193355129673,0.00235436517046761,0.00091618077917488,-0.00215188090476914,-0.0222662083251852,-0.0312181004717012
2023-08-04,0.00277158462244809,0.0017179589838312,-0.00359083354629597,-0.00405345315003114,0.00693689928074326,-0.0440119605190799
2023-08-05,0.000821037865951224,0.00612400393997437,-0.00110003188992103,0.00397249699997815,-0.00710678499845896,-0.0112599826181887
2023-08-06,-0.00528240904307298,-0.000661857819099332,-9.3479945295627e-06,-0.00410975691098692,0.0241616714191872,-0.0085273295454345
2023-08-07,-0.00613357296324812,-0.0041316884607534,0.00476527380237712,-0.000286336053586744,-0.00505636925300079,-0.00185695758288545
2023-08-08,0.0253363280100256,0.0137692682158859,0.0198463869790526,0.0156780401934853,0.0483594528471243,0.0323913014423787
2023-08-09,0.0113379274213052,-0.00513761553711145,-0.00687710141706077,-0.000813866840040589,0.00686408581585241,0.00149177248998389
2023-08-10,-0.0167767549721685,-0.0108468409989833,-0.00447194898932857,-0.00191316692260468,0.00957419526157555,-0.016263935078944
2023-08-11,-0.00909129246041607,-0.00646851156007511,-0.00108374692180568,-0.00196276333300371,-0.00122739566215113,-0.0020732901810922
2023-08-12,-0.00551180930097916,0.00236145814582578,0.00062060393713459,0.000955355109124589,0.0130885836097399,-0.00710156559498154
2023-08-13,-0.00793310397549929,-0.00100052754130964,-0.00453334072444278,-0.00521112792693756,-0.0270148776563071,-0.0017602133464566
2023-08-14,0.00372325266814677,0.00127362905965445,0.0042776140747165,0.00266360141536914,0.0364492622278827,0.0129803890407577
2023-08-15,-0.030727713510166,-0.0153442151442098,-0.00812912011875433,-0.00939941254385523,-0.0508368776834001,-0.0396922847965521
2023-08-16,-0.0261900913593893,-0.0205357936705246,-0.0161935848387031,-0.0117128078467266,-0.0464499427533065,-0.0355167324239573
2023-08-17,-0.0700544614690737,-0.0592214107032349,-0.0736241200960635,-0.0691995736731208,-0.0495138387887266,-0.148493564336392
2023-08-18,0.0305265765043832,-0.0111507104248183,-0.0233342486538106,-0.0143393216851253,-0.0173997715373559,-0.00205678161943834
2023-08-19,0.01685648610282,0.00409549075591897,0.00178915595079054,0.00512060448906748,0.0251569749041276,0.0263808223676364
2023-08-20,0.00864807716214111,-0.00167720471482724,0.00357186942010657,0.00917039311257373,-0.00484568540842689,0.0376148485706246
2023-08-21,-0.0282100477134062,-0.028072103501473,-0.00250195886460602,-0.0104907720100265,-0.0262926088006683,-0.0282121089890625
2023-08-22,-0.0184572842747344,0.000927242926519689,-0.00354646951925197,-0.0202217316335096,-0.0316980927298571,-0.00690217735078558
2023-08-23,0.0364791930302819,0.0260525183763702,0.0152484555491608,0.0273965511145216,0.0547866686096787,0.0170763878548894
2023-08-24,-0.00779616520621618,0.0103305050139397,-0.0102395657611254,-0.0115775874136528,-0.0313851558224427,-0.0219198127133456
2023-08-25,-0.0182333069097622,-0.0014432698588962,-0.00439399243694005,-0.00423168524602957,-0.0309161902504389,0.0149965695218548
2023-08-26,-0.000486512142913176,-0.00904921478482201,-0.00150626198644588,-0.00401807759192252,-0.00552184693566948,-0.00528911288091183
2023-08-27,0.0095080760745363,0.00917262992941303,0.00311836504099361,0.00678386982421664,0.0246639318966468,0.000714244564812949
2023-08-28,0.0150243850097707,0.00164989520482361,0.000630587825121154,-0.00305481154996023,-0.011113629064742,-0.00113836586621729
2023-08-29,0.0185785815153261,0.0365599813187103,0.0602498925708517,0.0456993339024194,0.0578207833216129,0.0316339139054672
2023-08-30,-0.0252566906795888,-0.0135955152016054,-0.0156342893713237,-0.0143319408273417,-0.0443975341248617,-0.0222258252469046
2023-08-31,-0.0394694755912848,-0.0327081389338035,-0.0513291454495892,-0.0355020488675546,-0.0542312645152765,-0.033487511597165
2023-09-01,-0.000736421933452025,-0.0137940070395395,-0.00505481430067256,-0.0104749072697512,-0.0208515965431584,-0.0252254633437038
2023-09-02,0.00408666181821826,0.00382169630176588,0.0026349868784763,0.00522686003980954,0.00854680567980504,0.00203775763751846
2023-09-03,-0.00170692159391805,-0.000226649942270285,0.00388776554168757,-0.000554644174485475,0.00435104247347917,0.0118669923835265
2023-09-04,0.00137910396181806,0.00371306928005133,-0.00606971250403454,-0.00395766079230153,-0.00406048758889765,0.00656390768875825
2023-09-05,0.00571464102886443,-0.00334846199768624,-0.00125730142442926,0.00243565821728087,0.0388754543709937,-0.00584732589232828
2023-09-06,0.000205784154892363,0.00305635763187784,-0.00103801380159396,-0.000843309952760052,-0.0327086424002663,-0.00429880406653194
2023-09-07,0.000205626178119145,0.00811314229923799,0.0187321055019503,0.00935777947678051,0.0136912311881727,0.0032020154700888
2023-09-08,-0.0130837839355062,-0.0107784278081073,-0.0128311498605083,-0.00698015641786753,-0.0147613559712005,-1.39314638089028e-05
2023-09-09,-0.00345766011925397,-0.00158158938613173,-0.000385185563079204,-0.000596376880837468,-0.00783575370015965,-0.00197278827218395
2023-09-10,-0.0176705331956886,-0.00893201490450579,-0.00245326790485656,-0.0112753627781004,-0.0635440646803209,-0.012061995844285
2023-09-11,-0.0292489432949965,-0.0300430383759398,-0.026261881067482,-0.0411557846607806,-0.0283260339459925,-0.048230480363148
2023-09-12,0.0163901383698806,0.0237892243599482,0.0263051279529183,0.025949851133003,0.0106906462193761,0.0133264200229436
2023-09-13,0.0121840367051895,0.00778134269618036,0.0151738529586858,0.00972323288035426,0.0260480639319249,0.00629744935570098
2023-09-14,0.00918686646291933,-0.00169326912456835,0.0118008351309715,0.011738037484001,0.0233786845281085,0.0116767347009459
2023-09-15,-0.00214426389046452,0.00887635251885577,0.00259724140931894,0.0089739019042856,0.0173938916198466,0.0230599250386206
2023-09-16,-0.000826125794982868,0.00365860557954623,-0.00151991035411925,-0.00391759510321599,-0.00148657778528438,-0.00198851963386881
2023-09-17,-0.0125365480231139,0.00697796967398912,-0.00128407418664978,-0.00756572255383503,-0.0162618473687086,-0.0137756891538198
2023-09-18,0.0177417987709534,-0.00213588700965417,0.00826051138975181,0.00886462056819148,0.0429081658413,0.0204012645735455
2023-09-19,0.0138739156318048,0.00557245120198147,0.0169311026624328,0.00377802117826231,0.0190940398257817,0.0215233350329599
2023-09-20,-0.0143228098185464,-0.0131966486059003,-0.00291147889939225,-0.0126464026309208,0.0133240314796699,0.0139141883351446
2023-09-21,-0.0248461691657298,-0.0167912714204865,-0.0210204677166974,-0.0240618035679843,-0.041523486449218,-0.0275670989613319
2023-09-22,-0.00217383707287788,0.00169177775154594,0.000449150540855925,0.00564035566334109,-0.00210323345777086,0.0104561847222294
2023-09-23,0.00493225781982298,-0.00279933633569751,-6.68690201699462e-06,0.000369911655541344,0.0018379388266534,-0.00877186977336741
2023-09-24,-0.0127035920130663,-0.0108762933280211,-0.0122101270753152,-0.00819253564968658,-0.00512834175516907,-0.011175625991403
2023-09-25,0.0116792571119313,0.00856168782826927,0.00158516078621673,0.00471384083293369,0.00153951623500781,0.0060981092522131
2023-09-26,-0.0019785274270403,0.0109108878384863,-0.00309356959552431,0.0032022506710474,-0.0198226189285351,-0.00745262020626036
2023-09-27,-0.00246438685043104,-0.00185235377984583,0.00515378285278878,0.00255349026168616,0.00559508525488761,-0.00421642009241807
2023-09-28,0.0175299064674195,0.0144739380182006,0.0250632062349609,0.0340864431495698,0.0423519292228209,0.01967712178744
2023-09-29,0.00166846813069532,0.000945405528947951,-0.00407267457029903,0.00907079025179947,0.017042304257016,0.0236501670539491
2023-09-30,0.0179161500671925,-0.00213026750473144,0.00208595812068602,0.00192747331238596,0.0525109662184016,-0.0121760903543623
2023-10-01,0.0455822136723358,0.0149047124144159,0.0369761208563819,0.0368024319183133,0.108053330519524,0.0169279536154726
2023-10-02,-0.0242947661075354,-0.0151997441370861,-0.0163191457885148,-0.0413210468044518,-0.0196915652423484,-0.0219326727867301
2023-10-03,0.00582088783496726,-0.00617475043214988,-0.00366831706594439,-0.00418147575850991,0.00771432142779238,0.0486293547042866
2023-10-04,-0.00658405726867617,-0.000107099533821042,0.0133777193024827,-0.00535481409512162,-0.0174706579916313,-0.0101856176773594
2023-10-05,0.00321095929891269,-0.0128908192613473,-0.013890662255843,-0.0223134049540423,-0.0196627619083016,-0.0181110365421748
2023-10-06,0.0179921934859899,0.0135580383353275,0.0191718837881556,0.0210949512282861,0.0316737055839962,0.00538712953988763
2023-10-07,-0.0234423691690295,-0.00559287381516516,0.000795565220181871,-0.00690193569414355,-0.00587227390850975,-0.00818057876406708
2023-10-08,-0.00817295221439518,-0.00398449869214978,-0.00120742868306145,-0.000589124169609434,-0.00175685040212992,-0.0075875314446705
2023-10-09,-0.0196240260293699,-0.0276529929841471,-0.0126593877279273,-0.033452233679685,-0.0497416890337439,-0.0288586470365942
2023-10-10,-0.00998842564269697,0.0136411607280253,-0.00700900601259136,-0.00768458263981486,-0.000600624786855075,-0.0115744725742905
2023-10-11,-0.00458621666950965,-0.00984544871262383,-0.0190812208422706,-0.000930610755299988,-0.00442941957414211,-0.0174357589376462
2023-10-12,-0.00841834623504267,-0.00633376842424482,-0.00434538164717857,-0.0171565529889248,-0.0326599874903044,-0.0119109753599526
2023-10-13,0.000910419998319645,0.00392302602164385,0.00393800578323145,0.00807135933806613,0.0247907259020401,0.00546894162794809
2023-10-14,0.00350806455368224,0.0027422630616325,-2.4866641728849e-05,0.00203862664529186,0.00806459316423647,0.00221293994324534
2023-10-15,0.0013956908028292,0.0150868812709763,0.0110307603158706,0.0018070632180871,-0.00408302474474587,0.00219772955989161
2023-10-16,0.0168649206247253,0.0239382733301099,0.0488543973047655,0.0268897490832316,0.0898515308636343,0.0205541124360145
2023-10-17,-0.0178396855744625,-0.0149168992352493,-0.00364339943277514,-0.0221708488271606,-0.000986172657738926,-0.0126972896531223
2023-10-18,-0.0149299306554418,-0.00541141746423701,-0.00308071974968627,-0.00107995853568976,-0.0222487976599641,-0.00688767822311698
2023-10-19,0.0141526565535492,0.00305056448467411,0.013724231161472,0.00236787613208111,0.0622810034478198,0.0631041091383001
2023-10-20,0.0169260499357229,0.00546318933026502,0.0329857689825523,0.0234615966110319,0.0806937617387713,-0.0079584418432922
2023-10-21,0.0292218876783299,0.00939899652963927,0.00790129991607813,0.0152370244020306,0.083442865342505,0.0101017304314786
2023-10-22,0.0191058517011824,0.0159322301334157,0.0025198299552347,0.0207284926620881,-0.0119662166546584,0.0023837758362143
2023-10-23,0.0602949204877095,0.0475560982634171,0.0981234055291615,0.0594857941123479,0.0925083626919285,0.0456110278759166
2023-10-24,-0.00343852579050252,-0.014156084641586,0.0243427517877741,0.0107357508625228,-0.0548323959861614,0.0211008106631809
2023-10-25,0.0055865951041274,-0.0132480199372456,0.0175810011251265,0.00165745820659335,0.0738671170771821,-0.00579256796826311
2023-10-26,0.0237258080652132,0.00474212250117834,-0.010083818433932,0.00926751228138389,0.00957807500874663,-0.00292705452545317
2023-10-27,0.00754558954728646,0.00553870116136768,-0.00725316925657182,-0.0133894032812689,-0.032112877297795,-0.0137773734332671
2023-10-28,0.00613724980782959,0.00576646591143604,0.0052875149613989,-0.00192715736544979,-0.00272522314549306,-0.00131190544439774
2023-10-29,0.013752211637615,0.00606893459078872,0.0130824822181381,0.0105975160220879,0.0362745851031776,0.0199736311093432
2023-10-30,0.0249203073183091,0.00500171141039818,-0.00104625577652051,0.00806664170653004,0.0631538353842123,0.0397291595864067
2023-10-31,-0.0323167508811235,-0.00812574164522584,0.00478293880169289,0.00351318585601934,0.0968936112157279,0.0361937653666389
2023-11-01,0.0478039943165622,0.00686634701809652,0.0219528756206895,0.016722284071566,0.0736013261958353,0.015301756697212
2023-11-02,0.0497500960984478,0.0161966923085695,-0.014181643038139,-0.0254796873407725,-0.030711083391286,-0.00509718682527061
2023-11-03,0.0180297686260529,-0.00483228331886387,-0.00591120695514569,0.017710624992425,-0.0172544612033301,0.0107640652038548
2023-11-04,-0.00145693359206711,0.0292659623798137,0.0100229586936837,0.0134961996481051,0.0690872311716242,0.00517741183727621
2023-11-05,0.0426866922399809,0.0285125201677907,-0.000936521316994288,0.0194358477541492,-0.026513282696091,0.0704305889687501
2023-11-06,0.0581748101403723,0.0413413576667621,-0.000341987012507872,0.00299404272669435,0.0213518470153842,0.0790291335756379
2023-11-07,-0.0331145037495322,-0.0328932134100945,0.0115264053036004,-0.00618441954750804,0.0226234031863068,-0.0415418414128485
2023-11-08,0.019098522500413,0.00295023278161644,0.00595552529347465,0.00063435450806093,0.00225639178777826,0.00243582978396079
2023-11-09,0.0274826867755359,0.0175987597809497,0.0286922398244656,0.115462453140634,0.0508926257170779,-0.0303974108787504
2023-11-10,0.0473883753126269,-0.00170508532898417,0.0167783460503355,-0.0201353513677338,0.220284440171882,-0.0103912876781496
2023-11-11,-0.00427099189370417,0.00135023291576974,-0.00472568231840853,-0.0123825862277647,-0.00960021275051748,0.00326456341891157
2023-11-12,-0.00307575219311562,-0.0151551355660748,-0.00225174259208138,-0.00367352171543178,0.00091642377159129,-0.00181081877475331
2023-11-13,-0.0673429507085024,-0.0257898473060516,-0.0150135370550295,0.00491574512792869,-0.0786450306705357,0.0149853676345781
2023-11-14,-0.00152172713199095,0.0038403957297426,-0.0267843578397944,-0.0377867271497632,0.0907570753819829,-0.0643490950951011
2023-11-15,0.0581365597259932,0.0463438905132554,0.0638461992762771,0.0402859869541663,0.142363494550013,0.0312300506549842
2023-11-16,-0.0200417599338422,-0.0443018868589204,-0.046629756190665,-0.0495100746696373,-0.124351855156601,-0.0594239166652392
2023-11-17,-0.0139687222997356,0.00814963865573581,0.0121487469666803,0.000203545843985964,0.00936536624056306,0.00252716411467346
2023-11-18,0.0297884679460082,0.000838881758366661,-0.000300085015664919,0.00102139841165716,0.0016555450941329,-0.00412768870720864
2023-11-19,0.0179244366759929,0.00666084073859352,0.0216533913915047,0.0251086070521511,0.0480606531246783,0.0263357994147025
2023-11-20,-0.0100444502449373,0.0281785139293333,0.00241533445499442,0.00447766538276628,-0.0824656541268922,-0.0236348603430302
2023-11-21,-0.0596703127566456,-0.113211646482115,-0.0453926219219483,-0.0430305246077269,-0.0835864500092183,-0.0542828902183365
2023-11-22,0.0596125355310499,0.0417255185948768,0.0442013894678368,0.0636770232559094,0.102071090431167,0.0527429642433501
2023-11-23,0.0156779658219816,-0.0100906429351948,-0.00381999941543398,-0.00107331968669477,-0.0173260679528964,0.0135424577610837
2023-11-24,-0.00119550479195374,-0.00370651592703464,0.0114828809236318,0.00914307491191657,0.00470751966842009,0.002639045349007
2023-11-25,0.0220181378995902,0.00658616346374608,0.00202634293560067,0.00156568765534804,0.0342268136962245,0.00251020959895393
2023-11-26,-0.0169251646868216,-0.0102586621027081,-0.00844024984109204,-0.0101874001603619,-0.0206685550756713,-0.0106833138351032
2023-11-27,-0.0256385620338435,-0.0201357512169418,-0.0060201767439203,-0.0175371760778162,-0.0457561935890753,-0.0207482251561867
2023-11-28,0.0190193255893181,0.00993844371716257,0.0153673136112324,0.0107541340988293,0.0552811969947893,0.0119599557686502
2023-11-29,-0.0100287170396717,-0.0102846454949175,0.000724175028494756,-0.00951596471618466,0.0179793497386376,-0.00338143085664216
2023-11-30,-0.0155242304583793,0.00149903009634844,-0.00385718899847198,0.0110850047806457,-0.000143584253392781,-0.00493540770977674
2023-12-01,0.0218586331024103,0.00377806692203642,0.0255507301146292,0.0167087363185301,0.00944811406919133,0.0107556734698291
2023-12-02,0.0347758781969792,0.00329893954756955,0.0201524431387199,0.0369508723905962,0.0651955908781225,0.0130661570106173
2023-12-03,-0.0066662182960312,-0.00525860075906071,0.0126377705204899,0.0128402810626644,-0.0124991742698812,0.00441392473574964
2023-12-04,0.029070576561314,0.0225287850392322,0.0488565668865633,0.0223246606319174,-0.0242990677154822,0.00104319138505554
2023-12-05,0.0452874763334642,-0.00875658017786485,0.0488252345597306,0.022317582058232,-0.00868072347111859,-0.00381423599502811
2023-12-06,0.0385918317862227,-0.00797486908935152,-0.00761051570339966,-0.0274817322810295,0.014778839673987,0.0290530809852295
2023-12-07,0.0312117520996759,0.0153679934237694,-0.0104271600369863,0.0548891750537903,0.0915520339487603,0.00513877739722784
2023-12-08,0.179034565619406,0.0251703718015266,0.0199856832348004,0.000488663128890288,0.10040056547026,0.0448232679326289
2023-12-09,0.0581370469473668,-0.00481402962948518,-0.0100263491847272,-0.0074710931268136,-0.037282961552255,-0.0215091253656136
2023-12-10,0.0265288766618569,0.00822851391915691,0.00122768826642172,0.00480964889928082,0.0333212936547644,0.00418662124334529
2023-12-11,-0.0753673664707395,0.0275144716327302,-0.0596686466968368,-0.0558950939902871,-0.0598320444515217,-0.0645681386939839
2023-12-12,0.0450411505429485,0.0322401909820362,0.00499167816429136,-0.0101842859227563,-0.0262994144050879,-0.00106799519625567
2023-12-13,0.143339830520248,-0.00817357269894625,0.0341627495710384,0.0262684651573686,0.0319764339571789,0.014321961032794
2023-12-14,-0.0332660638799018,0.00441885206604553,0.0031014611592024,0.0244397729331851,0.0663213025258287,0.00625896259737063
2023-12-15,-0.0676142209443386,-0.0346828058732465,-0.0257616788095838,-0.0428828883863428,-0.0439473074986472,-0.027150753881485
2023-12-16,0.0102579594882102,-0.00223800096960325,0.00737462854915805,0.00341370590742329,0.0151469737574672,0.00703141874429219
2023-12-17,-0.0459622372726203,-0.0208529517487444,-0.0209434224084717,-0.0137657639692783,-0.0342376553152421,-0.0153093405115761
2023-12-18,0.0350804925937337,0.00848904437626086,0.0299796695117891,0.00942163388576578,0.0460582949871995,0.00345390556660469
2023-12-19,-0.041500983983624,0.0457127594748803,-0.00831657071861436,-0.0179297499886522,-0.0184261986336525,-0.0116160252500894
2023-12-20,0.0218357973345729,0.0291400371766173,0.0321647372447504,0.0109772811188176,0.118729334394923,0.0194040042115433
2023-12-21,0.0771553418701703,0.041933831876813,0.00495656564004854,0.0169458043391071,0.132700426865726,0.0106202545649242
2023-12-22,-0.0196434561768387,0.000478834527954497,0.00293056578719408,0.0381041008107177,0.0432561161730085,0.00238845795485337
2023-12-23,-0.0156094115148908,5.33021347282059e-05,-0.00588939239897712,-0.00754107632714174,0.0933618699854062,-0.00834455636557313
2023-12-24,-0.0340835571421161,-0.0248987243023828,-0.0166777025964802,-0.0189543274554316,0.0444547561574815,-0.0108404415905411
2023-12-25,0.0521010234721065,0.00886167682924111,0.013783631646973,0.00302743491000523,0.074178455162806,0.0521113943667668
2023-12-26,-0.0274164170553151,0.108540158127973,-0.0253744795398312,-0.0182492579103144,-0.072477273077439,-0.0377878468011655
2023-12-27,0.0398271579773389,0.0836835968350664,0.0214623912043397,0.0639124623831959,-0.0514717630341925,0.019865028338165
2023-12-28,-0.0257625703580975,-0.000242056194519336,-0.0189384832630335,-0.0131918158501438,-0.0470537336860843,0.000223707399541528
2023-12-29,-0.0145656945550462,-0.0304983154219345,-0.0124743793520086,-0.0201697449503273,0.0403761432407483,-0.0184303116084655
2023-12-30,-0.0107893876690008,0.0104191461983181,0.0013648832366826,-0.0037560253958322,-0.0429207268946081,-0.00250232746195245
2023-12-31,-0.0129732232312332,-0.0150272364174118,0.00256532895205552,-0.00463285116438428,-0.00333673684414482,-0.0111629174635777
2024-01-01,0.0474986478480112,0.00629375648394426,0.0440216648373255,0.0305849311829496,0.0758876872389873,0.0243236576863944
2024-01-02,-0.0283927403915585,-0.00735655133544988,0.0177426040136055,0.00149040914582699,-0.0268150642799734,-0.00751771865432149
2024-01-03,-0.0832517055362654,0.0144968108752819,-0.0480649535787556,-0.0635585988981502,-0.0781739352533855,-0.0708658046151837
2024-01-04,0.0235520076130851,0.0216755017359977,0.0306073577182868,0.026018755301938,0.0636836938220116,0.00964479817911668
2024-01-05,-0.0527641190228765,-0.019186974774728,-0.000390082845152406,-0.000172276883701805,-0.0497404640408483,-0.0201602222109136
2024-01-06,-0.0340881219842072,-0.0308888942219747,-0.00393630412751023,-0.011982773739482,-0.0631780539158759,-0.013928579440318
2024-01-07,-0.056890693801774,-0.0160608705669665,-0.00104848080077602,-0.00840360104835458,-0.0500434610820202,-0.0299437202155279
2024-01-08,0.0904132706438978,0.00530092555224737,0.0666242663558734,0.0483716762657815,0.0910903054021288,0.0463619010603784
2024-01-09,-0.0559005862681601,-0.0116415146946389,-0.0178454171064377,0.00504267290230942,0.0164176803981357,-0.0197288383002856
2024-01-10,0.102336149266916,0.0135983337509504,0.0105220327519486,0.0963926943837521,0.0260519494513893,0.057199513425139
2024-01-11,0.0270414547907692,0.01174560600903,-0.00557424114752259,0.0144245581550591,-0.0210323200325515,0.00350393659681969
2024-01-12,-0.0617205814617555,-0.0398876845115677,-0.0788426288329944,-0.0370016813266503,-0.0855137967138555,-0.05425441711985
2024-01-13,0.00365290945876884,0.0186922358929449,-0.000251708664185557,0.0204426257929979,0.0427818723751709,0.00834486596987982
2024-01-14,-0.0434451980732501,-0.0105641336894262,-0.0247207753553589,-0.0413447734238179,-0.0168220730912134,0.00200644161984909
2024-01-15,0.00413603364489967,0.0600744079625732,0.0169785640464202,0.0157008279903783,0.00378623935434064,-0.000543406297517035
2024-01-16,0.0141283641797253,-0.00739898254632632,0.0150113645058063,0.0299400948730888,0.0326568151494877,4.68819833085998e-05
2024-01-17,-0.0162739718581341,-0.0196730823203533,-0.00959971282586203,-0.0231914519366834,0.0444429113674163,-0.0139417059076962
2024-01-18,-0.0489063822795751,0.0135208870445656,-0.0352539060043799,-0.0245641253669922,-0.0796351901495758,-0.0286943544068569
2024-01-19,0.00254117173157753,0.00321089848633704,0.00859912773807459,0.00907084105613443,-0.00921768943672063,-0.0139598863386104
2024-01-20,0.0232862718084307,0.00842744623965075,0.00113298345354629,-0.00802951357822135,-0.0087798743886669,0.0161661102365653
2024-01-21,-0.0233777292238732,0.00427625901891471,-0.00287943492455689,-0.00636785675475871,-0.0187708185885356,-0.0127635538254377
2024-01-22,-0.0501384637689577,-0.0413094902767872,-0.0503089102812559,-0.0600787119528761,-0.0828762283086037,-0.0361607369607762
2024-01-23,-0.00367024867356802,-0.0232956379598965,0.00852358425792232,-0.0308231317333156,0.00776306066044619,-0.0171941562002658
2024-01-24,-0.00095062736677598,-0.0179633280526126,0.00579370572798688,-0.00318456818357582,0.0515413075420001,0.000484790401529378
2024-01-25,-0.0208265151806212,-0.00400728124590355,-0.00358115728949393,-0.00712229205759307,-0.0209868024679301,-0.00849566877977881
2024-01-26,0.0395419115920544,0.0350020917591891,0.0460765744948173,0.0220702363029863,0.0619514970172048,0.0355422534992644
2024-01-27,0.00211398217306669,0.0115330632207584,0.00722411285539692,0.000302653289711685,0.018444216279863,-0.00363120896984581
2024-01-28,0.00696285992895418,-0.00278065675898276,-0.00200725601730767,-0.00471913476040786,0.0186723346745081,-0.0116964721974939
2024-01-29,0.0700901554815646,0.0186217621593414,0.0293644157369144,0.0261719779242151,0.0570134394870587,0.0207639817026104
2024-01-30,-0.0213777247876455,-0.0104996867330334,-0.00778374498993628,0.01176849488962,-0.00092286383502671,-0.0466565541795163
2024-01-31,-0.0314301979910921,-0.023401864942648,-0.00865155280904695,-0.0267786517065529,-0.044785615445309,-0.014804621815121
2024-02-01,0.0174423248994011,-0.000583390621764046,0.0115148902942401,0.00927985755123295,0.0083950085070823,0.00528417297431405
2024-02-02,0.0135851840324056,0.00325632976059342,0.00255237453024471,0.00182719229414907,0.026163807309473,0.00896019049791341
2024-02-03,-0.00213662643502399,-0.00472047145265542,-0.00449324549215113,-0.00521267761285671,-0.0258236692232297,0.016568178537631
2024-02-04,-0.0369512985172392,0.0165352889662485,-0.00955108622874512,-0.00283156569307508,-0.0248571008661083,-0.0306238644289039
2024-02-05,-0.00185501858330117,-0.0128145828380797,0.00176170753164762,0.00407231931137098,0.000750695674821777,0.00585626067343448
2024-02-06,0.0103308113222021,0.00615051567526415,0.0099368047086994,0.0313926711471719,0.0136420999654296,-0.00215741956261672
2024-02-07,0.00661845205201161,0.0161369308927091,0.0282286462102803,0.0214953156349944,0.0416375836692486,0.0169513173040529
2024-02-08,0.0533489457744677,0.035876756388876,0.0219456712821149,-0.00158501236609965,0.0177302913416062,0.00143922755667636
2024-02-09,0.0215379387291186,0.0154672084527148,0.039932995408412,0.027555570800688,0.0395599724312845,0.0221082800075101
2024-02-10,0.0194475261661164,-0.00218989465640007,0.0131499606950634,0.00549744837743837,0.0203477028646706,-0.00365480372291171
2024-02-11,-0.0183053353015954,-0.0072877041079078,0.0108810642585837,0.00253245888424747,-0.0151063132432112,0.00375553135835949
2024-02-12,0.0338152325408461,0.0220656996830346,0.0338814785316526,0.058303209983916,0.0409871691280781,0.0109889705106235
2024-02-13,-0.0272136359092785,-0.00942508511880291,-0.00432858876011721,-0.00601124774751671,0.00522377374760907,-0.013365968021783
2024-02-14,0.0575869924848191,0.0284575252208707,0.0410468495104084,0.0500897493405272,0.0383136430131747,0.0255197405159195
2024-02-15,0.0524062082674077,0.0594256889905296,0.00215600922910753,0.0165923939552677,-0.0284133652293042,0.0442406946580221
2024-02-16,-0.0157238027520193,0.0172714050099527,0.00425843260976144,-0.00735157594831382,-0.0290322609856251,0.00391059275679173
2024-02-17,0.0156958793548119,-0.0223665422046881,-0.00957802949778674,-0.00608863800729953,-0.0133247130186946,-0.0270439746909126
2024-02-18,0.0169316833075676,-0.00918937355009675,0.00885583428071257,0.0325940629496646,0.0288560213763729,0.0126801232669667
2024-02-19,0.0197302160857489,0.00606466710451503,-0.00661016369404521,0.0221823962784109,-0.00616425364396811,0.010172436454741
2024-02-20,-0.0142003045658116,0.0086513885748456,0.00971967933731932,0.023478679670534,-0.027514873997899,0.000577554254439616
2024-02-21,-0.0388490360404451,0.0645802776566997,-0.00856090431522993,-0.0144217770742259,-0.03122590389696,-0.0250353157941094
2024-02-22,-0.0212038353521299,0.00913149707040972,-0.0103585476400152,0.000219429613736999,-0.0334219927768995,-0.014845461172074
2024-02-23,-0.00455030540189416,-0.0176695971343346,-0.0112318061155126,-0.0167497288331502,-0.0170131802843851,-0.0118650024142405
2024-02-24,0.022805609997074,0.016970502173276,0.0164055941302177,0.02391972503621,0.0409568915089169,0.0196069405924245
2024-02-25,-0.00895072753541837,0.0176792293527077,0.00313901336823719,0.0394185803791842,-0.00655178996704109,-0.004952453522999
2024-02-26,0.0468365308301365,0.0331395440680842,0.0525111876569451,0.0210750468838974,0.0606173338415745,0.0164198049544355
2024-02-27,0.00720288813464431,-0.0166911344986813,0.0459362164404737,0.0204025144361815,-0.0140213247120045,0.0612903665464621
2024-02-28,0.0109028516846295,0.0512613698207547,0.0906952929770419,0.0425946193780362,0.0854087416558666,-0.0179804244741504
2024-02-29,0.0382217027886844,-0.0392248998901152,-0.0211224142700193,-0.0130164233010781,0.0628628347500415,0.0180946946310888
2024-03-01,0.0923529374128469,0.0198920578617621,0.0200954657884242,0.0274872373036885,0.0334708816985598,0.0262005241441247
2024-03-02,0.0299294604080552,0.00775559072575938,-0.00660054731209136,-0.00379290337032678,-0.00223513911249018,0.0689445771158817
2024-03-03,-0.0172755474276484,0.00822718141258338,0.0181722046590131,0.0199466802026187,0.00577117592596199,-0.0279579978456623
2024-03-04,0.0574417215403779,0.0111694603522343,0.0785670808490071,0.0391657458763142,0.020814411694702,0.0361156490967921
2024-03-05,-0.106332759971503,-0.0599264253802234,-0.0685829818149202,-0.0210070504160438,-0.0578595654499772,-0.0921495555557511
2024-03-06,0.0565282343938734,0.0834557524581871,0.0354997002008659,0.071702762354878,0.0392745642017793,0.0321181896592464
2024-03-07,0.0147727224412172,0.102441706342277,0.0123081400525162,0.0143294342144937,0.0964334683360919,0.0263877261671224
2024-03-08,-0.0270675729350546,0.0265818629863102,0.020331312236987,0.0045615445502829,0.00872826022351525,-0.0106656320268101
2024-03-09,0.0256849914685466,0.00300239033133209,0.00290629663201969,0.00598348760501644,-0.00436631984832747,-0.000241148273330882
2024-03-10,-0.0362628738431248,0.0781858404945979,0.00757582565720583,-0.00877972372258107,-0.000636903433870906,-0.0217414108052937
2024-03-11,0.0764249701704258,-0.0126544488861082,0.0439922985827472,0.0466265599074269,0.0288889357473456,0.165634553820823
2024-03-12,-0.034340853067917,0.0285667875356168,-0.00894983604934829,-0.0214187117111475,0.0151085888376761,-0.0424271345657928
2024-03-13,0.0218501987266652,0.159001496196972,0.0221668990640751,0.00655685893050517,0.0815071061231727,0.00397486128251862
2024-03-14,-0.0186217032173751,-0.0447119680597421,-0.0233524614583818,-0.0312631146419164,0.075449561537158,-0.0308389771111939
2024-03-15,-0.0325476712526767,0.0482603629628073,-0.0283089232920002,-0.0388374261325524,0.0349544263070722,-0.0555943655496005
2024-03-16,-0.0966222765612457,-0.0927062317247431,-0.0607177252062971,-0.0585335864408751,-0.00594418826855048,-0.0496173794665993
2024-03-17,0.0321726392099326,-0.00991354166420244,0.0460122407046093,0.0333732074975952,0.10553022015137,0.0264632927530923
2024-03-18,-0.0295636119375897,-0.0293692313128089,-0.0123885075543679,-0.0347579846458697,-0.0308015423001313,0.0447391869860531
2024-03-19,-0.119265748199432,-0.0895078141924692,-0.0871207318570075,-0.108070415215115,-0.142183475533336,-0.102563340346951
2024-03-20,0.0857786160968991,0.0933653791409741,0.0925108529687737,0.106764258284009,0.119252691782329,0.0463410981104715
2024-03-21,-0.0119764032911017,-0.00622061460222945,-0.036318674226214,-0.0058238064955578,-0.0665286154695073,0.0455503103162088
2024-03-22,-0.0298866198192553,-0.00265996517240641,-0.0264984466521589,-0.046679254477823,-0.0274748837833396,-0.0475338008570727
2024-03-23,0.0203360039564101,0.000182940985892444,0.00443428866540074,0.000871329293389067,-0.00841697771952621,0.010821021459277
2024-03-24,0.0319126456935885,0.0287825294700284,0.0483270931506787,0.0347667100501603,0.0598884729237668,0.0245569681372199
2024-03-25,0.0165638160439597,0.0336407404312995,0.0397250476948798,0.0386811185058651,0.0295740463352123,0.012691066079988
2024-03-26,0.0122317962694828,-0.0124654508065047,0.00041477860656336,-0.000941410852490776,0.00851183859737148,-0.0137928920905298
2024-03-27,-0.0252024056346762,-0.00976729174560376,-0.00763744454295079,-0.0246610500870066,-0.0230126259881818,-0.032616179995668
2024-03-28,0.00355744512628015,0.015131416637594,0.0183971899718802,0.0173280545494112,0.0173425035472627,0.0203643239047816
2024-03-29,0.0206957243901106,0.0491551019757495,-0.0121181580122034,-0.0139934681623028,0.0136512588301434,0.00987182779001972
2024-03-30,-0.0306219973093544,-0.0191846502168449,-0.0035477570486826,-0.00110027181230699,0.0111616133513284,-0.0142331852184226
2024-03-31,0.00936211754736543,0.00975610198478449,0.0239528586963029,0.039109513188567,0.0427422124860346,0.0118125251867229
2024-04-01,-0.0451970965711312,-0.0515821706582535,-0.0231370023332591,-0.0399406318143019,-0.0521373077161371,-0.0289698481416291
2024-04-02,-0.0677036077098077,-0.0456395575450852,-0.0629909043698849,-0.0671991251460842,-0.061000159086122,-0.0431109222168946
2024-04-03,-0.016852426774094,0.0203802946486951,0.00812374307331964,0.0103837493547854,0.0222504967067199,-0.0181824433066371
2024-04-04,0.0202340868078037,0.0408294922142689,0.037598862711862,0.00560076207350058,-0.00699067481997329,0.0320743182996956
2024-04-05,-0.0140287166063454,-0.0111209706860915,-0.00984563041828856,-0.00335551464142725,-0.0527746953288055,-0.0103846666889617
2024-04-06,0.0163983139661646,0.0120177862176103,0.0154824963625639,0.0105795137842204,0.0249793583005493,0.00985219001918514
2024-04-07,0.00875105326710202,-0.00318720631027691,0.00674745536362664,0.0291781808501295,0.00409695840452251,0.00251486870046214
2024-04-08,0.0410231809262284,0.00478012806028882,0.0321857940970212,0.0676731187933672,0.00629751896719899,0.0341363050201235
2024-04-09,-0.0369279282180026,-0.0103973791934555,-0.0354137612037881,-0.0528226545108677,-0.0474108767251522,-0.00272193001874127
2024-04-10,-0.00957103222805855,0.0491378570444185,0.0207393012425356,0.0109447185752494,0.00592015473206686,0.00608102112953396
2024-04-11,-0.000109199720704001,-0.00854362345486681,-0.00749778258451173,-0.0109206193734579,-0.00497664761115679,-0.0141566443043353
2024-04-12,-0.1519129606115,-0.0141746428344165,-0.0417489701814358,-0.0777516251273092,-0.116257162069656,-0.104590715282485
2024-04-13,-0.117144826387496,-0.0731725565936969,-0.0515220497152349,-0.0762651730824651,-0.097653583861935,-0.131539588804046
2024-04-14,0.0458250826579278,0.023038789705919,0.0295985014949594,0.0493593845673104,0.0822359772711279,0.0475971236099234
2024-04-15,-0.0174597415149812,-0.0256134407522177,-0.0358109994965083,-0.0176855865517851,-0.088232525125628,-0.0130282254461667
2024-04-16,-0.00476397227685033,-0.0275897444730617,0.0060619201772294,-0.00539243866712269,-0.0162259134366947,-0.00208359132423697
2024-04-17,-0.0317005227296542,-0.00636671741598338,-0.0405395853499453,-0.0330173129250202,-0.0329190336375325,-0.00373966169001072
2024-04-18,0.0306948333615276,0.0326852165802904,0.0358412020861465,0.0268743124339039,0.0746195294612066,0.0163198029242958
2024-04-19,0.0229585524101271,0.00490879464987692,0.00519514287691258,-0.00220365349936635,0.00420068518514682,0.00159530845345901
2024-04-20,0.0762127415857565,0.0285514459778735,0.0178658718865048,0.0316417336836068,0.0575561120711479,0.0493905259032449
2024-04-21,-0.013163791703797,0.0150525543416844,-0.00104366247656706,-0.00327954652780171,-0.0168431419650537,-0.00875356701766739
2024-04-22,0.0346293115760189,0.0438066436835776,0.0290089017592763,0.0171256456334064,0.0551238273727579,0.0594768381508933
2024-04-23,-0.032820397167906,0.00208696855576385,-0.00646039848991542,0.00568695460798629,-0.0149484153857236,-0.0211879634906301
2024-04-24,-0.0518746882682688,0.00205030274744722,-0.032606301316271,-0.0251931602486533,-0.0460074059056774,-0.0331105849354313
2024-04-25,-0.00822470974261391,0.00968656172082305,0.00318128276919083,0.00530608322429238,-0.0194993464863416,-0.00359389028736012
2024-04-26,-0.0177589990704338,-0.0269050147897998,-0.0113289352190158,-0.00838118198910998,-0.0407651718695483,0.00114116837202316
2024-04-27,0.00925616211519231,-0.00332643365568241,-0.00528691795635616,0.0382362630280682,0.0155843403055584,-0.0159733725685277
2024-04-28,-0.0141413220551895,0.00727662889261005,-0.004835296290155,0.00325603919879924,-0.024595965455636,-0.0143911348892205
2024-04-29,-0.00677465197117455,-0.0121384919101919,0.0114670917875568,-0.014617183696819,-0.000578723678594351,0.0098557358853073
2024-04-30,-0.0368633109267551,-0.0244919006599433,-0.051494629716542,-0.0652612256467275,-0.0817405455518081,-0.0302672370002484
2024-05-01,0.0203312917616885,-0.0299695915370917,-0.0400899234806573,-0.0142100983654387,0.0586218353405092,0.033304765022997
2024-05-02,0.0185349481628813,-0.00157133872783,0.0148143925496971,0.00617119571781011,0.0233932222164448,0.00256731036842228
2024-05-03,0.0200087375427417,0.0461656629275646,0.0617572064982479,0.0378833938339245,0.0423240949446644,0.0258340516702713
2024-05-04,-0.00852093588416647,-0.00198469170905735,0.0158013443890486,0.00451187285483279,0.0162986778226566,-0.00280343705980102
2024-05-05,-0.0113743298164273,0.0106858283837594,0.00218351105696435,0.00629039850312019,-0.00289210658502537,-0.00117141614405458
2024-05-06,-0.00886680263385264,-0.00620767369710329,-0.0136673647637231,-0.0240400385809654,0.0475064492892692,0.0201121932351399
2024-05-07,-0.0277088288871117,-0.0188515064149994,-0.0131819299956479,-0.0185039984312425,-0.0310261239834793,-0.0296711389241712
2024-05-08,0.0238823501536389,0.0183781322009455,-0.0185699862584929,-0.0110096870247753,-0.0402189191989404,-0.0144228753593232
2024-05-09,0.0239036639828699,0.0132316387152374,0.0299773086041792,0.0207550296980576,0.0715561573490451,0.00731809367248781
2024-05-10,-0.0334574533216743,-0.01761946864967,-0.0364564546354895,-0.042466267818293,-0.0443655280310873,-0.0365325094316941
2024-05-11,-0.0211341829750707,0.0108788916826699,1.53568667577986e-05,0.000622116039042275,-0.00619164939813999,0.00721409243415461
2024-05-12,-0.00279054928266576,0.00404006200679419,0.0107113641527938,0.00585582617307523,-0.0124194485963756,-0.0129297254163383
2024-05-13,-0.00254634415301835,-0.00475136160853484,0.0233714942378764,0.00702877974606952,0.0258713169861258,0.0108068099593455
2024-05-14,-0.0195956395281087,-0.0429999803815431,-0.0216740381115805,-0.0233957860978808,-0.0363102923475038,-0.00998230926515531
2024-05-15,0.0565812452766494,0.0267557024854659,0.0738042976614999,0.052696553647495,0.107735706482861,0.0375295137564183
2024-05-16,0.0146976185950336,-0.0223834421827247,-0.0157557243971524,-0.0307355026435561,0.00585956195523618,-0.00639021256895722
2024-05-17,0.0473808493564714,0.0208429406527024,0.0275228349050476,0.0493497671538927,0.0633967793301595,0.0155962324038409
2024-05-18,0.000846102118814529,-0.00120035980016997,-0.0016578568052914,0.00927463899640735,0.0175909669591343,-0.00461922348745569
2024-05-19,-0.0311726644723445,-0.0101280798595633,-0.00994515955321873,-0.0165000266548407,-0.0142884309327096,-0.0227525263631126
2024-05-20,0.0705003528280377,0.0442271179119649,0.0751090888252985,0.176238286801068,0.0922054413302975,0.0528721998862103
2024-05-21,-0.0140167702147358,0.0292122505396231,-0.0185288571822948,0.0336686689194998,-0.0461052476622914,-0.000651574543115152
2024-05-22,-0.0238215656597842,-0.00608001136442926,-0.0145658695101858,-0.0138432449096264,-0.00707300236034936,-0.0196961359657785
2024-05-23,-0.0375327134124429,-0.0263766619623933,-0.0174065965877581,0.0105693574501959,-0.00495967311988821,0.00336744111067611
2024-05-24,-0.012620968855501,0.00259414267471314,0.00874339466804841,-0.0133247164400085,-0.0476487462428494,0.0140354895182608
2024-05-25,0.00559488261091223,0.00327434354345968,0.0107386583854296,0.00596617377571995,0.0038111331081776,0.0112403263911578
2024-05-26,-0.00803311366800186,-0.00394092041528094,-0.0108555230580389,0.0202408315397875,-0.0306648897326545,-0.0254177616883996
2024-05-27,0.0207016130122628,0.00615033848523883,0.0127105489937591,0.0171318506620199,0.0398750414417348,0.0104729454856018
2024-05-28,-0.0237277378244624,-0.00384012290457925,-0.0159539990459567,-0.0133857991559694,-0.00794513615953463,-0.0104274709956838
2024-05-29,-0.0132052676508949,-0.0104352855023624,-0.0105705290938474,-0.0202703835283451,-0.0034341012725374,-0.0094857237755821
2024-05-30,-0.00983544062698105,9.20144345339935e-05,0.0115770099062722,-0.004353355314894,-0.00654321520137646,-0.00841955482122214
2024-05-31,0.00196859486426704,-0.00253158464845704,-0.0128604927708071,0.00351065212725921,-0.00805033862271642,-0.0020470002895917
2024-06-01,0.0056026529351112,0.013026109043258,0.00318825810485635,0.014042427874065,0.00236959445892904,0.000990272754525345
2024-06-02,-0.00776606453361117,0.00286036572118675,0.000659449960522807,-0.00850744518516677,-0.0168903239834393,-0.00936436313305589
2024-06-03,0.0233361457469204,0.0380804714703666,0.015425138658129,-0.00384425750523931,0.0101992917500997,0.012806170274185
2024-06-04,0.00968740998087836,0.0911293952037715,0.0253002252489249,0.0121725442811069,0.0408607191202366,0.0108332522085309
2024-06-05,-0.000671978348331104,0.0183213158423836,0.00727221781660248,0.0134811527925152,0.00973687578142357,-0.000102716197277308
2024-06-06,-0.00668572883556995,0.0164258386733831,-0.00459189027201745,-0.0137198457553076,-0.020185249185845,-0.00789277356997276
2024-06-07,-0.0186379366236706,-0.0388951337827352,-0.0201945570798916,-0.0355104420599659,-0.0451724620693437,-0.0443509878573796
2024-06-08,-0.0295028794200922,-0.00101872259934943,-0.00053101963890434,0.000630688474478447,-0.0283231881483106,-0.0117046444279298
2024-06-09,0.0171122768588942,-0.0137907616137678,0.00492565912658804,0.00675631416496536,0.025714074840371,0.0109668267655517
2024-06-10,-0.00824137319326768,-0.075443617003458,-0.00195042704602244,-0.0106303162786201,-0.0196608471099164,-0.00392882536336125
2024-06-11,-0.0430749318646573,-0.0355860121730274,-0.0318673749178799,-0.0470109819835258,-0.061630155083348,-0.0333886653651374
2024-06-12,0.037006044887142,0.0272358620939874,0.0134122341743002,0.0173672709763277,0.037748784497774,0.0230907875861296
2024-06-13,-0.0386809050188789,-0.0322988421741117,-0.0219981554211603,-0.0257057047142606,-0.052000819908149,-0.0300163665406337
2024-06-14,-0.0228185166820124,0.00609543695631398,-0.0112273344053886,0.00316300385571822,-0.0290644234115245,-0.00573967589143753
2024-06-15,0.00487538648378105,0.00763412233481908,0.00272168701648567,0.0242077526220559,0.0160677709423593,0.0340273070255684
2024-06-16,0.00646690889838264,0.00369682371457092,0.00674619312120051,0.0153114738166522,0.0385380615142807,-0.00379574852661457
2024-06-17,-0.0357460336763159,-0.00919985353671926,-0.00223466979873344,-0.0306208591178549,-0.0529311560476184,0.032856293645923
2024-06-18,-0.0463016789013019,-0.0264273889048612,-0.0205057718831529,-0.00791920392908096,-0.0415264932128681,-0.0285369607213831
2024-06-19,0.000549930732686721,0.016960176052371,-0.00277398751532587,0.021487609668652,-0.0138727935273293,0.00465972415304616
2024-06-20,0.00117962164746543,-0.019673049123587,-0.00202853427771288,-0.0136515651867342,-0.0158812768949845,-0.00921636642484691
2024-06-21,-0.0215503434237051,-0.0020379069265406,-0.0113626640759907,0.00141985340456507,0.00832158743156786,0.000490958326293311
2024-06-22,0.023027485715828,0.00824606065775058,0.00243678182007834,-0.00606549946301627,-0.00684461989585294,-0.00478694439412508
2024-06-23,-0.011786605184855,-0.0232078722543747,-0.0168214413620014,-0.022045438571423,-0.0387435463831238,-0.0147646197576075
2024-06-24,-0.00669598261736359,-0.0168292651375532,-0.0470429339934118,-0.0201977024407753,0.0279966528787332,-0.0112119899791097
2024-06-25,0.0366297595346246,0.0183744347569323,0.0250209785898576,0.0132754538827164,0.0321292550513146,0.00324691063895655
2024-06-26,-0.0183082733206263,-0.00991165722895282,-0.0162031982640602,-0.00755469151072674,0.000365650099056758,-0.0128746197882396
2024-06-27,0.0153487561017424,0.014562317415578,0.0129645478634579,0.0221083765770747,0.0898271453185995,0.0107069777562614
2024-06-28,-0.013593297006892,-0.0249891266588183,-0.0210738120086127,-0.0208749131129302,-0.0674294443038921,-0.00797430826013512
2024-06-29,-0.0037978890014867,0.00469043900967048,0.00935992006469277,-0.000198088672938468,0.00219329784383859,0.00235237927072418
2024-06-30,0.0212001662594621,0.0219722902488266,0.0289892727317245,0.0176092256091085,0.0452592833792975,0.00736482976846098
2024-07-01,0.0269542691868294,-0.00877752982111701,0.00276726252690551,0.00216852767202091,0.000699924527940432,0.00243245545782333
2024-07-02,0.0362372217353246,0.00397022565704042,-0.0131801760562915,-0.00699663897803759,0.0473317003923075,0.0163951004480708
2024-07-03,-0.0267737467562394,-0.0394629092212275,-0.0303632025066172,-0.0368003944814035,-0.088152593315006,-0.0373434586484566
2024-07-04,-0.114154917013346,-0.079594310928301,-0.0545790489543485,-0.0751506149646683,-0.098338345524553,-0.0737527627400435
2024-07-05,-0.0364098669744348,-0.0316208967170297,-0.0055496078407522,-0.0241634959767367,0.0520774008516183,-0.0188163448367215
2024-07-06,0.0591930969677817,0.0578877024801141,0.0285523856250887,0.0290153016595855,0.0639375164077762,0.053894777671992
2024-07-07,-0.0685742890705717,-0.0728234921850763,-0.0430092171893204,-0.0466816555035265,-0.083440741411871,-0.0673077252538202
2024-07-08,0.0625922912523588,0.0399585361748267,0.0152105337906541,0.0300435968726784,0.0567153030809404,0.0273879652583607
2024-07-09,0.0169847312484424,0.0115927302821577,0.0227379641121495,0.0148951549991896,0.013423768699484,0.0102284418485711
2024-07-10,0.0353548003634916,0.0152698047961382,-0.00460867336984627,0.0123855726188076,0.00442140778114997,0.00713640964585516
2024-07-11,0.0177968902050859,0.00118423921071997,-0.00690924597826914,-0.000608762410681862,-0.0438536506850538,0.0225282285908643
2024-07-12,0.0509920537022164,0.0162800842880877,0.00962398455810387,0.0108519591945857,0.026469533036642,0.0556320350129682
2024-07-13,0.0580414367201177,-0.00264234313501799,0.0227530032425829,0.0136391281293804,0.0170331490817572,0.103180203701488
2024-07-14,-0.0207546535400764,0.0231541822279233,0.0259278502630043,0.0208316137134599,0.0393585271379866,-0.00660703257652029
2024-07-15,0.0301504488063876,0.0731073383729157,0.0649986203949808,0.07294205174734,0.0801039925203897,0.0283123020180239
2024-07-16,-0.0167309743080094,-0.0164394552568705,0.00349312978267413,-0.0132812762233563,0.00385605429313252,0.0743199060494061
2024-07-17,-0.00329395876157879,-0.013393978883018,-0.0151432424548243,-0.016030453163749,-0.0314306666251882,0.0781748014033674
2024-07-18,-0.0298446362167422,0.00532723420025238,-0.00225971416035264,0.0110070203142829,0.022173096128423,-0.0952377228736874
2024-07-19,0.0350650960445695,0.0373234958313029,0.0418794201096357,0.0229312973426055,0.0616383581563689,0.00730851258395049
2024-07-20,-0.00318702242007718,-0.000218894390910052,0.00677494634833131,0.00386064207270387,0.0274352613976045,0.0357774287546626
2024-07-21,0.0191017560372965,0.0138513669052127,0.0146453753701437,0.00490655796279604,0.0594417918556314,0.00472440933876683
2024-07-22,-0.0447690198330652,-0.0234231147197494,-0.00838776669011132,-0.0275738257195197,-0.0306104750255169,0.016878583766305
2024-07-23,-0.0393288143993283,-0.00994563942809279,-0.0248315035462845,0.0120121151415038,-0.0353752226311963,-0.0168953439625151
2024-07-24,-0.00795653066585922,-0.0130047651475227,-0.00846219655757707,-0.0427314448060834,0.0300757378078522,0.0351693355847056
2024-07-25,-0.0303847047543397,-0.00674959297119493,0.00617761367994518,-0.049746983442823,-0.0346852443975614,-0.0312286542994518
2024-07-26,0.0568234754471846,0.0179977788922852,0.0319399921931982,0.031481114464361,0.0629532047467007,0.00706376129259445
2024-07-27,0.00107901500465635,0.000878780255042955,-0.00145479889613931,-0.00868963790870758,0.00516682817056058,-0.0121130348093411
2024-07-28,-0.0261914142462497,0.00430785289118951,0.00650452563967185,0.0073190767291873,0.00434004109148578,0.00859570893444994
2024-07-29,-0.0083140557112874,-0.016323288021054,-0.0212622456640865,0.0148894370701154,-0.0114533472125862,0.000230887409651714
2024-07-30,-0.00579377593803831,0.0224089837209274,-0.00930534623067381,-0.0126900531349232,-0.020302022804632,0.0419439777618577
2024-07-31,-0.032660122475336,-0.0194105977510137,-0.0241834505774872,-0.0145539701963102,-0.0415012217961079,-0.0062917111555631
2024-08-01,0.0100656465164624,-0.00212144195935071,0.0113598461110431,-0.00924360622547304,-0.0244728477183651,-0.0450337202032798
2024-08-02,-0.076396484374943,-0.0576721215523133,-0.0622170138648706,-0.0697004676962134,-0.093939793034119,-0.0617062492941586
2024-08-03,0.000750056064184879,-0.0250551747415226,-0.0120394867920854,-0.0280615609389949,-0.0657716011926581,-0.00784131612310668
2024-08-04,-0.0569534408596633,-0.0632292109914969,-0.0431578827242092,-0.0776759458353835,-0.0346462398116767,-0.0611329091421016
2024-08-05,-0.0937631272870476,-0.0674339144007563,-0.0736319858212013,-0.105589156129662,-0.0611626798393896,-0.0670233522354161
2024-08-06,0.0547612757136879,0.0415189701777896,0.0371384650991171,0.0170300148028772,0.103950533718863,0.0326226748520579
2024-08-07,-0.0216485111222973,-0.0210723461004045,-0.0181319456214233,-0.0509501404149431,0.00375262407908838,0.172341031080937
2024-08-08,0.0832916062948175,0.0870141226951455,0.114615857432957,0.138374725408411,0.119131960171657,0.0275250531603603
2024-08-09,-0.00932951383273983,-0.0158886049492954,-0.0135416335526664,-0.0317099900191105,-0.0405426228177586,-0.0607897643655499
2024-08-10,-0.00649940601839449,0.0273816886236036,0.00107857542961831,0.00400195298440309,-0.0160951608768469,0.00758704468484128
2024-08-11,-0.0532788982209986,-0.0380002317409156,-0.0372135465234376,-0.0219910960483833,-0.0841979306516434,-0.0573659921558114
2024-08-12,0.0319374713024516,0.0288213471487193,0.010756599640608,0.0648920056731788,0.0342235267733395,0.0282375893659152
2024-08-13,0.0034661480459357,0.0107272472164528,0.0209245392771162,-0.00764912091036507,0.0017631827374327,0.0133275172234991
2024-08-14,-0.0139106127957414,-0.00021603945721349,-0.0313783013916655,-0.015189492393235,-0.019194556098137,-0.0125823805725246
2024-08-15,-0.0305770841931159,-0.00794144484387171,-0.0202448620971349,-0.0354813084052283,-0.00821608400287932,-0.014577130730599
2024-08-16,0.0156111766150377,0.000189003495484563,0.0229114301013418,0.00894743540404619,-0.0242162744524261,0.00632807383520928
2024-08-17,0.0192226478206401,0.0419296301939465,0.00988184063726294,0.00820336592354121,0.0175578046666081,0.00318876305177873
2024-08-18,-0.00611863563237725,-0.0197907542910594,-0.0168702379264722,-0.00045513355798299,0.00554443300108254,-0.00432487350155675
2024-08-19,0.00572383080567485,0.0517058903141505,0.0171136635560067,0.00912242214579262,0.0122456617861282,0.0597709723355294
2024-08-20,0.0203757876350974,0.0167362666751734,-0.00811202460475791,-0.0246439996066607,-0.00818023588805072,-0.00700399934753171
2024-08-21,0.0712309697154054,0.00132143507578064,0.0359874877747526,0.0224002244760406,-0.0032050827057617,0.00978824695446889
2024-08-22,0.0200571780512742,0.0226052233644083,-0.0130521141055446,-0.00321413838436335,0.00383487754036249,-0.00446454903138938
2024-08-23,0.0390637673016884,0.0149027594459215,0.0596666777899255,0.0525404443268602,0.066490842522323,0.0225647696741757
2024-08-24,0.00629121034169244,-0.0188375387744397,0.00131963081308584,0.00178632965237302,0.0485992431301323,0.00305630375395077
2024-08-25,-0.0231798565483746,-0.0112766555724564,0.00240522616054228,-0.00733237314354884,-0.0114043713811585,-0.0213080609137524
2024-08-26,-0.0479441132916193,-0.0452796344260467,-0.0228425120791336,-0.0249776948056697,-0.0105790161975294,-0.0214111414145939
2024-08-27,-0.0458525680858015,-0.0274344106433553,-0.0551928775609074,-0.0866733260534236,-0.0680211360397696,-0.0344892786128108
2024-08-28,-0.000910525770712267,0.0053050032426043,-0.0080402145092684,0.02794927437788,-0.0206735411999084,0.00403732286944869
2024-08-29,0.0193690196130836,-0.000354915783439047,0.00608965674273954,0.000149172131158615,-0.0270304780394008,-0.0137735215214077
2024-08-30,-0.0280821638886275,-0.0024439322112757,-0.00453478862002754,-0.00117544209253051,-0.0140502924054502,0.00881432646128366
2024-08-31,-0.00520429145194723,-0.00452873705960766,-0.00253330504958349,-0.00493261185800264,-0.0199348118483522,-0.00126704268548672
2024-09-01,-0.040212664308735,-0.0388416295837173,-0.0282817712577206,-0.0346062994239604,-0.0506324832803662,-0.0328898963551745
2024-09-02,0.0126643757763791,0.0266484560549767,0.0306967310826494,0.0444224959174004,0.0478815986433681,0.0351369907399198
2024-09-03,-0.0532332808189608,-0.0148691255360038,-0.0288574422367045,-0.0474331508867643,-0.0565676215234108,-0.0181271265396279
2024-09-04,0.0154906942464188,-0.0211377793100942,0.00936754896683745,0.0116534105150077,0.0461548686450142,0.00140734410954779
2024-09-05,0.00474265963963227,-0.0113897396913858,-0.0317387301454914,-0.0337355286143897,-0.03252039405728,-0.0253647970865193
2024-09-06,-0.0323389286980982,-0.0306738987406288,-0.0401788599055397,-0.0626830499964628,-0.0341248232885594,-0.0428936731526537
2024-09-07,0.0323727587696518,0.0129033694796785,0.0035329178561696,0.0223356975646176,0.0216182956577313,0.0071576756089009
2024-09-08,0.0409438833037126,0.0196227123811665,0.0128809053957024,0.0101439336261508,0.0176011873039572,0.00796483002602044
2024-09-09,0.0139197293565616,0.030437012532551,0.0389455136654462,0.0262868074500906,0.0380107241854812,0.0193601863277636
2024-09-10,0.000206786117119107,-0.00204921605450004,0.010973955159395,0.0130997925492062,0.0045045667198087,0.00266488055363345
2024-09-11,0.0275008001272652,0.0242647653928953,-0.00531411042338092,-0.0210348450820979,-0.0234061485206833,-0.0107136443917623
2024-09-12,0.00913242293943473,0.026264460041455,0.0135766976294001,0.00933309346577094,0.0271348208810611,0.0496764800524919
2024-09-13,0.0128475462806872,0.0230901792332627,0.0411907229072508,0.0332401938342715,0.021499208540968,0.0186195333879154
2024-09-14,-0.0179490299740184,-0.00621838017086418,-0.00939128628854213,-0.00946941809888635,-0.0139046607471851,0.0394287015626711
2024-09-15,-0.0460598839544417,0.000735373086169666,-0.0137983437794187,-0.0412332414766166,-0.042290111281976,-0.0432290280500539
2024-09-16,-0.0245725602526925,-0.0370764167692093,-0.016874951656181,-0.0110973936086243,-0.000203781659104507,0.0249619279850232
2024-09-17,0.010860997296207,0.0226055411819823,0.035717088660709,0.0200240280339505,0.000490351878481121,-0.00154719231410849
2024-09-18,0.026663392244447,0.0235853840676592,0.0219943305683934,0.0118951275456673,0.0184902103192597,0.00128059871979802
2024-09-19,0.0230856367213808,0.0127597195600293,0.0207211190539169,0.0393156696828036,0.0639200409195588,0.00361586321551521
2024-09-20,0.00332545972143294,0.00416206871840696,0.00400401164740494,0.0383346552803054,0.0257822859428112,-0.00375254799465652
2024-09-21,0.0181856672459133,0.0353396720822889,0.00318930301647846,0.021165907208287,0.0199959189544501,0.0219224511529696
2024-09-22,-0.0191573634444129,-0.00161588635064813,0.00399660478803021,-0.0126935375110051,-0.0320985503639211,-0.0177443991696162
2024-09-23,0.033431306961661,0.0273052707247228,-0.00502306764308003,0.0251126572587514,7.82910961323324e-05,-0.00435917281619635
2024-09-24,0.0639024157152733,0.00356274697697501,0.015234244172186,0.0021907237834089,0.0542757993820162,0.0110130568078739
2024-09-25,-0.0172997608104198,-0.0321175505357338,-0.0181859645588887,-0.0286492579973796,-0.0323622569908482,-0.0136213474518009
2024-09-26,0.0531412656367907,0.0159181521884051,0.0317640306556246,0.0202675578967337,0.0497644529421484,0.0117212034515337
2024-09-27,0.0011092167433796,0.0184127459051355,0.0093096296486781,0.0239123559621213,0.0138761419393054,-0.00253368952236521
2024-09-28,-0.00317662199331104,-0.0104178658806386,0.00147305035576117,-0.00683422342755247,-0.00532323668847123,0.0429964335587082
2024-09-29,-0.00865219805667305,-0.00860789764431669,-0.00383726267761375,-0.00681753711090938,0.0108813088568311,0.0432070799011381
2024-09-30,-0.0632868931317352,-0.0501124745135293,-0.0357624770495679,-0.0213918450206831,-0.0386280447571563,-0.0486038644829128
2024-10-01,-0.0572687300363252,-0.0345478250605771,-0.0401529704172496,-0.0610411526647523,-0.049210178209842,-0.0230973326842188
2024-10-02,-0.0242271096264712,-0.00969063078415466,-0.00336252896593869,-0.0347715945183324,-0.034338332951326,-0.101548408534039
2024-10-03,0.00357494047372131,0.00315074803402737,0.00208608537377586,-0.00654948450848369,-0.0259809152980317,-0.0336785754709926
2024-10-04,0.0176883594279584,0.0199299864500082,0.0213002835593876,0.0272874620331818,0.0456368871338704,0.0234566500771692
2024-10-05,-0.00193130802752073,0.0139909263308402,0.000362002616499879,0.00034692206084852,-0.00322176744508962,-0.00910853276383661
2024-10-06,0.0183917023572122,0.0129369740623178,0.0116727017835174,0.0100198465115335,0.025805120367612,0.00770583781060774
2024-10-07,-0.0162639919524894,-0.0112683803480769,-0.00931261159307084,-0.00747105501970058,-0.0168756660993967,-0.00687902536721696
2024-10-08,-0.0199724469495,0.0284045122515062,-0.00168356653762025,0.007423125435154,-0.00415724319213329,0.00176094132563964
2024-10-09,-0.0140746219562387,-0.0176016987699841,-0.0252611554684634,-0.0297673907276019,-0.0288576390046993,-0.0123883446498767
2024-10-10,-0.00239326213675772,-0.0133300686539348,-0.00509036697595278,0.00655473710973897,-0.00307058444429575,0.0107086074121991
2024-10-11,0.0356376025539922,0.017844117933584,0.0353784793604461,0.021847948378956,0.0456880866807579,0.015576793982962
2024-10-12,0.00576382908372208,0.00625166465733074,0.0119062983322582,0.0162875440193124,0.0076684979515198,0.00234358171881122
2024-10-13,-0.014776801925767,-0.00806094530990986,-0.00542109412935865,-0.00357841531348591,0.00729172221583951,-0.0149756199899985
2024-10-14,0.0445487399858469,0.0294298988850192,0.0495805492882901,0.0632882475334631,0.0647578831423967,0.0305352315257827
2024-10-15,-0.0148449159782729,0.00894064537946715,0.0149526424220383,-0.00874056036929893,-0.017455929682237,-0.0120592386486159
2024-10-16,-0.0168824543527237,0.0110939416310316,0.00849010854745025,0.00194746366302301,-0.00314871135380557,0.0121029605909914
2024-10-17,-0.0272977854058138,-0.0147181994187902,-0.00315352878722663,-0.00261864834037695,-0.0257324620261441,-0.00803695709032959
2024-10-18,0.0221359397503638,0.0122972006618109,0.0150048970496641,0.0142129908216866,0.0305299492873292,0.00528887697645075
2024-10-19,0.00270794974975308,-0.00232194100034189,-0.000819623721527662,0.00268599607036535,0.029647402890367,-0.0041877484249534
2024-10-20,0.0367940470965704,0.0125351923656609,0.00930333018193963,0.0362251475388788,0.0447161223279702,0.00621852540671719
2024-10-21,-0.0107055771860944,-0.0111270092091216,-0.0239632629213027,-0.0298066117230213,-0.0043399836653979,-0.00510569945141848
2024-10-22,0.00790309912775289,-0.00915458307533612,-9.56779931780005e-05,-0.017221547923449,0.00625696684349819,-0.0213020852912974
2024-10-23,-0.0426938892781883,-0.018518904527415,-0.0138904382136982,-0.043326024821444,0.0217183457751693,-0.0154322331571837
2024-10-24,-0.00663101575526293,0.0198563667756204,0.0256915479674529,0.0100721254515213,0.035767274282942,0.0123940805798776
2024-10-25,-0.0653200211870242,-0.0340687540216482,-0.0225321334727955,-0.0396655114084368,-0.072564951678828,-0.0577554272533025
2024-10-26,0.0271787206284477,0.0147834135988907,0.00557070573325014,0.0177682866444506,0.0354715268402321,0.02137114808187
2024-10-27,0.0193760864332237,0.0100890629088122,0.0135554840575676,0.0105656063371793,0.0336569963777453,0.00703507066700981
2024-10-28,0.0114794174232833,0.0199790219911291,0.0287092151025554,0.023430015732826,0.00877316700283082,0.0054963067051923
2024-10-29,0.0339013869721509,0.00840982246137933,0.0394465905777626,0.0279107526048668,0.00702640533060883,0.0165959861888502
2024-10-30,-0.00108869047589844,-0.0165485078362373,-0.00525236341818669,0.00733292383077178,-0.0250419777041442,-0.00940543008295336
2024-10-31,-0.0385037629362204,-0.0336163971326604,-0.0298062208969245,-0.0547473020077582,-0.0378369638920599,-0.0266182667787224
2024-11-01,0.0436304058153136,-0.00569678777045546,-0.0104901612367794,-0.0015569071230157,-0.0129545460101079,0.0071049669087444
2024-11-02,-0.0264436552014031,-0.00828452794027434,-0.00278436278552974,-0.00832188912630905,-0.00151553525826831,-0.0059018628842894
2024-11-03,-0.0395502896946389,-0.0184697478299771,-0.00794258611024823,-0.0140046162699017,-0.0210564638991393,-0.0136636328213439
2024-11-04,-0.0250382672955922,-0.010039611796695,-0.0136156113622654,-0.0244782047131737,-0.0300005215613384,0.000586356604421745
2024-11-05,0.0239577802818449,0.0206893257999257,0.0225721124909306,0.0106332889134189,0.0553370119684962,0.0212403967646324
2024-11-06,0.0843788455058081,0.0491324141368219,0.0866690312684639,0.117301252640699,0.114536678369048,0.0537737856471447
2024-11-07,0.108626898834531,0.0108208469857143,0.00350764968747974,0.0610238212650165,0.0489535063823814,0.0224316383230715
2024-11-08,0.0914886399257071,-0.000814935141342232,0.00840432333931673,0.0227775380045969,0.0181920534267359,-0.00117788974204092
2024-11-09,0.106479741682245,0.0432461557308734,0.00304440638133485,0.0554337463553338,0.00127909766894785,0.00971299704245032
2024-11-10,0.178758634398903,0.00627106221636264,0.0470070453718439,0.0190395621435027,0.0507342917928524,0.0520542521082932
2024-11-11,0.0390359679326464,0.0520734364432611,0.0973401431249616,0.0559017471170868,0.0555378907705499,0.0513979137353375
2024-11-12,-0.0671956341924135,-0.0541424859591375,-0.00844206626910626,-0.038837171708261,-0.0478845255026004,0.131546431379699
2024-11-13,0.00842727863348414,-0.00962109997342875,0.0294448504877618,-0.0166683777689443,0.0138169276429041,-0.0249099509045251
2024-11-14,0.00231425723374223,0.00109410211544159,-0.0374969223188124,-0.0427630576300793,-0.0281141686144073,0.113179160345933
2024-11-15,0.150091069899393,-0.00453616907432863,0.0428021182914264,0.0143111412759218,0.0415484465933407,0.143280046003236
2024-11-16,0.0916188110581545,0.00565035651308321,-0.00558881224411856,0.00969599449279812,-0.0103520264867383,0.226702980551044
2024-11-17,-0.0505416790223209,-0.00640422746282088,-0.00790035044031789,-0.0185584011251567,0.0959072911954904,-0.0596055855876208
2024-11-18,0.0449026400231654,0.00167292111507944,0.00772546540607522,0.0420829005896746,0.00929566782371616,0.0585739068878757
2024-11-19,0.00686743726007971,-0.0055820043484287,0.0196975431836517,-0.0305352860860566,-0.00710080473961838,-0.0144055717582368
2024-11-20,0.0788765713547298,-0.0161527026379238,0.0213814449984326,-0.0126776464344083,-0.0112937605590782,0.000321244797140616
2024-11-21,0.0248393676648749,0.0271939064089928,0.0432046373822121,0.0898645943802059,0.0879457227148048,0.126025317106562
2024-11-22,0.208242022753558,0.0170134396556598,0.00499172209506149,-0.00880168366330558,-0.00213094761239052,0.161169737073868
2024-11-23,0.0537666013380012,0.0275314200562153,-0.0124040025297933,0.0192111279923992,-0.00523812628559561,-7.5468767567477e-06
2024-11-24,-0.0412925241291047,0.0139082640809498,0.00241624032647891,-0.00963440550568073,-0.00889199384142803,-0.0252283144736806
2024-11-25,-0.0786845706441147,-0.0365169894479278,-0.0514096372932897,0.0147213910492567,-0.0758434717907335,-0.0119305558981247
2024-11-26,0.0163020156470865,-0.0368813701672561,-0.0120698525342817,-0.0258251207041464,-0.0149045709614164,-0.0100116890631855
2024-11-27,0.0527971611844831,0.0498479272818821,0.0423288133049571,0.0947853875464553,0.0478624587671908,0.0497567745849686
2024-11-28,0.0197011017499627,0.0144897073023458,-0.00323631000313362,-0.0214011466680919,-0.0189071548116306,0.0454805602120111
2024-11-29,0.0410887965170306,0.000684585897974266,0.0187361629072083,0.00381494337422872,0.0240415883720333,0.153314802726725
2024-11-30,0.0019332946045782,-0.000734209083578463,-0.0104427304650976,0.0307485156955583,-0.0241268179895311,0.0788410485421605
2024-12-01,0.0683376076177583,0.00244734829926063,0.00857631162029016,0.00147224301276871,-0.00283822204000383,0.176853393324732
2024-12-02,0.0394820011729483,-0.0127931781375139,-0.0146471197983615,-0.0182094067558616,-0.0488995311656808,0.156688352670879
2024-12-03,-0.0030418509358473,0.130267919422759,0.00142660346856083,-0.00646584685219587,0.0367211722573906,-0.0719019405256807
2024-12-04,-0.00905997335590081,0.00210725293899205,0.0284083108720061,0.0591483349459097,-0.0219340073638126,-0.0701451363694247
2024-12-05,-0.00219891015585216,-0.034306088386229,-0.022266865312222,-0.00792513536220163,0.0210727736424019,-0.0254819873130334
2024-12-06,0.0384140105557716,0.0244553165022499,0.0338648017678089,0.0498521437821609,0.0129600354567279,0.0549004249510346
2024-12-07,-0.0138316598636633,0.0246475636570205,2.62704848239537e-05,-0.000778652392773083,0.00629476536654305,0.0761619266768869
2024-12-08,-0.0148561901841183,-0.00934278064704142,0.0130513278197402,0.000752201208584324,-0.00789375110747326,-0.00316795230392719
2024-12-09,-0.171705215759655,-0.0745118915405847,-0.0382925034662129,-0.0743479213224472,-0.0852069517013287,-0.161682044078814
2024-12-10,0.012439794002241,-0.0189359645718641,-0.00780279355398861,-0.0236338879518456,-0.0163135454689964,0.0655004497571561
2024-12-11,0.0651982987669664,0.0501669615011693,0.0454729495707635,0.0538636687806129,0.0617604084635248,0.0129624482902796
2024-12-12,0.032638445931102,-0.0082767734173812,-0.0112321381496034,0.0130328539813718,-0.00184882201792114,-0.0241638511085051
2024-12-13,-0.0048240010019432,0.0283647302384828,0.014057223472296,0.00721138697092094,-0.00969070195966815,0.0329784037696591
2024-12-14,-0.0542214736080673,-0.014645900547837,-0.00085084179341699,-0.0110032449883057,-0.0224735468507173,-0.00938342551483606
2024-12-15,0.0381099922532199,0.00479304910146539,0.0284523776965298,0.0213645435758831,0.017213156977288,0.019913323484758
2024-12-16,-0.020960539889639,0.00165628414208285,0.0164605674430298,0.00895280078884042,-0.0332886681761284,0.0169012555862246
2024-12-17,-0.0256597241069784,-0.00507146170039618,0.00104522463303525,-0.0255822138989839,0.0295216285193431,0.0302889900859352
2024-12-18,-0.0823308602397299,-0.0413910624710949,-0.0591791546537692,-0.0714374145979129,-0.0766219981735636,-0.107681877551645
2024-12-19,-0.0895112129676635,-0.031097691826881,-0.0258259051251439,-0.0571055507010421,-0.0604039231255173,-0.0239134453140699
2024-12-20,0.0713709372925296,0.0171308573811855,0.00271427355318465,0.0158556794980758,-0.000393004678967301,0.0123714569095117
2024-12-21,-0.0499288435095155,-0.0220785817073628,-0.00544879117212105,-0.0397513448678826,-0.0687695240771422,-0.0171760727763304
2024-12-22,-0.0242987727946331,-0.0222188159771397,-0.0220441803820144,-0.0180471847228567,-0.00626630368484804,-0.0174789638115833
2024-12-23,0.0456802691012954,0.0660534322567283,-0.00441217544912043,0.0413157889104312,0.051832050190014,0.0259988932698594
2024-12-24,0.013128543918053,0.00538290823613607,0.0412739940682787,0.0220814483331431,0.0374211599089262,0.0294057613938634
2024-12-25,-0.0211531614700217,0.00798509386202628,0.00629476156273689,0.000339441228199178,0.00248461921403464,-0.012402935936496
2024-12-26,-0.0642712850028613,-0.0200869452218413,-0.0359215932968038,-0.0474879882201478,-0.0480312103723222,-0.0636714132656351
2024-12-27,0.0172763480840543,0.0030015843191844,-0.017168804864955,-0.00069332987136228,-0.0235983183897011,-0.00590744082949779
2024-12-28,0.0148069392936356,0.0432686359185084,0.0105539109069124,0.0205112599817223,0.059065837150885,0.018126264011978
2024-12-29,-0.0334159092517269,-0.0384641577330633,-0.0173163173686017,-0.0143431936693883,-0.0273917843890299,-0.0410183933841132
2024-12-30,0.00160239859939018,0.0148679734148347,-0.00952898919172895,0.00205166991534611,0.00674307345988723,-0.017158283680848
2024-12-31,-0.0190781144391853,-0.00449698178132785,0.00844829005287195,-0.00713446286003894,-0.00927484809184431,0.01090327946087
2025-01-01,0.0838787914885829,0.00785234973366133,0.0105463864569462,0.0062735172956998,0.0240616839596832,0.110146305298028
2025-01-02,0.0465805277861087,-0.0011816395528319,0.0257937106935469,0.0287719812471217,0.0692103825877597,0.034296165277735
2025-01-03,0.125944524508498,0.0112237372890265,0.0125190387534921,0.0435466842109395,0.0469178809570581,0.0203975365107353
2025-01-04,-0.0175563610253711,0.000276895201041683,0.00131195370335746,0.0145119104984097,-0.00517718424320002,-0.0136692434020169
2025-01-05,0.0203871320188062,-0.00644073253588839,0.000801159028473108,-0.00647386808185502,-0.01501967534863,-0.00824514698913092
2025-01-06,0.000600626376198427,0.0280026182999515,0.0375618565168185,0.014887531318589,0.0246681871064656,0.00791943060361944
2025-01-07,-0.0979760998757991,-0.0449078615257106,-0.0518242829786963,-0.0869077685531838,-0.0783997549800199,-0.0624598853441647
2025-01-08,-0.0453459743881128,-0.0021988691382191,-0.0195788576965654,-0.0164728873996474,-0.0233693904439285,0.044311253569388
2025-01-09,-0.0453589373727693,-0.0155205975451098,-0.0272988491790347,-0.0326648659065789,-0.0655450496550412,-0.0430525672999613
2025-01-10,0.0277174478616221,0.0123356093800799,0.0236932656291593,0.0148175715588597,0.0137085531736263,0.029466427461615
2025-01-11,0.0655185114928502,0.00436370522876661,-0.001425062497864,0.00449724126852402,0.00221706222079554,0.0949970186195667
2025-01-12,-0.0264589899908439,-0.0051947187706114,-0.000826809568998499,-0.00496830034739482,0.00300016834995542,-0.0277235391460439
2025-01-13,-0.0248933431381308,-0.00692206781696569,0.000297197889064904,-0.0407624708626422,-0.0308322057494399,0.00660970855570453
2025-01-14,0.0517393644160191,0.0149289214961685,0.0211210930715602,0.027736408727975,0.0251852954063621,0.0563308089524598
2025-01-15,0.081281429229984,0.0218162799832422,0.0403066614062269,0.0680050624458257,0.0936743606471184,0.167253168831993
2025-01-16,0.0100910824329362,-0.00805783877746968,-0.00746613592099976,-0.0420819150241236,0.0254916623412562,0.0282748665839838
2025-01-17,0.0404715858785674,0.018814537028133,0.0460874538869582,0.048889389447373,0.0389687412007804,0.0162270318586886
2025-01-18,-0.029548037859354,-0.0172247295064816,-0.000516768544455815,-0.0496621781129356,0.175941123879512,-0.00749046522074792
2025-01-19,-0.106040043606837,-0.0391260622709941,-0.0322996292772473,-0.0297270862313219,-0.0440436159208604,-0.102615433517489
2025-01-20,0.0174548382606965,-0.000587437867866747,0.00912882807456583,0.0212960252599856,-0.0338324349639869,0.0479460085263836
2025-01-21,-0.00396358619147173,0.0145796107816745,0.0396818342587633,0.0149488169348562,0.0331435053888907,0.0221934300547126
2025-01-22,-0.0231698407736014,0.0045668184685459,-0.0237685469930415,-0.0265504453025702,0.026884559695004,0.000537790390904069
2025-01-23,0.00594172107862858,-0.00690087203821133,0.00295840268421443,0.0287443006707804,-0.0148121783252639,-0.0162820362535105
2025-01-24,-0.0163353001841565,-0.0145805503650998,0.00823181116278171,-0.00757323334521587,-0.000370859660120182,-0.00527302550748887
2025-01-25,0.00592987768331255,0.00886266904804511,-0.00100065745700384,0.00232829559244507,0.0106485940956924,0.00200314702402249
2025-01-26,-0.0232044688121447,-0.0288330901364517,-0.0195973135639242,-0.0247625210124465,-0.0611515962395535,-0.027211220493391
2025-01-27,-0.0232164299924242,0.0193529816222195,-0.00580957785144776,-0.0178378476986758,-0.0244109581342631,0.00886836015881087
2025-01-28,-0.0182022039495328,-0.0273928987636962,-0.00742516761539669,-0.0325499723638405,-0.0340541275023192,0.00259556943245887
2025-01-29,0.0269362083624287,0.00942166469402128,0.0231261207465305,0.0115949046291277,0.00325593430710036,0.00234084962300618
2025-01-30,0.0209108530129528,0.0146710488521329,0.00990318110772748,0.0423851172810235,0.047456329841169,0.0202527396417589
2025-01-31,-0.0197406326054439,-0.000263073066097519,-0.022500491172309,0.0154249190535971,-0.0313849839531812,-0.0310246812157744
2025-02-01,-0.0481406399810696,-0.0359856903900866,-0.0172279369718282,-0.0560994566783979,-0.0802044894933625,-0.0510089422312854
2025-02-02,-0.113323321896229,-0.0563978378591727,-0.0299191082065491,-0.0834406769982783,-0.0511758151801764,-0.111630945412065
2025-02-03,0.0121727614444108,-0.000777273980641979,0.037337836664646,0.00551820042812157,0.0621755664226535,0.0459698995195613
2025-02-04,-0.0837718133060508,-0.0736071077812435,-0.0354678933406181,-0.0532244994273521,-0.0428076345454746,-0.0633185376231301
2025-02-05,-0.0177544924720033,-0.00626545983315641,-0.0129200487537542,0.0190950589664567,-0.0551088751024738,-0.0622885846371509
2025-02-06,-0.0391451071646789,0.00442577660708654,-0.0002292695179964,-0.036298692340945,-0.0322282259074669,-0.0235443655314553
2025-02-07,0.00287649685853136,0.010071509592434,-0.000664976673661499,-0.02492862374383,0.0127347530707373,0.0282631262093355
2025-02-08,-0.00744394151277694,0.0592042102169552,-0.000483212699446511,0.00384323641277895,0.0377541649634168,0.0127827449040966
2025-02-09,-0.0276612811051162,0.00539507321182064,0.000182820937279615,-0.00136367177984997,0.00448721075461478,-0.0113812552936191
2025-02-10,0.0401835758624063,0.00270847628713522,0.00966772822799378,0.01226716478204,-0.000704520202861936,0.0106880956572578
2025-02-11,0.0922825285277714,0.0385054017371091,-0.0174979243693834,-0.0221837874782933,-0.0119196098212235,-0.00350640261303814
2025-02-12,0.0251181994235967,0.082769964068989,0.0220883159193477,0.0502457939539767,-0.0061230755254682,0.0239906776518403
2025-02-13,0.0143086223996226,-0.0435690697740831,-0.0129763165895191,-0.0225399207159862,-0.0118234786532678,0.0356239144695976
2025-02-14,-0.0127046149366841,-0.015432295099461,0.00911857791722959,0.0185821782494617,0.0277642736525516,0.0670402408408506
2025-02-15,-0.0245293177005491,0.00648919364966272,0.000731796241549176,-0.0120052478650781,-0.0276556026094585,0.00777283865191714
2025-02-16,-0.0117249158815287,0.0176192540738782,-0.0145063836274559,-0.0112917377009358,-0.0313141777344939,-0.0122977241745568
2025-02-17,0.0456019470744526,-0.010246286588079,-0.0041849684006614,0.0295530832150881,-0.0589868663353608,-0.0258275457013915
2025-02-18,-0.07137404671101,-0.0301020987790457,-0.00244453999348515,-0.027294188903543,-0.049641667528511,-0.0381081560187727
2025-02-19,0.0269863778969584,0.00933372768916207,0.011407035189924,0.0172450630691499,-0.000434708050208066,0.068681388803823
2025-02-20,0.0399833100387099,0.00562484911254835,0.0174219113580332,0.00902307004699576,0.040799098509277,-0.0184012639461705
2025-02-21,-0.055067865765346,-0.0157988846924182,-0.022714094704245,-0.0299023498437228,-0.0415044568320848,-0.0458886571440258
2025-02-22,0.017034867927838,0.0329572288270024,0.00469334730219551,0.038492895560239,0.019183593235323,0.0021633459055953
2025-02-23,-0.00571189929498783,-0.0160896872679741,-0.00315098307034134,0.0205119180975251,-0.0242500348566939,0.000509992122413538
2025-02-24,-0.121117971178337,-0.0691238611243197,-0.0517532055364907,-0.115397402045499,-0.168437819833703,-0.123366938865501
2025-02-25,0.000556922156574602,0.0145167971884099,-0.0297766693549981,-0.00807956783391894,0.0148083186772583,0.0186095046343683
2025-02-26,-0.0565734535146244,-0.0198570169538224,-0.0507280862209694,-0.0672329309662327,-0.0665367511556338,-0.0568634209254282
2025-02-27,0.000847640021840013,-0.00916163740167875,0.0042259806609497,-0.0112007271794718,0.0204775196997966,0.00282980480936201
2025-02-28,-0.0196059301257887,-0.0296389711058467,-0.00391796299389746,-0.0297505128114048,0.0729129460401552,-0.0244256775063236
2025-03-01,0.0405745972587241,0.0335773055999047,0.0194707833624168,-0.00954625320976099,-0.0298563397742493,0.0207599189817002
2025-03-02,0.538407451892941,0.0250727754450377,0.0912150149568642,0.128143666447766,0.217004672311297,0.293192081683812
2025-03-03,-0.27812279969563,-0.0797783196326467,-0.0908227048294563,-0.160730591981133,-0.228587832166897,-0.207858772483492
2025-03-04,0.0958272901713086,0.0145276694636127,0.0133482006343737,0.0113270391590854,0.0201827167744453,0.0286760944840433
2025-03-05,0.0355650221209361,0.0243570461785474,0.0382554190530353,0.0326240544707321,0.00927752551356509,0.0183080604075502
2025-03-06,-0.0720516458786583,-0.00209605103991528,-0.00732993151532568,-0.0177756491420871,-0.0201101552259324,0.0396818711762317
2025-03-07,-0.105356604277789,-0.00463661837521112,-0.0364383782693096,-0.0292499392445089,-0.0293482533429374,-0.088393590840801
2025-03-08,-0.0149347060877308,-0.00148689905443344,-0.00680265695012139,0.0288109948349993,-0.016419339393428,-0.0247342356796789
2025-03-09,-0.111001450531132,-0.0671188950186528,-0.0666317432215333,-0.0882717578959715,-0.0798262831336007,-0.0847802946379306
2025-03-10,-0.0683117824255846,-0.0413392973249636,-0.0260053559872766,-0.0796765351661071,-0.0665777482332679,-0.0560154229508326
2025-03-11,0.0716914875921148,0.0357231133551235,0.0536729340651245,0.0310491275227003,0.0572690692454634,0.0710522617306631
2025-03-12,0.0176365978160611,0.0328561585620131,0.0103269598158153,-0.00567397379033086,0.010477066304956,0.0335079894632316
2025-03-13,-0.0461294318917566,0.0162284718518571,-0.0322337677609106,-0.0243986884333154,-0.0263920890767491,0.00456523201266112
2025-03-14,0.0500269373502791,0.0135766578589331,0.0351765814759233,0.0246526465886223,0.0782028152043779,0.0457751173642382
2025-03-15,0.0134173358099955,0.0536332614958361,0.00444422215127283,0.0145196855680867,0.0193006900047905,0.0154940407342079
2025-03-16,-0.0585083545586168,-0.0282730333895511,-0.0211293785421951,-0.0261253127811933,-0.0758240618939254,-0.0406659616657769
2025-03-17,0.0173168305984177,0.0472631524169724,0.0179536985740842,0.0207471142609936,0.0171209392919556,0.0184421812571567
2025-03-18,-0.0225489113306753,-0.00512610399654623,-0.0162741576821936,0.00287107892717131,-0.0224962427116608,-0.0232001334595245
2025-03-19,0.0582609870327487,-0.0142330609970527,0.0487878794530605,0.0627756895984284,0.0786944241554153,0.107237663765687
2025-03-20,-0.0365131378601067,0.017107264691461,-0.0314259156183105,-0.0374558634745057,-0.0614123406223657,-0.0446481621198397
2025-03-21,-0.0174329378859211,0.00737869526660173,-0.00147378663628928,-0.00874216325552446,0.00729216281715583,-0.0230158197484822
2025-03-22,-0.0059399729686172,-0.0127396262720936,-0.00251088025103741,0.00770130497978005,0.000425605188656419,-0.00398139465098779
2025-03-23,0.0121480192174924,-0.00516018892783787,0.0261587898176749,0.0126773171909855,0.0315198934508736,0.0273335346217842
2025-03-24,0.0298348443464469,0.0211041277912107,0.0166470186737477,0.0353618675399883,0.060500408194395,0.00518837415484774
2025-03-25,0.0192459907047292,-0.0105823296277459,-0.000311034368589702,-0.00468723360820178,0.0207098442385272,0.00130131132931421
2025-03-26,-0.0232664359159072,-0.019437205663877,-0.00654715703687003,-0.0287365848319974,-0.0464571062025607,-0.0426117345122933
2025-03-27,0.0131130687226925,0.0309025879877103,0.00317350850323628,-0.00340612547010188,0.00768268840560005,-0.00461409670525936
2025-03-28,-0.0445201446050291,-0.0282223096024135,-0.0329295655003286,-0.054840995788628,-0.066680459324906,-0.0590769627738033
2025-03-29,-0.0458647172303814,-0.0265606371554439,-0.0210316800081269,-0.0366336179802351,-0.0380778647092237,-0.0295540525664866
2025-03-30,-0.0198023778829284,-0.00233622398989031,-0.00318995159971358,-0.0116150794867194,0.000441238903371222,-0.0017801839414282
2025-03-31,0.00111783938124854,0.00537346001743799,0.00260051281161644,0.00951124846910822,0.000413083201319608,-0.0218871090570417
2025-04-01,0.0242084395952982,0.0102343182829205,0.0312485205315678,0.0439932043987836,0.015819236175755,0.0235092965975158
2025-04-02,-0.0546124505138446,-0.0343805382961762,-0.0320144583229851,-0.0595604475170157,-0.0730544903712804,-0.0550212081506365
2025-04-03,0.0130372733236022,0.00251424748951212,0.00745365649204111,0.0112569748989921,-0.00592947258747767,0.0183000553672239
2025-04-04,0.015856844616166,0.00917033974218029,0.00887686580650637,-0.000166347699486202,0.0477511222611815,0.0317306611374319
2025-04-05,-0.00878710939893745,-0.00749908618984563,-0.00405152206907289,-0.00517048431887712,-0.0208024644807123,0.00691427574625036
2025-04-06,-0.133608432826623,-0.0671501323372894,-0.0654492252250964,-0.135747821283577,-0.128929168572769,-0.111319614318685
2025-04-07,0.0218238865313735,-0.000201088110785008,0.0129675075607985,-0.0137213348593761,0.01120126987073,-0.0105571518964686
2025-04-08,-0.0481901193471796,-0.00183400109557752,-0.0381170762617487,-0.0546327987842101,-0.0130933023843491,-0.0559067649210021
2025-04-09,0.124219968961989,0.0509019577804422,0.0793890094423801,0.124651610470702,0.120780405102211,0.133922957947624
2025-04-10,-0.0359229783841433,-0.00855926030258303,-0.0363518545774042,-0.091283240014933,-0.0539557825036994,-0.0424410688925877
2025-04-11,0.0239628362605483,0.0149260738227834,0.046363853795274,0.0288924750311921,0.0745295916798927,0.0287736982841814
2025-04-12,0.0540808970234603,0.0186515639741112,0.0223170294885673,0.0475869513297225,0.0845931870392738,0.0644493039866435
2025-04-13,-0.0320430759602713,-0.0221494801120263,-0.0189638521368707,-0.0289153938739917,-0.0282164455252509,-0.0179592480729585
2025-04-14,-0.00502928968811678,0.00050107875068317,0.0101936028754448,0.0162044020706125,0.00565808960755199,0.00308695933436287
2025-04-15,-0.041340671079236,-0.00798816118364343,-0.0103846276257755,-0.021260952961951,-0.0238474892269194,-0.018127377073356
2025-04-16,0.00205970497802183,0.00536809723986309,0.00435145324422415,-0.00664856964828875,0.0402561421092109,-0.00254421289113682
2025-04-17,0.0095963942918576,0.0125426287148862,0.0102041347801549,0.00281144125946486,0.0244165654274893,-0.00811004873016052
2025-04-18,0.017914029386317,0.00271029745747864,-0.00525486139588693,0.00402106612281106,-0.00465260289888825,-0.00139854971057951
2025-04-19,0.000810935326296114,2.18656674482176e-05,0.00722785435350382,0.0149904816405115,0.0414687993265126,0.0114642826229168
2025-04-20,-0.0130991687641331,0.00201834797620126,0.00130277404441159,-0.0158785204153329,-0.0142379722758212,-0.00495591727258604
2025-04-21,0.00668643899232024,0.00746277400626294,0.0271550412785437,-0.00491265533270457,-0.00779812776987843,0.0040907658219842
2025-04-22,0.0866325548548699,0.0352150452220821,0.0654849109954956,0.106539766109106,0.0843749831506342,0.0604500582836708
2025-04-23,0.0249103435630754,-0.0212510315990775,0.00274893168226598,0.0218234535662303,0.0160948996592305,0.000849583907759022
2025-04-24,0.0341883633419879,-0.00678938839142873,0.00260801373823938,-0.0147355751997074,0.00758537367778356,-0.00579476466587037
2025-04-25,-0.0107050196600637,-0.00255394774111473,0.00823375196990739,0.00944925698093257,-0.00915930361009387,-0.00979591508152422
2025-04-26,-0.00931309631704219,0.0124567616086591,-0.000777011298330521,0.0195358461335058,-0.010830333519384,0.00463180576824984
2025-04-27,-0.00502446606778256,-0.00674576354121026,-0.00947010835713868,-0.0160546471436902,-0.00701454884605113,0.0283417885758301
2025-04-28,0.00213551797883121,0.00453977398060523,0.0129698521864601,0.00333368263108014,-0.00294470289056381,0.0170945264929635
2025-04-29,-0.0130546916272044,-0.00883892640720152,-0.00733330942544441,0.000180016713613895,-0.0093942718772384,-0.0239594870540791
2025-04-30,-0.020896680119368,-0.00224415525230715,-0.000822066985522341,-0.0030060374028773,0.00826561367012157,-0.0222212156304405
2025-05-01,0.03388622931973,0.000394316856253241,0.0239657788961871,0.0250198601127343,0.0214647701777055,0.0102618341731497
2025-05-02,-0.0105340129673305,0.00207474879203939,0.00431985343632491,0.00189375120873336,-0.0187130664566624,-0.00195801086635827
2025-05-03,0.00426713084621649,-0.00305344928528228,-0.0105629983809017,-0.00482418954320707,-0.00850606584421154,-0.00976048843759758
2025-05-04,-0.0353301342679138,-0.0225032806413124,-0.0165698419005675,-0.013862097671101,-0.0193485426207065,-0.0140687084021786
2025-05-05,-0.0204774038896728,0.0197604675585019,0.00457071474008686,0.00612040426486438,0.0186711082751181,-0.010335034420657
2025-05-06,0.022971690377217,0.00797248617085522,0.021451265529473,-0.00253659447810595,0.000475447839321852,0.00923846556271835
2025-05-07,-0.0106642683064977,0.00133656875308485,0.00237154382422311,-0.00191956411238436,0.00304335014987878,-0.0136675139085003
2025-05-08,0.132924126452979,0.0412151858569088,0.0620264035337463,0.197200063212163,0.107741703751527,0.0886159021978112
2025-05-09,0.0143845777358678,0.0590117776373162,-0.00262457199628585,0.061087532978334,0.0526712035885328,0.00920643390127995
2025-05-10,0.0785612757550868,-0.00490228857187702,0.0166180931818687,0.0962262320282363,0.0273581457826717,0.0528945466318534
2025-05-11,-0.0440876442262248,-0.0197714543068317,-0.00565098397007624,-0.0283504665872734,-0.0262121087144047,-0.0436170379906085
2025-05-12,0.015591083136388,0.0150392789126155,-0.0125017146072697,-0.00552871210607542,0.00703444163354927,0.0725657612923634
2025-05-13,0.0168838022485452,0.00767127776029497,0.013111031807524,0.0710163912068129,0.0544907924614799,0.016335834813321
2025-05-14,-0.0392919063797418,-0.0197246383361449,-0.00607002763940656,-0.0264907179689118,-0.0404641526049589,-0.0131714429131665
2025-05-15,-0.0490589624255461,-0.00200458478465837,0.00198014873712182,-0.0245144241590474,-0.0445477527204776,-0.069898065514195
2025-05-16,-0.00259781225167521,-0.0076186035224195,-0.0024643811186511,-0.00415464108966646,-0.00996631294009909,0.000259181594508218
2025-05-17,-0.022486775918487,-0.0104243013236225,-0.00288564728922225,-0.0241602273259893,-0.00842051305064295,-0.0112432835405346
2025-05-18,0.0242737855185014,0.019424009483652,0.0310554149584075,0.00903878373829503,0.0469019894096716,0.0333356383558333
2025-05-19,-0.0233610059725864,-0.00355049652826089,-0.00792099837264715,0.0123059607079083,-0.0412925441523919,-0.0219265458790797
2025-05-20,0.00358150635152443,0.000735135026141975,0.0111575687100771,-0.00197637765265224,0.00965846855398933,-0.0103940044828668
2025-05-21,0.0329615321419583,0.0344849655325792,0.0266750544968755,0.0110998715940323,0.0303855588179536,0.0177354648002009
2025-05-22,0.0474090172652813,0.0192549534180246,0.0180279639423642,0.0428742844419592,0.0340139234769898,0.0127857572802141
2025-05-23,-0.0794980362509089,-0.0447071799466316,-0.0400625623389939,-0.0530757311965901,-0.0331869360486357,-0.0573699372740604
2025-05-24,0.00108739821346016,0.0182330166734888,0.00468070247407582,0.00166275396423909,0.0126734124949301,0.0166623066522936
2025-05-25,0.016973854815253,0.0024067018308358,0.0114768975511854,0.00831015075983199,-0.0018018992046942,0.00432217516549582
2025-05-26,-0.000563356717088681,0.00665886174307051,0.00370729485402954,0.00483767477202157,-0.0046634616778265,-0.0138877828912741
2025-05-27,-0.00114864262346442,0.0187539201191971,-0.00408109657520406,0.0378570000457312,0.0108454996699736,0.00346091854728736
2025-05-28,-0.0156607926475467,0.0003579790217767,-0.0109994574937922,0.00716263264987038,-0.0265090750079651,-0.0193429837295568
2025-05-29,-0.0334245459872942,-0.0179566510326152,-0.0202455280092551,-0.0186493981950164,-0.033071180519463,-0.0132819891459263
2025-05-30,-0.0467829691876628,-0.0295966260635012,-0.0156765748876122,-0.0397957496871904,-0.0641653498236874,-0.0482023182235333
2025-05-31,-0.00473024101530373,0.00459535360978336,0.00613051827031619,-0.000338484258765703,0.00258402109245193,0.0168889741302901
2025-06-01,-0.0016046176774076,0.00377490656455581,0.00964396528382316,0.00283453445712478,0.0072870155197684,0.00189421052274341
2025-06-02,0.00684246923078918,0.00843492910987464,0.00216920377543239,0.0275444382607288,-0.00499700670320635,0.0084859531187973
2025-06-03,-0.00736819237986075,-0.00736566416126561,-0.00425019805592974,-0.00531391065071585,-0.0105967914737652,0.0220901590524382
2025-06-04,-0.0277307204259153,0.00302909143558772,-0.00666608418802994,0.0059065990133691,-0.0128508564072138,-0.0200197403696439
2025-06-05,-0.0592628246086628,-0.0457062546893487,-0.0305977318470383,-0.0765986847759246,-0.0592090949190505,-0.0486967685912577
2025-06-06,0.0449178429309334,0.0146862989878915,0.0273303530644604,0.0248952972758048,0.023048434188282,0.0304113961005923
2025-06-07,0.0130225635633288,0.0119209491678616,0.0116691459869944,0.0197102709384414,0.0149034995067918,0.00743618395414469
2025-06-08,0.00732489387802171,0.00153054093479632,0.00168415960836654,-0.00624077827324943,0.0151774738786061,0.039135645722096
2025-06-09,0.0511446496493349,0.0209493949591648,0.0416599645648681,0.0657864192835449,0.0552487297446698,0.0239354903353007
2025-06-10,0.0152884786596447,0.0114313516075235,-0.000334318426926217,0.0480527949894558,0.0241613161196046,-0.00652449268908695
2025-06-11,-0.0251145883331992,-0.00885936887759353,-0.0143473886097247,-0.0143148840506457,-0.024364896414661,-0.0150399332826958
2025-06-12,-0.0504058510906114,-0.0172602224114184,-0.0256991668453335,-0.0448837918096299,-0.0526889880001171,-0.0340876109636087
2025-06-13,-0.0332395393541814,-0.00150682219348841,0.00152734719439174,-0.0276466449519734,-0.0276133470413829,-0.0210601951526472
2025-06-14,-0.0271300727213711,-0.0143611177004281,-0.00584755525466463,-0.0180105087233962,-0.0263458506994523,-0.0035539133439968
2025-06-15,0.0141407829234022,0.00365939640681123,0.000754577954749536,0.00527258109326922,0.0541209707090102,0.0119627310599537
2025-06-16,-0.00350540544276207,0.00412697869500445,0.0117236239769891,-0.00245002525117588,-0.0128055548789519,0.0338412148212757
2025-06-17,-0.0341106110210156,-0.00377219306477983,-0.0207733363618132,-0.0118161504839005,-0.0208981927691996,-0.036827914734192
2025-06-18,-0.0115332699488488,-0.00572798321518064,0.00269433950386144,0.00537831273711653,-0.00949798959144932,0.00413414154442138
2025-06-19,-0.00219646165727838,-0.000195484794152989,-0.0018995217392721,-0.00104953350587866,0.00489634971658592,-0.00171934495218651
2025-06-20,-0.0421653269793361,-0.00450273552361757,-0.013218729770939,-0.046407330825466,-0.0480727303250825,-0.021273712671149
2025-06-21,-0.0405666549096368,-0.0205221350457645,-0.0102370950736486,-0.0453829515174942,-0.0363792035841248,-0.0300598936538637
2025-06-22,-0.024345170487054,-0.0204920796374557,-0.0125000368718649,-0.0319246009478169,-0.0265804869764734,-0.0213831389259086
2025-06-23,0.07527091338822,0.0402532021202298,0.0444546821160774,0.0833213886102095,0.0957898646082205,0.0728881194717156
2025-06-24,0.00699447682626386,0.00379909497445663,0.00442162939858726,0.0107535869234781,0.00761900911622515,0.011249190928898
2025-06-25,-0.0351511787351573,0.00339000300752357,0.0123298892885533,-0.0117924542683348,-0.0169243642245265,-0.00225917394841912
2025-06-26,-0.0232995121172684,-0.00544720630295892,-0.00374445620028752,-0.00130849044865489,-0.0314662728967878,-0.0372933144722825
2025-06-27,0.00852457357575886,0.00580394787685634,0.00120000602760051,0.00319016511713777,0.0222701282922912,0.017307308547469
2025-06-28,0.012331457207697,0.00401080718446334,0.00223186132203779,0.00544847929008707,0.0589625824594231,0.0200646441207162
2025-06-29,0.0216640541360734,0.00964239884323614,0.00980816480326574,0.0258619879088435,0.0166058294572418,0.00957368372694167
2025-06-30,-0.0103721289919705,0.00303207925936899,-0.0116021078522053,-0.0058128786988183,0.00897292275401984,0.0142504746904798
2025-07-01,-0.0537930637183851,-0.0163072365683021,-0.0135042249937296,-0.032982299378447,-0.0517825669091687,-0.0301795082838882
2025-07-02,0.0745164635979438,0.0209112405799736,0.0294677772013561,0.0665459295236364,0.0354435848291077,0.0279521088689013
2025-07-03,0.025334571301927,0.00493565696131881,0.00721861178924321,0.00762133437584644,0.00114344723795679,0.0106377284363105
2025-07-04,-0.0447130544415679,-0.0145532750713349,-0.0148259191473681,-0.0323544640519202,-0.0309064383653741,-0.0163078881558937
2025-07-05,0.00525246842154514,0.0036696180843796,0.00182039012359247,0.00348670083196456,-0.000827286961404106,-0.0011788659593408
2025-07-06,0.0173940713875147,0.0105306281505131,0.00920521230696991,0.0212079745637501,0.0282575582796794,0.0240573682361565
2025-07-07,-0.00990366844116741,-0.00312784720808956,-0.00857092098248025,-0.0110372690174003,-0.0199550570682767,0.000676039157988972
2025-07-08,0.0140943664839728,-0.000386312178563664,0.0059877877476886,0.0281078533818162,0.01954314261544,0.0162069317122741
2025-07-09,0.0577984540755391,0.0126169825515081,0.0215762452748827,0.0576704743790133,0.035404917064394,0.0400327677718255
2025-07-10,0.0818200691207547,0.0243708806200509,0.0410120507184271,0.0643182702671421,0.0422118736453498,0.0569774091268482
2025-07-11,0.0488542986456507,0.00612512591976344,0.0131030703572979,0.00102863318629076,-0.0072146602277936,0.0712899507986778
2025-07-12,-0.00314200872673209,-0.00595422873136275,-0.000696019205401299,-0.0050754633178709,-0.013589504710402,0.00101309931944504
2025-07-13,0.0400676134405089,0.0093650550640767,0.0142118737528847,0.0102928134837734,0.00316374275825204,0.0352790244990024
2025-07-14,-0.0039644159801896,-0.00407291188027692,0.00613969178492368,0.0133604400861733,0.00668509505121939,0.0411170480296783
2025-07-15,0.0168615116259177,0.000731357497188334,-0.0174438858577926,0.0411349633319187,0.0102703839335287,-0.0122662357175816
2025-07-16,0.0234579132246395,0.0260448783069203,0.00812906395095148,0.071172121263178,0.0578143129698629,0.0410949236723481
2025-07-17,0.0746234423629491,0.0183109123489684,0.0046325315439848,0.0307480737228953,0.0119289260498352,0.139050748512911
2025-07-18,-0.00967049585845609,0.012407791380145,-0.0108442256179853,0.0205626321975636,0.00899802568598318,-0.0222527269981301
2025-07-19,0.0175962027850754,0.00452631818427918,-0.000536145993420334,0.0129496340107167,-0.00175958303076129,0.00326945834306391
2025-07-20,0.0336367075809014,0.0324730202875534,-0.00543433933607496,0.0446582551804511,0.0249633967595004,0.00874538314483853
2025-07-21,0.036226909965359,0.0118648355116457,0.00118215746963379,0.00103681621710017,0.076576124708482,0.0274377752799759
2025-07-22,0.0139616609144306,0.0249313264296394,0.0215298859239876,-0.00378723865088837,0.0483360654535643,-0.00115059108118309
2025-07-23,-0.100963149156759,-0.0121588958701144,-0.0103913075480229,-0.0323769537244427,-0.0818058664589456,-0.10898927678186
2025-07-24,-0.0131373942694057,-0.00697789501156976,-0.00326380270789173,0.0213431663496273,-0.0372844098851335,-0.012967889111255
2025-07-25,0.0129450299351468,0.0184563648160001,-0.00620430077034229,0.00518105386351131,0.0225984739294738,-0.000692010050459491
2025-07-26,0.00455901295161071,0.0097235559380664,0.00264436929628431,0.00378358684691804,-0.0100394499729211,0.00818296418161224
2025-07-27,0.0147779943153988,0.0610981432257498,0.0126467665567667,0.0351504920838082,0.0204457141475443,0.0230155234846485
2025-07-28,-0.0506819136843166,-0.02551469307482,-0.0128408603045234,-0.0229227199194106,-0.0333580138586331,-0.039469472256086
2025-07-29,-0.0107070937693334,-0.0210462559141735,-1.97427035466546e-05,0.00159059463181244,-0.00663003090988568,0.00403217299937864
2025-07-30,-0.0246198279473906,-0.0147108628779655,-0.000771661971628035,0.00387990293502227,-0.0202848122208872,-0.00965351227922917
2025-07-31,-0.0311019998927398,-0.0120219070203538,-0.0177494259673701,-0.029714442554079,-0.0301044853489891,-0.023910797495315
2025-08-01,-0.0335162378535012,-0.0343742397071116,-0.0212871264623775,-0.058009207730418,-0.0569627016375689,-0.020226217584987
2025-08-02,-0.0254688009448244,-0.0275016760574021,-0.00702400418011528,-0.0277952107826014,-0.0273484309687895,-0.0692043977599244
2025-08-03,0.0411472464481509,0.020044316619706,0.0149136010719246,0.0303756623862341,0.021670902632474,0.0641138642441992
2025-08-04,0.0375699902098965,0.0230154537872744,0.00745097080932489,0.0614371992457503,0.0450960800848605,0.0409418649488607
2025-08-05,-0.0388638066215465,-0.0186473999993888,-0.00811857336682209,-0.029217285611141,-0.0319601451910421,-0.0361377549024171
2025-08-06,0.021471946152415,0.0196724878488572,0.0077371493304792,0.0197437927850324,0.0245552005313563,0.009449965495401
2025-08-07,0.0583876643883771,0.0235543499763198,0.021236359971132,0.0606655575551915,0.0425465301356835,0.10352023018227
2025-08-08,0.00606757343556272,0.00663015327485716,-0.00690200419673381,0.0241104162682433,0.00725548788884289,-0.00941303884407474
2025-08-09,0.0161172695888804,0.0070921019136625,-0.00161557499754927,0.0613601136280408,0.0191578569989854,-0.0181852975224635
2025-08-10,-0.00217643027034045,0.0084572609271012,0.0238036152710883,-0.0022027595957308,0.0149866882367826,-0.0124779578935699
2025-08-11,-0.0359255067690209,0.00106256803151972,-0.00483379232958647,-0.00642624155093685,-0.0442968532785919,-0.0168744097010696
2025-08-12,0.083292050522211,0.0319561744551278,0.0120674104129606,0.082596819735965,0.0920902128696959,0.0412467309132944
2025-08-13,0.07412125763123,0.0191201637763383,0.0260461153103027,0.0353834973642897,0.0494886329881172,0.00430269360511626
2025-08-14,0.0212522335390032,-0.00955608160611909,-0.0412504432416689,-0.0447407980688723,-0.0456954710946409,-0.0619511158956316
2025-08-15,0.0197447190597524,-0.0163552618968623,-0.00815439709790589,-0.0240723385196393,-0.0361879496017758,-0.00157578968905892
2025-08-16,-0.0241862232779174,0.0145307402258279,0.000791861061784971,-0.00311489776477281,0.0214423825158434,0.00952778701023771
2025-08-17,0.0431329179349495,0.0200559529797486,-0.000325941461444046,0.0105830673428571,0.00733902150154098,-0.00616378886652935
2025-08-18,-0.040993591174085,-0.0105470356412178,-0.0102758489477459,-0.0366011020309518,-0.0432681331012397,-0.00896127652403012
2025-08-19,-0.0885227058705169,-0.0285503779889646,-0.0298702202052201,-0.0570251441525578,-0.0387461701523266,-0.0705549372108292
2025-08-20,0.0414727736396128,0.0538190674136123,0.0127128516068691,0.0621126055258543,0.0631173128966998,0.0337145381841371
2025-08-21,-0.0344187701815685,-0.0352032865709031,-0.016372327846506,-0.0260108828288228,-0.0397243647092367,-0.0345736714137443
2025-08-22,0.0886628100536185,0.0687728355860235,0.0388639264247779,0.134530155586127,0.10703470513846,0.0760709139603473
2025-08-23,-0.0182180343875494,-0.0210578681039983,-0.0129152973185427,-0.0115033590804892,0.0162604669024002,-0.00965670989377054
2025-08-24,-0.00386894053325011,-0.00451670136539839,-0.0167453578315033,0.000744501188211899,0.00934943399259414,-0.00670125463624638
2025-08-25,-0.082432557172777,-0.0418510828318439,-0.0298263155288314,-0.0889203098693159,-0.0945627611959763,-0.0559319725089829
2025-08-26,0.0340932151245496,0.0275384507299528,0.0151251233395282,0.0507025916571386,0.045033802854288,0.0514103690048728
2025-08-27,-0.0192534156964244,-0.00928791607833546,-0.00520655346926979,-0.0213179452224548,0.0351981129192458,-0.0152540799548317
2025-08-28,0.00889280719585528,0.021641992831551,0.0118226403333175,0.000840050708216467,0.0550413113098349,0.000160721343451575
2025-08-29,-0.0363423477280074,-0.0127639921304104,-0.037423359714662,-0.0331640681503522,-0.0437871527987665,-0.0501526700130142
2025-08-30,-0.0057373814108681,-0.00101126326324952,0.00365746080463403,0.00320586433036851,-0.0115658144610684,-0.00133722394033398
2025-08-31,-0.0135198480935282,-0.00533330396555698,-0.00526491069275892,0.00362059058862663,-0.00989099066238985,-0.014851546530525
2025-09-01,-0.0138689291723593,-0.0140765125540643,0.00932367209897578,-0.0173590254426443,-0.0188722616277888,-0.00829823466927015
2025-09-02,0.04208564979733,0.00701100351838235,0.0176913822811819,0.00252215751944895,0.0608820923259206,0.0385277925211387
2025-09-03,0.00233259563020835,0.0040790846688239,0.00468883057640568,0.0284948471144055,0.00601946940988185,-0.00594532275953141
2025-09-04,-0.0323676972372984,-0.0134850708378966,-0.00898746169776921,-0.0346686243531469,-0.0396180445075309,-0.0173977767448206
2025-09-05,0.0258180931566775,0.00729290555641082,-0.00065605715124839,0.00191607885458112,0.00462170076569635,0.00727713808502473
2025-09-06,-0.0152993010710537,0.013778909313837,-0.00385999574418072,-0.00763217798304616,-0.0161105859312602,-0.00191680516687875
2025-09-07,0.0200888516960474,0.0216274535772261,0.0085181600553792,0.0072510704136306,0.0305981890985096,0.0238021785661624
2025-09-08,0.0352884088574272,-0.00265747136274541,0.00809730601303826,0.000632642896917446,0.0367003355253201,0.0314061222006716
2025-09-09,-2.4254108642735e-05,0.00197814277504271,-0.00483791669270062,0.000224956594809811,0.0142052544466296,-0.00804025322787405
2025-09-10,0.0224685424177154,0.0152818888144362,0.0215082708918217,0.00926401259097176,0.0305356787710434,0.0118395836931566
2025-09-11,0.0107033631688407,0.0104832425160071,0.0135290138245718,0.0254457714451455,0.0210691158163865,0.0196684259201116
2025-09-12,0.0252639365354009,0.0241228261322242,0.00512968031934946,0.0553758339849288,0.0575334605515101,0.021699485148905
2025-09-13,0.0138134013439937,0.0095420732370135,-0.00130203814572205,-0.0100319013701586,0.00120692235547182,0.00443890153108994
2025-09-14,-0.0449286540727014,-0.00715473583957404,-0.00469274607979742,-0.012628630251367,-0.00843715174604842,-0.0289074935275968
2025-09-15,-0.029083963748793,-0.00787296993813946,0.000322446109825236,-0.0181208016333336,-0.0261119706192989,-0.0117474903295267
2025-09-16,0.0197025208118154,0.0381159306645777,0.0120396147406812,-0.00515059134038154,0.0111681866338946,0.013713898044613
2025-09-17,0.0361309941868706,0.0355605514178281,-0.0032118407874524,0.0196061745433909,0.0326600477214569,0.0151870079211895
2025-09-18,0.0133418358148253,-0.00859429776243914,0.00572500677512267,-0.000612993524695682,0.0112882779085961,-0.0028315718499059
2025-09-19,-0.0379070195571741,0.00232851253928068,-0.0124415833621789,-0.0262688336907217,-0.0373742257072021,-0.0278248615327739
2025-09-20,0.00335934897042994,0.0577689774985659,0.000286084831133238,0.00253510720727057,0.00434922834969154,-0.00433211586538196
2025-09-21,-0.00973248794477749,0.00575925847369518,-0.00360014836497768,-0.00692591236754581,-0.0126722903448933,-0.00185140784794502
2025-09-22,-0.0696038279269629,-0.0545354261901698,-0.0224305333197474,-0.0574333302835388,-0.070385633497728,-0.0413345290008891
2025-09-23,-0.0222041278895728,0.0238871597250183,-0.00653141661524437,-0.00893214161372491,-0.031227455357409,-0.00874931159014891
2025-09-24,0.00686947069879754,0.00179573785927634,0.0116635256971236,-0.00289330814154098,-0.00921823774122643,0.0347063122885063
2025-09-25,-0.063978385706167,-0.0744878994050211,-0.0384918796436153,-0.0711200266948424,-0.0959593039668869,-0.0655276048421283
2025-09-26,0.0378235758874767,0.0159554705559923,0.00606632543055774,0.0424024174978488,0.0652517053003585,0.0157354054674883
2025-09-27,-0.0133326926249054,0.00815213672131065,-0.000281527332854026,-0.00427827025970906,-0.00865288270591691,0.00783873916211175
2025-09-28,0.0332951657072182,0.0250009833090861,0.0220085064418889,0.0301043152619958,0.0345390596423503,0.0207436676885508
2025-09-29,-0.00169539458524465,0.036985054932984,0.0201111474090787,0.0181526417613096,0.0109284094288693,0.00560284983057535
2025-09-30,0.00050305729676503,-0.0218304885472183,-0.00301411588423939,-0.0170712557922474,-0.0204384686636763,-0.0124830488206753
2025-10-01,0.0517082498625699,0.0173825788462878,0.0394786527677944,0.0482977468135868,0.0601118856726517,0.0346404750722904
2025-10-02,0.0235775564797124,0.0609487636684172,0.016983874858596,0.0309586810920877,0.0577599930876769,0.0307530968839838
2025-10-03,-0.00461239342644107,0.0871062745334354,0.0130505072164251,0.0059863319139204,-0.00792937412480921,0.000512112129398279
2025-10-04,-0.0309395487277078,-0.0336472848038136,0.00129876322235489,-0.00570262458832183,-0.0216872185256083,-0.0238045435566387
2025-10-05,-0.00306453817569743,0.0129358402432382,0.00884816469408456,0.00582493425567954,0.00261930145402278,0.000435014315812055
2025-10-06,0.040333863749845,0.0486080002710132,0.00998175292871295,0.0374584689713622,0.0169802144806148,0.00673541596270089
2025-10-07,-0.0601746454899506,0.0684089040375584,-0.0268179837651985,-0.0517943996766874,-0.053139911696503,-0.0461012113270067
2025-10-08,0.0217068632378161,-0.00276289634633464,0.0155512593053881,0.0170396815379714,0.0383445904965054,0.00865751867883668
2025-10-09,-0.0281301582561359,-0.0395828753618144,-0.0134604023670502,-0.0356355811560736,-0.0360415679483506,-0.0266980102143153
2025-10-10,-0.250615298245226,-0.126282968157904,-0.072321821846991,-0.128311408379593,-0.158155374769241,-0.173304465357945
2025-10-11,-0.00419100519617421,0.0270065070531604,-0.0214851600334072,-0.0243366859889544,-0.0578791124780524,0.0115438272102482
2025-10-12,0.104053909757876,0.136190803315801,0.0386093463438986,0.104659954846502,0.103694026289972,0.0605662288094851
2025-10-13,0.0387995452879127,-0.00742826951856124,0.000879292966288858,0.0192731402013546,0.0535205116460062,0.0278312670473139
2025-10-14,-0.0413873262649834,-0.0658423555379031,-0.0188491634455925,-0.0286860875711366,-0.028758333075344,-0.0394560951696348
2025-10-15,-0.0451521672762618,-0.0407508889705213,-0.0208625782908989,-0.034011615637338,-0.0425731641513298,-0.0378198013636849
2025-10-16,-0.0363245763044126,-0.0146126318703796,-0.0237224847831801,-0.0235236837305912,-0.0492978068296068,-0.0352642301517753
2025-10-17,-0.0316630898173299,-0.0666336195908386,-0.0160098398053492,-0.0160979367331446,-0.01447523355223,-0.0150669467765577
2025-10-18,0.0152753765773116,0.0195741334692805,0.00683758034970694,0.0149654648922315,0.0304355564109526,0.0284765269768197
2025-10-19,0.0281134929926091,0.0150060414351714,0.013605430464267,0.0239512443558247,0.000734616172934466,0.0126799858691798
2025-10-20,0.0162641848167969,-0.00779688723164007,0.0175344907383401,-0.000976573622423871,0.0103429590855555,0.0420971035120499
2025-10-21,-0.0311425119128456,-0.0404235475565891,-0.0192828301734966,-0.0264719932842645,-0.0217601126662252,-0.028123929070009
2025-10-22,-0.0299054693690449,0.0137195140835793,-0.00729356227081901,-0.0178645895343958,-0.0301713720699359,-0.0252341665229848
2025-10-23,0.029798105267047,0.0504967204073354,0.0218704444247777,0.0125009778831124,0.0605247489614094,0.0131490987886993
2025-10-24,0.0200910197307193,-0.0164747659897291,0.00872171428526336,0.020163720301495,0.0112844930318063,0.0458300132936753
2025-10-25,-0.00187397882911894,0.00682204341617076,0.00545911689261835,0.00479297890066555,0.00247754291170654,0.0348681183028559
2025-10-26,0.0395341679401343,0.0184944658868496,0.0250392677448037,0.0504376920431628,0.0303942290395174,0.0185822533381388
2025-10-27,-0.0203176631441793,0.00189612882471391,-0.00308950285538323,-0.00914881429466696,-0.00645441924554646,-0.00398348053291164
2025-10-28,-0.0321151031083488,-0.0326404180372197,-0.0102448240868114,-0.0340326787838592,-0.0218680588435056,-0.0109350660357062
2025-10-29,-0.00949613045285069,0.00363619814388105,-0.0260168054657672,-0.020014178492568,-0.000164182001611834,-0.0209220705748002
2025-10-30,-0.0629263793845114,-0.0261266661638855,-0.0160266389546191,-0.0256841499230145,-0.0516502234142511,-0.04500441297543
2025-10-31,0.0132896565564604,0.00954440916319399,0.0114809611962858,0.0111627183081318,0.0139045643166993,0.0278966666875441
2025-11-01,0.00497308690325615,0.00520874545897954,0.00462482517249185,0.00702158668722497,-0.00444029239611776,-0.00141969652730156
2025-11-02,-0.00228611787010313,-0.00943784915878165,0.00521614123332093,0.00947317404753178,0.00772798915173567,0.00950334342275483
2025-11-03,-0.100659461933228,-0.0884824242789444,-0.0376871829010099,-0.0822344830552399,-0.122981847214054,-0.0908833206491383
2025-11-04,-0.0574150949327519,-0.0566265437860656,-0.0476408575376084,-0.0899050101356735,-0.0665110938586029,-0.0437069243983429
2025-11-05,0.0461829481677422,0.023246157336005,0.0224000613217488,0.0394816688100725,0.0450615869337083,0.0591101266734602
2025-11-06,-0.0281563930288182,-0.0112833327027033,-0.02525118249185,-0.0335213636698537,-0.0472342034438773,-0.0590051925308602
2025-11-07,0.0813986059663152,0.0426637745018192,0.0202389259687337,0.0364744811598143,0.0419430222354826,0.0456718595256058
2025-11-08,-0.0132609486781072,-0.000332850392123163,-0.0106032122141997,-0.0102185497413441,-0.0225497150538949,-0.0127280073568488
2025-11-09,0.0178060297520832,0.00639936604651759,0.0235518396996799,0.052208742909837,0.0393863251642257,0.0355807892391159
2025-11-10,0.0244719880727398,-0.00468711684779333,0.0121202693364619,-0.00396063053217333,0.0175590961844767,0.0648806914103855
2025-11-11,-0.0634263964641907,-0.0345169967006376,-0.0287025464768416,-0.0438739864099311,-0.0795527757151469,-0.0547670365761765
2025-11-12,-0.0204528082549144,-0.00549921789766916,-0.0130391466426776,-0.000640851706814161,-0.00848712570041066,-0.00202075757589981
2025-11-13,-0.026286063959181,-0.0265439390878335,-0.0195247429765857,-0.0542839228098497,-0.0546675665187664,-0.0236362970364161
2025-11-14,-0.0635354665549193,-0.0138199774415275,-0.0546228711365906,-0.0407128161835999,-0.0453369230105585,-0.0381054356551568
2025-11-15,0.00994204259807618,0.0182874238820512,0.0121231064987466,0.0200458143866449,0.00617227238531992,-0.00390073674044744
2025-11-16,-0.0375558599709909,-0.00531771912608114,-0.0144639384619225,-0.0235761973164408,-0.016398218304321,-0.00837271250637606
2025-11-17,-0.040648429835848,-0.022660068804627,-0.0223683827163441,-0.0223335360686416,-0.0478803137279753,-0.0248995365133959
2025-11-18,0.0200918428744734,0.0282785965451504,0.00924117356330711,0.0320287321061947,0.0726938230390211,0.0248409145669035
2025-11-19,-0.0250295407491933,-0.0403343656708355,-0.01608237769981,-0.0325142190008236,-0.0284538038905726,-0.0503614850053794
2025-11-20,-0.0688943661951934,-0.0332339590195083,-0.0542991431316118,-0.06536849882671,-0.0240484602274904,-0.0530179248773329
2025-11-21,-0.0552742930846447,-0.0427613524983812,-0.0179504904722894,-0.0236111523857883,-0.0382971176645306,-0.0245045142035384
2025-11-22,-0.0111557659215572,0.00393445286318084,-0.00521187239368004,0.000689715327408358,-0.00741496351338178,-0.000334323009574256
2025-11-23,0.00969315952119232,0.0117785691776255,0.0251585865789998,0.0122346182602868,0.0244254970095081,0.0483144427615134
2025-11-24,0.0461420634782267,0.0248265033847144,0.0167423578108394,0.0525067184643939,0.0569976794211415,0.0841353197735192
2025-11-25,-0.0146566258800622,-0.00267949336653928,-0.0105764769567536,0.0017672851723729,0.00374945233550683,-0.0123561099927096
2025-11-26,0.0326775880437945,0.0338089984455641,0.0357225879133356,0.0233484280950922,0.0292393955959032,0.0116401303515759
2025-11-27,-0.00445643512353966,0.00425942508052835,0.0084378061084962,-0.00439226042671415,-0.0152599131778182,-0.0106036191748117
2025-11-28,-0.0315138804226517,-0.0088751093959818,-0.00401866677442086,0.00587488291321492,-0.0248449343014459,-0.0092097249218106
2025-11-29,-0.0116035816410426,-0.0158484196114754,-0.00074277862694494,-0.0134859978052351,-0.00956951615810819,0.0103690663838173
2025-11-30,0.00120777022995633,0.00443896788640341,-0.00504779257313359,0.000142800978597535,-0.0186686220366905,-0.0194353289476967
2025-12-01,-0.0753126352084483,-0.0588696775796897,-0.0461018380540761,-0.0662927736435037,-0.0526936016133677,-0.0620689475601763
2025-12-02,0.117865465790176,0.0582517467266781,0.0566209938703039,0.0682383828089232,0.0902340697411885,0.0595460609639056
2025-12-03,0.0380821370038381,0.0497315545471393,0.0235582620118322,0.0625882304633798,0.0439061209671738,0.021290361652929
2025-12-04,-0.025510727905185,-0.0238098700537073,-0.0149319728659325,-0.0181024175452986,-0.0414550532876738,-0.048733097733053
2025-12-05,-0.0541965297171536,-0.0177644787880702,-0.0303430599756762,-0.0356875080281469,-0.0418036931220387,-0.0288141778636123
2025-12-06,-0.0056371704866387,0.0071299567304175,-0.0012916460625565,0.0052022663489133,-0.00733652576747001,-0.00245047955685473
2025-12-07,0.00693353353646298,0.00389700993055619,0.0126145722260151,0.00691438015654988,-0.00192770343158966,0.0052993338688575
2025-12-08,0.0362370726183694,0.00399836929797814,0.00259119597981261,0.0206574040037459,0.0089283771246631,0.0144230780146234
2025-12-09,0.0838734160715235,0.00134307538879153,0.022381192698198,0.0608029264224186,0.0341015807763441,0.0168931866385738
2025-12-10,-0.0348664146981168,-0.00463884897458833,-0.00726283284663509,0.0012864345975192,-0.0104428061963882,-0.0313530183454175
2025-12-11,-0.0649786996099686,-0.00952829149112411,0.00531497010814697,-0.0269224534884867,-0.000714394360280757,-0.00384277980374936
2025-12-12,-0.0388530218422464,-0.00486305027789058,-0.0245214214521461,-0.0483811252686657,-0.0301275786617614,-0.0130361095035918
2025-12-13,0.00468667109537535,0.0174926905715482,0.000313418755633066,0.0104898229476866,0.00695236352169193,0.00736350254937312
2025-12-14,-0.0358439969449509,-0.0221080182242614,-0.0237976710179169,-0.0181639936011475,-0.0286731728054912,-0.0223360785108332
2025-12-15,-0.021648039972294,-0.0221874021812951,-0.020108914713088,-0.0320077701658814,-0.0134039334935947,-0.0415814417248483
2025-12-16,-0.00611000781897919,0.0188692875702117,0.0163457369350777,-7.41272169868523e-07,0.0116268923071159,0.0164025864466449
2025-12-17,-0.051125892250979,-0.0372243795009455,-0.0195448330408539,-0.0458281928487594,-0.0485999391084215,-0.0359936750833332
2025-12-18,-0.0420076481200586,-0.016300771210469,-0.00793972849776914,-0.00153202949536091,-0.0292546531748501,-0.0294662230466339
2025-12-19,0.0692670003002799,0.0316207785843758,0.0304331549684083,0.0520015780613896,0.0539072447067905,0.0536389373258193
2025-12-20,-0.00943020067632439,-0.00275762216509534,0.0027273551221505,-0.000130360213328906,-0.00304532021212722,0.0130248217855019
2025-12-21,-0.0194975933264696,0.00502846679618152,0.00313902806692745,0.00803833098492479,0.0014492791289582,-0.00538915966897169
2025-12-22,0.0133461891946236,-3.70676131442593e-05,-0.00148758495888934,0.00148475158097838,-0.00151131849389952,-0.010064992852186
2025-12-23,-0.0216866328506617,-0.016556278219106,-0.012234274952954,-0.0143063268401749,-0.0155737153375295,-0.0158638107743817
2025-12-24,-0.0179077104990766,0.00294458730546054,0.00226207610406348,-0.00601915975545886,-0.0113563799046146,-0.00623787218981298
2025-12-25,-0.0377273544717642,-0.0200942071688308,-0.00431485785562735,-0.014365015056824,-0.0207220528546257,-0.0158871288607401
2025-12-26,0.0183781245337542,0.00568308820412522,0.000764168281323307,0.00760503890799136,0.0185749468204346,0.00605643946303147
2025-12-27,0.0555262913947597,0.0123941737667055,0.00571921956587573,0.00757703856426239,0.0198655287117813,0.0160877844259832
2025-12-28,-0.00281829360202424,0.0167603218035985,0.000383512558910226,0.000193273230987501,0.00441585543245449,-0.00454514121604177
2025-12-29,-0.0432189111383846,-0.008937091365401,-0.0079748888825808,-0.00476952504017891,-0.0167053570853151,-0.00896322693660667
2025-12-30,-0.0051076599034241,0.0109435269573774,0.0147180978087906,0.0124887158133902,0.0145621893998156,0.0149175029028302
2025-12-31,-0.0534876589463988,0.00313685941500985,-0.0104730993492996,-0.00147484544950061,-0.00358320635305986,-0.0191212102898083
2026-01-01,0.0678941467823515,-0.000234903990261159,0.0138807336605513,0.011179695896673,0.0181234577537914,0.0204224215207218
2026-01-02,0.10021047322514,0.0204027525533377,0.0135745701301939,0.0405057914235645,0.0415096397226149,0.0658781230198224
2026-01-03,-0.0111936121069365,-0.00250609100829369,0.00729440962714811,0.000478333356058513,0.00877676410732686,0.00576156653629967
2026-01-04,0.027149109761586,0.0177601918588337,0.00890368994760671,0.00472119819256989,0.00449955513545497,0.0353610696042629
2026-01-05,0.053014657412625,0.0181757474740287,0.0266514983813639,0.0268343594600324,0.0300906792187341,0.116729253947934
2026-01-06,-0.00534282725440871,0.00734990787869449,-0.00163660971149859,0.0214100727655335,0.0222766179054457,-0.0179982615856977
2026-01-07,-0.043185389198112,-0.0199167150917523,-0.0261689672501522,-0.039957957746072,-0.0345038054128421,-0.0625036577356635
2026-01-08,-0.0156611175107225,-0.00855378175275412,-0.00308146689275546,-0.0199206616781371,0.0144238570030817,-0.0209966401751763
2026-01-09,-0.0125696639983464,0.00415787013673619,-0.00566293014950681,-0.00689641251913997,-0.0185156520951297,-0.014455856893319
2026-01-10,-0.00715369645615072,0.0118155875817925,-0.00139804665950471,-0.000211216951360171,-0.000216502578189726,-0.00173363890738121
2026-01-11,0.00608323845804981,-0.00371691795733664,0.00486511090110042,0.0117684321917189,0.0273506829378949,-0.00815231907005942
2026-01-12,-0.0112859848859234,0.00294980485982688,0.00401638096268009,-0.00855234924019577,-0.0025430356930185,-0.008982422110832
2026-01-13,0.088036356565094,0.0400972222286295,0.0442802850314781,0.0716724478508048,0.0437662122148623,0.0527845333125704
2026-01-14,-0.0164412265162693,0.00702996422497471,0.0167237978218786,0.00977335503541354,0.00953017880313922,-0.0111798411649301
2026-01-15,-0.052151026424439,-0.0193949201665253,-0.0143200382747555,-0.0112777965317079,-0.030584119560328,-0.0292172179221754
2026-01-16,0.00520145018690199,0.00712213140472961,-0.000272878551889733,-0.00653881124278044,0.0176055574129785,-0.00478063177033117
2026-01-17,0.00286796247254084,0.010095399712859,-0.00446107205798008,0.00405251254550265,-0.00786456305829031,-0.00283013927353282
2026-01-18,-0.0543324322574263,-0.0153790111208165,-0.0155299936581255,-0.00840868401805395,-0.0406859519671228,-0.0343877887163112
2026-01-19,-0.01493152813134,-0.010885113518281,-0.0116102857616074,-0.029235184793821,-0.0343280106402419,-0.0031550182006117
2026-01-20,-0.0546855525401919,-0.0418611326579645,-0.0469242550548223,-0.0820473294090194,-0.058948830263498,-0.0499587566099494
2026-01-21,0.0426498896831693,-0.00239604805573368,0.0119993277601491,0.0146406740972207,0.0288029817034587,0.029193140015667
2026-01-22,-0.018769671189738,0.00498897454109759,0.000956077769103558,-0.00987362405133307,-0.008466225781806,-0.0123521126625274
2026-01-23,0.00334351903417351,0.00426842594460464,0.000462901330921639,0.00122755041877376,-0.00725030137061733,-0.00111531220732852
2026-01-24,-0.00539077213643724,-0.00516256775786328,-0.0044021176235578,-0.00153020268472659,-0.00241936847350299,-0.00334070807886933
2026-01-25,-0.0558586560070826,-0.0245061127395152,-0.0289008383617944,-0.0460954469109645,-0.0673978484999171,-0.0427724864665452
2026-01-26,0.0384959658914106,0.0160806360035313,0.0193889405513126,0.0385097283715554,0.0441948335785387,0.0377245293771598
2026-01-27,0.0233226164207538,0.0213033429437726,0.00942027656458144,0.0321961750433521,0.0232107011032214,0.00546859334030425
2026-01-28,-0.00675313770936281,0.00409485854854985,0.000919864500541934,-0.00517632130719647,-0.0153575852408112,-0.00272531226032768
2026-01-29,-0.0690240286639749,-0.0387402229610778,-0.0532279495040839,-0.06470236643238,-0.0619227920462935,-0.0558393696575491
2026-01-30,-0.041741197611916,-0.0114123978081837,-0.00513284742954845,-0.0419788679682718,-0.00206605532169579,-0.0410738564167116
2026-01-31,-0.087565696213066,-0.0938248175755536,-0.0677069192719859,-0.10004843937927,-0.107114289026708,-0.0514961143021983
2026-02-01,-0.0257603917261273,-0.0286283247583956,-0.0211668421472115,-0.0751997822029002,-0.0445182538771176,-0.0334489833162143
2026-02-02,0.0440054346706236,0.0210333930762445,0.0220269081578213,0.033128146652988,0.035271518762098,0.0181861132255413
2026-02-03,-0.0275146350663928,-0.0274872469601917,-0.0396004693749781,-0.0511047370755371,-0.068403400946166,-0.02901723437932
2026-02-04,-0.0155508021136017,-0.0768117515605384,-0.0351706159417589,-0.0384643510086562,-0.0584005334337006,-0.0413217184629823
2026-02-05,-0.15625495673135,-0.140245653246569,-0.152334408030447,-0.16268108635736,-0.162998338685202,-0.218898773991039
2026-02-06,0.120459633119792,0.0805500069660958,0.118003181433476,0.124587932433775,0.11212742699183,0.192771896055928
2026-02-07,-0.0141052433949977,-0.0154378384443135,-0.0182134028127496,0.0130780728606297,0.00199945071931928,-0.0326848950121655
2026-02-08,-0.00774758381395713,-0.0110230953389943,0.0140852358847461,-0.000854866519923725,-0.00682064227144696,0.00558823225918781
2026-02-09,-0.00205558835231745,-0.00673747564874638,-0.00205071542196933,0.00706277752056028,-0.00394051048457911,0.00274094576363948
2026-02-10,-0.0302557777100931,-0.026100775808084,-0.0191032375898974,-0.0407860866012522,-0.0446526452078428,-0.0258364793061782
2026-02-11,-0.0236582553032025,-0.0201891569730748,-0.0265432212123748,-0.0398404875978953,-0.0451607609248752,-0.0227420573005385
2026-02-12,0.0333713137152944,0.0106869950171129,-0.0115623682748343,0.00325105630953182,-0.0114949492244865,-0.00435812159410093
2026-02-13,0.0315457333935738,0.00871671234425353,0.0390337693571556,0.0508619107271384,0.073483126573171,0.0327831853455223
2026-02-14,0.0795337186850322,0.0227748927837208,0.0131259330678493,0.0181318719779942,0.044513608756275,0.070307620773445
2026-02-15,-0.0467500125571438,-0.0299821591788136,-0.0141380400688789,-0.059230160663418,-0.0247562644177526,-0.023535363977473
2026-02-16,0.0130838282261199,0.0192281057427932,0.000798782478248938,0.0160826230924291,0.00491425048906269,0.00798308609658749
2026-02-17,-0.0159732542665652,-0.0144819970255785,-0.0197888733002856,-0.0028687878988336,-0.0143474364171965,-0.00829027851633507
2026-02-18,-0.0266211815356945,-0.0213385393287213,-0.015963632260215,-0.0193714031392416,-0.0435492393242569,-0.0364658908080757
2026-02-19,-0.00380493248670666,0.00435105567629712,0.00798012599470432,-0.00295890125286835,0.0100793800343366,-0.0107688662874503
2026-02-20,0.0443517569428782,0.0300206052329584,0.0155289956566325,0.0106307366647913,0.026845669748135,0.0162455258738994
2026-02-21,-0.0172947027315011,0.000374824716776523,-2.43549723446534e-05,0.00239164776431799,0.00678294802037449,0.00157346951086357
2026-02-22,-0.0313260021428194,-0.0185304827377957,-0.00507692359830259,-0.00810438102518329,-0.0288130401294264,-0.0273223976650334
2026-02-23,-0.0342247902056283,-0.0306427298736578,-0.0460126731356425,-0.0536686969675042,-0.0627778522903126,-0.0301925961924824
2026-02-24,-0.0134240676516464,-0.0199253371144881,-0.00834051043874418,-0.00136623676341063,0.0163688128099899,-0.00203807198287242
2026-02-25,0.136733811440837,0.0741577392514765,0.0587881628108722,0.103305297556051,0.106467256407463,0.0610055883502837
2026-02-26,-0.0332389729987945,-0.00503500581829197,-0.00747861081240053,-0.0136402306523093,-0.0230873270916172,-0.0223779934142998
2026-02-27,-0.033134905254067,-0.0192663927063386,-0.0235803453997576,-0.0485398835848212,-0.0471625557042321,-0.0334316419983133
2026-02-28,0.0142876230642106,0.00532297072049115,0.0167686372009843,0.0176033024159423,0.0290391934443202,0.0155925411485481
2026-03-01,-0.0289467135864481,0.00139357502849879,-0.0189521272552451,-0.0133112143616794,-0.00939036057640852,-0.0186889516263366
2026-03-02,0.0118492495711831,0.0304837957405244,0.0451739987422588,0.0444827788226556,0.0359221127989384,0.0286225416338115
2026-03-03,-0.0517152465641377,-0.00536341383737238,-0.00703592140125409,-0.0221952153909646,0.00443676554751882,-0.0221084676364382
2026-03-04,0.0490422455491459,0.0371441801633905,0.0626701105436229,0.0699856488077337,0.0429014674241692,0.0499296702020205
2026-03-05,-0.0260924883423896,-0.0156132866837826,-0.0260471840906877,-0.0261560660671298,-0.0238769563703531,-0.0191784399237771
2026-03-06,-0.0377070352369333,-0.0319305945257051,-0.0389267622298544,-0.0458579463127666,-0.0462589317143474,-0.028542815325762
2026-03-07,-0.0169904767947757,-0.0115561677408031,-0.012760002816373,-0.00470886877635035,-0.0178943248277967,-0.00525592607643183
2026-03-08,-0.0215239977980892,-0.0130305733749951,-0.0195561512724627,-0.0168207764579176,-0.0188758473882755,-0.0111365268167163
2026-03-09,0.0227836471422325,0.0360420554019569,0.0362108831336734,0.0286737446035952,0.0397695222115013,0.0151236457697521
2026-03-10,0.027150287818106,0.0115622774731436,0.0220430630536832,0.0219272344781221,0.0105643729840201,0.0178902830368671
2026-03-11,0.0020017114857096,0.0148439963833438,0.00396714083102445,0.0070696510693713,0.00843037635841437,-0.00111720195317827
2026-03-12,0.00251452183336842,0.00100747250789368,0.00410208851035776,0.0104556138377321,0.00349249837252419,-0.000164597235584929
2026-03-13,0.00943868588072827,0.00572922000805587,0.00671286123854387,0.00932731032254352,0.0146899183736942,0.0102452403031909
2026-03-14,-0.0085043958253368,0.00296814691393799,0.00346539053271044,0.00215922330437479,-0.000937482656461874,0.00595900160448054
2026-03-15,0.024014306356301,0.0238376698210363,0.0218791978790236,0.0376174725748983,0.046382302943246,0.0282222238253725
2026-03-16,0.0733352612447884,0.00835687291526543,0.0280568061089266,0.0767490852405457,0.0421538934372743,0.0642215274226086
2026-03-17,-0.00454573332992347,-0.0156869505675346,-0.0126172785632779,-0.0141878287469028,-0.015898894833934,-0.0163427449183586
2026-03-18,-0.0528197653218245,-0.0253213953404545,-0.0368841742334176,-0.0506029181915624,-0.0502374257778317,-0.0366793005931286
2026-03-19,-0.0252437804360985,-0.0198142585621675,-0.0188841610476285,-0.030523607148643,-0.0128267492536445,-0.0113570344493089
2026-03-20,-0.00463754509764236,0.00455293833699777,0.00868443164744903,0.00423595858543102,0.0104684621165285,-0.00128729289913726
2026-03-21,-0.0318797987176744,-0.0189416937775002,-0.0260161056310171,-0.0330619920061084,-0.0269383889070669,-0.0272699169640595
2026-03-22,-0.0282256872488087,-0.00562167792622592,-0.0126881200860858,-0.0114495680945259,-0.0154043281836422,-0.0155427160595789
2026-03-23,0.0429823425391005,0.0188688329656284,0.0442511930346985,0.0471397983356825,0.0596702824926405,0.033371156051674
2026-03-24,0.0173861702993514,-0.000444860428196137,-0.00561399153169617,0.00165203065860187,-0.00660266418899358,-0.0115577236218075
2026-03-25,0.0153517501472771,0.0141188592796517,0.0111689244808133,0.0056974805873935,0.00970579527480275,-0.000838272066208179
2026-03-26,-0.059181472324991,-0.0287304997214815,-0.0359529188074159,-0.0513137066171536,-0.05911601708861,-0.0390223493515765
2026-03-27,-0.0349478115866042,-0.0252809623356152,-0.0363134696852079,-0.0337276698924507,-0.0404285722860127,-0.0261454820977081
2026-03-28,-0.00148471277993911,-0.00423399319012319,-0.000281621579139468,0.000714166378409153,-0.0121579428330616,0.00585899369558773
2026-03-29,-0.0251320938197015,-0.00826232521174308,-0.00551540983370025,-0.00509899943974013,-0.00725906185323844,-0.00415330025401955
2026-03-30,0.0150471982905369,0.00473934155219169,0.0111051817312102,0.0204472613935485,0.0124694887560644,-0.00354210265796773
2026-03-31,-0.00672913575667855,0.0138638768127315,0.022856210162578,0.0393408147638512,0.00800251765523274,0.0132762334464711
2026-04-01,0.0265322760616979,-0.0104690279583659,-0.00227064425402013,0.0160386363168321,-0.0232655834554416,0.00558559189311664
2026-04-02,-0.0357023047326042,-0.0460578470727189,-0.0176341492288756,-0.0390385754759679,-0.028025440026668,-0.0218088484339854
2026-04-03,0.028053929853594,0.00847518653946455,0.00063565021250156,-0.00168714617175603,0.0177914550154883,-0.000594735733828067
2026-04-04,0.00720885691408113,0.00877562121247966,0.00535554449552933,0.00581068555550068,0.00545779967855431,-0.00177174347109832
2026-04-05,0.00994439485032839,0.0138130066483955,0.0248248287948485,0.020911357684259,0.0128625108899838,0.00751358731504348
2026-04-06,-0.0174701895487259,-0.00191333930900139,-0.00177116679333267,-0.000585345976147345,-0.0210236786566398,-0.00323039306973866
2026-04-07,0.0694636427695143,0.033595562776755,0.0437692500886513,0.0616556049703263,0.066326486547597,0.0446063166531216
2026-04-08,-0.050860087323656,-0.0322864305557031,-0.0114263865929018,-0.0232273715270308,-0.0364579408337455,-0.0287236678053742
2026-04-09,0.0123166382901065,0.0027496259402513,0.00902047398791339,-0.000544085789882409,0.00863323926600668,0.00131841597277643
2026-04-10,0.00173589860952927,0.00523487570898062,0.0167360714535274,0.0252611274355647,0.0182099959469468,0.00922862789794254
2026-04-11,-0.0182414045125965,0.00230743803128775,0.00103026581869337,0.0177650010386694,0.00141706486060844,-0.000853261049855336
2026-04-12,-0.0551282755027169,-0.0253052832159053,-0.0320019564160106,-0.0416306075771207,-0.0410131246280265,-0.0227217702263939
2026-04-13,0.0507528715706733,0.0378374884496742,0.0513922577822328,0.078285391138686,0.0609175245495894,0.0382536316467991
2026-04-14,-0.0364861327496737,-0.00165006558146175,-0.00407667065899631,-0.0201992437703371,-0.0338225631394655,-0.0108367050752204
2026-04-15,0.025698877114757,0.0139536424622557,0.00836950468372777,0.015430748489015,0.0135716095816214,0.0216744226728574
2026-04-16,0.0528203534286453,0.0205340700922312,0.00462872448707152,-0.00458446179034144,0.0468695044769811,0.042876867731079
2026-04-17,-0.00147071149501632,0.0123012562267384,0.0259372965784035,0.0303717508925754,-0.00134985822538169,0.0166676364292538
2026-04-18,-0.0368080195951865,-0.0206130207927044,-0.0183274450765047,-0.029326772361463,-0.0305197945881321,-0.0291029246683606
2026-04-19,-0.0283902861959884,-0.0221334899366914,-0.0250023364949232,-0.0373454427406088,-0.0308860527415202,-0.0282982826282162
2026-04-20,0.0234887188304644,0.0204388568049385,0.0269325972722587,0.0219633235792402,0.020745117357567,0.0214356486988514
2026-04-21,0.00547055783120753,0.00402362480789087,0.00630974750194646,0.00549540654713798,0.00812913536229054,0.00486862278576711
2026-04-22,-0.00437569211249755,0.0096708190951702,0.023944952373343,0.020458654220036,0.0102502696790321,-0.00125588580125158
2026-04-23,0.00581266747346887,0.00124464769580257,0.000841703862318965,-0.0189376886242059,-0.00895393664296229,0.00629751424259467
2026-04-24,0.00175434984894363,-0.00364403195027041,-0.0104498554007009,-0.0068100265350628,0.00105376540970603,-0.00374973367916603
2026-04-25,-0.000710897062478288,-0.012245682918901,0.00202109858004285,0.0013545812633966,-0.000936330319470713,-0.00661817639373519
2026-04-26,0.00818949061920482,0.0117875287159084,0.0133812250281391,0.0217132435927283,0.00946401310574085,0.00515159343455551
2026-04-27,-0.0166924125930488,-0.0144842891599932,-0.016547994707933,-0.0285352092391058,-0.0250623566793635,-0.0216560488996044
2026-04-28,-0.00543890892572474,-0.00424079702556668,-0.0132186544907373,-0.00594202541235322,-0.00922455328162997,-0.0145539193753468
2026-04-29,-0.00931371017052163,-0.0112453387981439,-0.00755345904174121,-0.0158511839185893,-0.0121164227806982,-0.00830064621680754
2026-04-30,0.00677813710103137,-0.00367262337379515,0.00694618687513504,0.00125749843493672,-3.7492094961955e-05,-0.00133153584658446
2026-05-01,0.00784548893003234,0.000429687493046949,0.0242715098940351,0.0170690082206244,0.00839293289021903,0.0125468921252213
2026-05-02,0.00788035268857357,0.0040490902908612,0.0060987365147831,0.00916800638403625,0.00658464091670652,0.0060888676662823
2026-05-03,-0.00259047803004009,-0.000559010918037117,-0.00151433696246528,0.00233029979157262,-0.00448384149831504,-0.00400901591175251
2026-05-04,0.00183846966862222,0.00834860729255293,0.0162876768649074,0.0106089499454063,0.00226543785118594,0.00315228405149948
2026-05-05,0.0478343167623347,0.0123415251890036,0.0136750438065238,0.00628165402969749,0.0261659713858862,0.0151084740495361
2026-05-06,0.017302031842533,0.0268920214067263,0.00616524805727359,-0.00440605514106629,0.0322125280230807,0.00815479052589652
2026-05-07,-0.0154535594404308,-0.0164285075977508,-0.0175619083509027,-0.0257211497884926,-0.00833837767661105,-0.0267420666723587
2026-05-08,0.0397041236192794,0.0186429565309627,0.00220695489302081,0.00690051738017949,0.0393169105679352,0.0222151330156617
2026-05-09,-0.00908380300719203,0.00112112302992795,0.00593844703118762,0.00852677080329567,0.0129199430110924,0.00128382198045229
2026-05-10,0.0423422229176791,0.0212069433069271,0.0181151469567915,0.0180237894016004,0.0346231549167904,0.0364379117220475
2026-05-11,-0.00698720628527139,0.00946318578849503,-0.00501178521948908,-0.0126087284649135,0.0095281761570547,0.00271832076815176
2026-05-12,-0.034893542556772,-0.00814157361920032,-0.0154227477056672,-0.0280543858235065,-0.0319996599808992,-0.0279566839185685
2026-05-13,-0.0233592265883482,0.0102427007444383,-0.0150280182312361,-0.00753150529227842,-0.0345163039611265,-0.00681588407742179
2026-05-14,0.0205685394509649,0.00971894720440591,0.0221321436988227,0.0102935096988892,0.0116055544963913,0.0397000167314806
2026-05-15,-0.0326223397385561,-0.0086344382744814,-0.0248027751369673,-0.0255798071719866,-0.0325188487746866,-0.0345357976230733
2026-05-16,-0.0249640282689534,-0.0239338923953571,-0.0118863908425748,-0.0197944707467785,-0.0303189226972975,-0.0138320574663874
2026-05-17,-0.0124874398248869,-0.0113746484096335,-0.00902657679785435,-0.0241952291758443,-0.0158821987358051,-0.00930244151152243
2026-05-18,-0.00207454984051902,-0.00888330882681565,-0.00615585364912086,0.000409218328157657,0.00145418285275412,-0.00841827510947268
2026-05-19,-0.012530754669166,-0.00562369305356469,-0.0026448799997123,-0.00875425372369332,-0.0128409984568902,-0.0208111104528983
2026-05-20,0.00312531300036012,0.0145457599331467,0.00916773478361499,0.00803390824800676,0.0215377493379547,0.00350777078304287
2026-05-21,0.00503143372844095,0.0130621673994593,0.00105032321532583,0.00207930390855271,0.0128671219671102,0.00490894400389491
2026-05-22,-0.0318042058634662,-0.0120613753513732,-0.0268063407026222,-0.0318296288802999,-0.0332359847393597,-0.0283729098030068
2026-05-23,0.0141432153569794,0.00956309009405576,0.0155775030224188,0.0245501473754652,0.0159023157799263,0.0176803205556633
2026-05-24,-0.0153567071963041,0.000592481329905858,0.00400584740039456,-0.0085229526741939,-0.00478375426367794,-0.00551128064538281
2026-05-25,0.00548612306599838,0.00941383851908739,0.0038740181286947,0.00635559626176363,-0.00280969133831732,-0.000480119562165038
2026-05-26,-0.0151473253459682,-0.0101790960700532,-0.0189965414050324,-0.0193741083637766,-0.0168926138693211,-0.0162301746429019
2026-05-27,-0.0114876909899873,-0.0114089088048068,-0.0197253107241089,-0.0237779302438863,-0.0146836905078009,-0.0163341063590399
