"date","BTC","ETH","BNB","SOL","XRP","ADA"
2020-01-01,7200.17431640625,130.802001953125,13.6890830993652,NA,0.192667007446289,0.0334579981863499
2020-01-02,6985.47021484375,127.410179138184,13.0270109176636,NA,0.188042998313904,0.0327510014176369
2020-01-03,7344.88427734375,134.17170715332,13.6604518890381,NA,0.193520992994308,0.0341800004243851
2020-01-04,7410.65673828125,135.069366455078,13.8915119171143,NA,0.194354996085167,0.034595001488924
2020-01-05,7411.3173828125,136.276779174805,14.1110191345215,NA,0.195537000894547,0.0347209982573986
2020-01-06,7769.21923828125,144.304153442383,14.9578075408936,NA,0.221509993076324,0.0372719988226891
2020-01-07,8163.6923828125,143.543991088867,15.0092496871948,NA,0.213917002081871,0.0370469987392426
2020-01-08,8079.86279296875,141.25813293457,14.602933883667,NA,0.209025993943214,0.0364350005984306
2020-01-09,7879.0712890625,138.979202270508,14.4983139038086,NA,0.204898998141289,0.0363590009510517
2020-01-10,8166.55419921875,143.963775634766,15.0258264541626,NA,0.212305992841721,0.0368739999830723
2020-01-11,8037.53759765625,142.927108764648,14.946328163147,NA,0.211851000785828,0.0368250012397766
2020-01-12,8192.494140625,145.873931884766,15.3220834732056,NA,0.215633004903793,0.0376899987459183
2020-01-13,8144.1943359375,144.226593017578,15.2272720336914,NA,0.212616994976997,0.0369659997522831
2020-01-14,8827.7646484375,165.955352783203,16.6261215209961,NA,0.234687000513077,0.0416599996387959
2020-01-15,8807.0107421875,166.230682373047,17.6548118591309,NA,0.232895001769066,0.0425530001521111
2020-01-16,8723.7861328125,164.391006469727,17.0769462585449,NA,0.228573992848396,0.0413910001516342
2020-01-17,8929.0380859375,170.77995300293,18.1351985931396,NA,0.238775998353958,0.0449780002236366
2020-01-18,8942.80859375,175.365676879883,17.8239192962646,NA,0.243285998702049,0.0448510013520718
2020-01-19,8706.2451171875,166.969848632812,17.3692531585693,NA,0.235585004091263,0.0419789999723434
2020-01-20,8657.642578125,167.120513916016,17.3252754211426,NA,0.233296006917953,0.0438730008900166
2020-01-21,8745.89453125,169.697158813477,18.1276664733887,NA,0.237166002392769,0.0459889993071556
2020-01-22,8680.8759765625,168.294158935547,17.798360824585,NA,0.236055999994278,0.0456539988517761
2020-01-23,8406.515625,162.928558349609,17.0214042663574,NA,0.226104006171227,0.043333999812603
2020-01-24,8445.4345703125,163.051177978516,17.0474090576172,NA,0.223040997982025,0.0450039990246296
2020-01-25,8367.84765625,161.283935546875,16.9761066436768,NA,0.220427006483078,0.043248001486063
2020-01-26,8596.830078125,168.077102661133,17.4386329650879,NA,0.230685994029045,0.0445809997618198
2020-01-27,8909.8193359375,170.930892944336,17.6913414001465,NA,0.231222003698349,0.0479120016098022
2020-01-28,9358.58984375,176.370315551758,18.1151351928711,NA,0.238488003611565,0.0528570003807545
2020-01-29,9316.6298828125,175.050338745117,17.9127769470215,NA,0.23573000729084,0.0535140000283718
2020-01-30,9508.9931640625,184.690475463867,18.5904083251953,NA,0.243642002344131,0.0560699999332428
2020-01-31,9350.529296875,180.160171508789,18.2109794616699,NA,0.239233002066612,0.0537929981946945
2020-02-01,9392.875,183.673950195312,18.2183208465576,NA,0.241455003619194,0.0560920014977455
2020-02-02,9344.365234375,188.617538452148,18.448184967041,NA,0.250734001398087,0.0557680018246174
2020-02-03,9293.521484375,189.86506652832,18.4627552032471,NA,0.254626989364624,0.0569790005683899
2020-02-04,9180.962890625,189.250595092773,18.1773662567139,NA,0.26680800318718,0.0559960007667542
2020-02-05,9613.423828125,204.230239868164,19.2150497436523,NA,0.277467995882034,0.0592309981584549
2020-02-06,9729.8017578125,212.339080810547,20.5952625274658,NA,0.282213985919952,0.0597570016980171
2020-02-07,9795.943359375,222.726058959961,22.0622577667236,NA,0.279284000396729,0.0597900003194809
2020-02-08,9865.119140625,223.146514892578,21.7824192047119,NA,0.277242988348007,0.059944000095129
2020-02-09,10116.673828125,228.578567504883,24.3085613250732,NA,0.282456994056702,0.0618089996278286
2020-02-10,9856.611328125,223.522705078125,25.2183151245117,NA,0.274080008268356,0.060394000262022
2020-02-11,10208.236328125,235.851196289062,25.6374034881592,NA,0.280140995979309,0.063228003680706
2020-02-12,10326.0546875,265.406127929688,26.4667625427246,NA,0.304392993450165,0.0683730021119118
2020-02-13,10214.3798828125,268.099243164062,25.4400997161865,NA,0.326705992221832,0.0685809999704361
2020-02-14,10312.1162109375,284.217498779297,26.2969589233398,NA,0.334821999073029,0.0705799981951714
2020-02-15,9889.4248046875,264.728576660156,24.1496505737305,NA,0.306235998868942,0.0638630017638206
2020-02-16,9934.43359375,259.894714355469,23.4663887023926,NA,0.295033991336823,0.0626540035009384
2020-02-17,9690.142578125,266.363433837891,23.5513782501221,NA,0.286572009325027,0.0600420013070107
2020-02-18,10141.99609375,281.944580078125,24.058177947998,NA,0.297913014888763,0.0625969991087914
2020-02-19,9633.38671875,259.763977050781,22.3335113525391,NA,0.277601987123489,0.0576450005173683
2020-02-20,9608.4755859375,257.949462890625,22.2291469573975,NA,0.272395998239517,0.0582600012421608
2020-02-21,9686.44140625,265.600616455078,22.1848773956299,NA,0.274937987327576,0.0586399994790554
2020-02-22,9663.181640625,262.331726074219,21.9684810638428,NA,0.275900989770889,0.0583360008895397
2020-02-23,9924.515625,273.754150390625,22.8288707733154,NA,0.282710999250412,0.0615100003778934
2020-02-24,9650.1748046875,265.216430664062,22.0441265106201,NA,0.270626991987228,0.058959998190403
2020-02-25,9341.705078125,247.817596435547,20.3424701690674,NA,0.253412008285522,0.0563639998435974
2020-02-26,8820.5224609375,225.680267333984,18.7991313934326,NA,0.230850994586945,0.0494530014693737
2020-02-27,8784.494140625,226.753387451172,19.1225681304932,NA,0.237115994095802,0.049685001373291
2020-02-28,8672.455078125,226.760498046875,18.8548374176025,NA,0.236295998096466,0.048615999519825
2020-02-29,8599.5087890625,219.848510742188,19.5840911865234,NA,0.231193006038666,0.0475409999489784
2020-03-01,8562.4541015625,218.970596313477,18.9632320404053,NA,0.228845998644829,0.0459319986402988
2020-03-02,8869.669921875,230.569778442383,19.8140640258789,NA,0.238747000694275,0.0489530004560947
2020-03-03,8787.7861328125,224.479629516602,19.6371898651123,NA,0.234381005167961,0.048760998994112
2020-03-04,8755.24609375,224.517974853516,19.9591884613037,NA,0.234530001878738,0.0490039996802807
2020-03-05,9078.7626953125,229.268188476562,20.8020305633545,NA,0.239582002162933,0.0510569997131824
2020-03-06,9122.5458984375,243.525299072266,21.2883892059326,NA,0.244087994098663,0.0514479987323284
2020-03-07,8909.9541015625,237.853088378906,20.1795673370361,NA,0.237070992588997,0.0489449985325336
2020-03-08,8108.1162109375,200.689056396484,16.9740657806396,NA,0.206903994083405,0.0432909987866879
2020-03-09,7923.64453125,201.986328125,16.570743560791,NA,0.209180995821953,0.041482001543045
2020-03-10,7909.7294921875,200.767242431641,16.8756542205811,NA,0.212235003709793,0.0414949990808964
2020-03-11,7911.43017578125,194.868530273438,16.5248336791992,NA,0.208095997571945,0.0396489985287189
2020-03-12,4970.7880859375,112.347122192383,9.60016632080078,NA,0.139634996652603,0.0239610001444817
2020-03-13,5563.70703125,133.201812744141,10.8330574035645,NA,0.159352004528046,0.0284369997680187
2020-03-14,5200.3662109375,123.306022644043,10.1404485702515,NA,0.147292003035545,0.0260090008378029
2020-03-15,5392.31494140625,125.214302062988,10.4360179901123,NA,0.153901994228363,0.0271199997514486
2020-03-16,5014.47998046875,110.60587310791,9.3860502243042,NA,0.141063004732132,0.0241209995001554
2020-03-17,5225.62939453125,113.942749023438,10.0771751403809,NA,0.144523993134499,0.0252429991960526
2020-03-18,5238.4384765625,114.842269897461,10.1191368103027,NA,0.143099993467331,0.0253359992057085
2020-03-19,6191.19287109375,136.593856811523,12.2796401977539,NA,0.165037006139755,0.0304509997367859
2020-03-20,6198.7783203125,132.737167358398,11.8758668899536,NA,0.156867995858192,0.0293680001050234
2020-03-21,6185.06640625,132.818710327148,12.057991027832,NA,0.158179000020027,0.0294139999896288
2020-03-22,5830.2548828125,123.321151733398,11.1582279205322,NA,0.150214001536369,0.02708899974823
2020-03-23,6416.31494140625,134.911605834961,12.117714881897,NA,0.157418996095657,0.0290820002555847
2020-03-24,6734.8037109375,138.761444091797,12.4012203216553,NA,0.162255004048347,0.0301629994064569
2020-03-25,6681.06298828125,136.195892333984,12.3242998123169,NA,0.161632999777794,0.0294380001723766
2020-03-26,6716.4404296875,138.361557006836,13.2176113128662,NA,0.17501899600029,0.0307270009070635
2020-03-27,6469.79833984375,133.937942504883,12.5232572555542,NA,0.176194995641708,0.0293010007590055
2020-03-28,6242.19384765625,130.98649597168,12.1931133270264,NA,0.17578299343586,0.0297710001468658
2020-03-29,5922.04296875,125.58373260498,11.4412212371826,NA,0.163828998804092,0.0282489992678165
2020-03-30,6429.841796875,132.904541015625,12.2868432998657,NA,0.172170996665955,0.0298730004578829
2020-03-31,6438.64453125,133.593566894531,12.5816059112549,NA,0.174563005566597,0.0305530000478029
2020-04-01,6606.7763671875,135.634552001953,12.741602897644,NA,0.175322994589806,0.0308550000190735
2020-04-02,6793.62451171875,142.029144287109,13.0666389465332,NA,0.178639993071556,0.0319840013980865
2020-04-03,6733.38720703125,142.09130859375,13.373007774353,NA,0.179466992616653,0.032294999808073
2020-04-04,6867.52734375,145.219390869141,13.8245277404785,NA,0.181731998920441,0.0325049981474876
2020-04-05,6791.12939453125,143.546646118164,13.7341156005859,NA,0.179406002163887,0.0320030003786087
2020-04-06,7271.78125,169.135879516602,15.0845212936401,NA,0.195506006479263,0.0356159992516041
2020-04-07,7176.41455078125,165.101943969727,14.681547164917,NA,0.192092999815941,0.0351370014250278
2020-04-08,7334.0986328125,172.641738891602,15.0560760498047,NA,0.200868993997574,0.0363139994442463
2020-04-09,7302.08935546875,170.807144165039,15.0626039505005,NA,0.198256999254227,0.0361980013549328
2020-04-10,6865.4931640625,158.412445068359,13.7377243041992,0.951053977012634,0.187463998794556,0.0332150012254715
2020-04-11,6859.0830078125,158.216018676758,13.8042879104614,0.776818990707397,0.188062995672226,0.0333539992570877
2020-04-12,6971.091796875,161.142425537109,14.3751106262207,0.882507026195526,0.19013500213623,0.033805999904871
2020-04-13,6845.03759765625,156.279556274414,15.0344266891479,0.777831971645355,0.187731996178627,0.0331070013344288
2020-04-14,6842.427734375,157.596389770508,15.5250759124756,0.66192501783371,0.185334995388985,0.0329740010201931
2020-04-15,6642.10986328125,153.286895751953,14.5939273834229,0.646651029586792,0.181270003318787,0.0318630002439022
2020-04-16,7116.80419921875,172.157379150391,15.702730178833,0.690815985202789,0.190103992819786,0.0344079993665218
2020-04-17,7096.1845703125,171.638580322266,15.7350826263428,0.660727977752686,0.190201997756958,0.0345729999244213
2020-04-18,7257.6650390625,186.914001464844,16.5931720733643,0.681096017360687,0.194924995303154,0.0365529991686344
2020-04-19,7189.4248046875,181.614959716797,16.1399326324463,0.606968998908997,0.190859004855156,0.0358159989118576
2020-04-20,6881.95849609375,172.297164916992,15.0854034423828,0.538811981678009,0.183489993214607,0.0341770015656948
2020-04-21,6880.3232421875,172.737701416016,15.2057723999023,0.587659001350403,0.184328004717827,0.0346999987959862
2020-04-22,7117.20751953125,182.599578857422,15.6931600570679,0.691600978374481,0.187969997525215,0.0365590006113052
2020-04-23,7429.724609375,185.028671264648,16.0062084197998,0.627457022666931,0.191710993647575,0.0406050011515617
2020-04-24,7550.90087890625,189.236938476562,16.0164184570312,0.634241998195648,0.193664997816086,0.0418680012226105
2020-04-25,7569.93603515625,195.51530456543,16.3054180145264,0.64332902431488,0.195053994655609,0.042408000677824
2020-04-26,7679.8671875,197.317535400391,16.383768081665,0.635505974292755,0.196805000305176,0.0458789989352226
2020-04-27,7795.60107421875,197.224716186523,16.4632148742676,0.572372019290924,0.197978004813194,0.0466010011732578
2020-04-28,7807.05859375,198.415390014648,16.4442863464355,0.661293029785156,0.215483993291855,0.0471949987113476
2020-04-29,8801.0380859375,216.968231201172,17.4937744140625,0.745840013027191,0.227431997656822,0.0516950003802776
2020-04-30,8658.5537109375,207.60205078125,17.0339756011963,0.691044986248016,0.212760999798775,0.0478460006415844
2020-05-01,8864.7666015625,214.219100952148,17.5649929046631,0.728793978691101,0.219247996807098,0.0512599982321262
2020-05-02,8988.5966796875,215.325378417969,17.584903717041,0.71587598323822,0.223913997411728,0.0510139986872673
2020-05-03,8897.46875,210.933151245117,17.1262989044189,0.67953497171402,0.219413995742798,0.0489289984107018
2020-05-04,8912.654296875,208.174011230469,17.1007556915283,0.667491018772125,0.218962997198105,0.0496639981865883
2020-05-05,9003.0703125,206.774398803711,16.9197750091553,0.641837000846863,0.216462999582291,0.0493579991161823
2020-05-06,9268.76171875,204.055786132812,16.6570453643799,0.622583985328674,0.215210005640984,0.0497669987380505
2020-05-07,9951.5185546875,212.289413452148,17.0131988525391,0.612977981567383,0.218916997313499,0.0511059984564781
2020-05-08,9842.666015625,212.991577148438,17.24147605896,0.604921996593475,0.219826996326447,0.0523030012845993
2020-05-09,9593.896484375,211.600128173828,16.9359607696533,0.604526996612549,0.216902002692223,0.0517360009253025
2020-05-10,8756.4306640625,188.599563598633,15.2956686019897,0.537033975124359,0.198175996541977,0.0476769991219044
2020-05-11,8601.7958984375,185.912841796875,15.097544670105,0.515272974967957,0.194064006209373,0.0481080003082752
2020-05-12,8804.4775390625,189.3125,15.7410535812378,0.538576006889343,0.197637006640434,0.0504209995269775
2020-05-13,9269.9873046875,199.193283081055,16.1388778686523,0.550531983375549,0.201480001211166,0.0514720007777214
2020-05-14,9733.7216796875,202.949096679688,16.3577995300293,0.569118022918701,0.2031289935112,0.0508899986743927
2020-05-15,9328.197265625,195.622665405273,15.754373550415,0.559751987457275,0.198910996317863,0.0504629984498024
2020-05-16,9377.013671875,200.677124023438,16.0517807006836,0.599120020866394,0.200031995773315,0.0509320013225079
2020-05-17,9670.7392578125,207.15869140625,16.3146457672119,0.612989008426666,0.201254993677139,0.0513430014252663
2020-05-18,9726.5751953125,214.525054931641,16.6362648010254,0.6526700258255,0.205175995826721,0.0542519986629486
2020-05-19,9729.0380859375,213.451110839844,17.1546630859375,0.624454021453857,0.204027995467186,0.0564489997923374
2020-05-20,9522.9814453125,210.096740722656,16.8880252838135,0.57915598154068,0.201707005500793,0.0568750016391277
2020-05-21,9081.76171875,199.883605957031,16.1223812103271,0.608914971351624,0.195509001612663,0.0522460006177425
2020-05-22,9182.5771484375,207.169189453125,16.6395931243896,0.638875007629395,0.200342997908592,0.0558330006897449
2020-05-23,9209.287109375,208.694396972656,16.5881938934326,0.613031029701233,0.198855996131897,0.0553219988942146
2020-05-24,8790.3681640625,202.370346069336,16.083438873291,0.549053013324738,0.195430994033813,0.0526410005986691
2020-05-25,8906.9345703125,205.319747924805,16.4009075164795,0.600857019424438,0.197327002882957,0.0540109984576702
2020-05-26,8835.052734375,201.902313232422,16.2125473022461,0.573306977748871,0.193975001573563,0.0534299984574318
2020-05-27,9181.017578125,208.863433837891,16.4932842254639,0.590985000133514,0.1978570073843,0.0551830008625984
2020-05-28,9525.7509765625,219.840423583984,17.0593395233154,0.575155019760132,0.200595006346703,0.0645589977502823
2020-05-29,9439.1240234375,220.67512512207,17.0416297912598,0.579415023326874,0.198348000645638,0.0646599978208542
2020-05-30,9700.4140625,242.345596313477,17.7434177398682,0.587933003902435,0.206220000982285,0.0769580006599426
2020-05-31,9461.05859375,230.975708007812,17.0404720306396,0.570021986961365,0.202905997633934,0.074352003633976
2020-06-01,10167.2685546875,246.991760253906,17.9149417877197,0.577494978904724,0.210249006748199,0.0811680033802986
2020-06-02,9529.8037109375,237.219055175781,17.2393035888672,0.564669013023376,0.202764004468918,0.0784559994935989
2020-06-03,9656.7177734375,244.179321289062,17.5454044342041,0.586620986461639,0.203663006424904,0.085438996553421
2020-06-04,9800.63671875,244.426391601562,17.5658740997314,0.587298989295959,0.204981997609138,0.0890000015497208
2020-06-05,9665.533203125,241.221984863281,17.6887855529785,0.661154985427856,0.204091995954514,0.0854419991374016
2020-06-06,9653.6796875,241.93132019043,17.5359344482422,0.622443020343781,0.203142002224922,0.0860259979963303
2020-06-07,9758.8525390625,245.167251586914,17.4470348358154,0.616577982902527,0.203448995947838,0.0866539999842644
2020-06-08,9771.4892578125,246.309906005859,17.393030166626,0.668313026428223,0.203770995140076,0.0864299982786179
2020-06-09,9795.7001953125,244.91145324707,17.4353771209717,0.658002018928528,0.202013000845909,0.083406999707222
2020-06-10,9870.0947265625,247.444946289062,17.4104671478271,0.64486700296402,0.202938005328178,0.0835309997200966
2020-06-11,9321.78125,231.702667236328,16.3089256286621,0.573741972446442,0.190180003643036,0.0753600001335144
2020-06-12,9480.84375,237.493209838867,16.6691398620605,0.593868970870972,0.193942993879318,0.0795539990067482
2020-06-13,9475.27734375,238.908843994141,16.8237342834473,0.608942985534668,0.19310599565506,0.0790280029177666
2020-06-14,9386.7880859375,234.114700317383,16.6562423706055,0.587077021598816,0.191616997122765,0.0767479985952377
2020-06-15,9450.7021484375,229.928909301758,16.384801864624,0.57063901424408,0.193074002861977,0.0783869996666908
2020-06-16,9538.0244140625,234.416168212891,16.4219570159912,0.585575997829437,0.191306993365288,0.0790729969739914
2020-06-17,9480.2548828125,233.028274536133,16.4025421142578,0.581561982631683,0.19344300031662,0.0834449976682663
2020-06-18,9411.8408203125,232.101165771484,16.208589553833,0.620956003665924,0.190956994891167,0.0821740031242371
2020-06-19,9288.0185546875,227.138290405273,15.9070863723755,0.684332013130188,0.186790004372597,0.0796030014753342
2020-06-20,9332.3408203125,229.274261474609,16.0475597381592,0.643590986728668,0.188500002026558,0.0793389976024628
2020-06-21,9303.6298828125,228.989822387695,16.0012264251709,0.673148989677429,0.185609996318817,0.0784749984741211
2020-06-22,9648.7177734375,242.533187866211,16.4752883911133,0.726848006248474,0.189272001385689,0.0836099982261658
2020-06-23,9629.658203125,244.142150878906,16.4225673675537,0.70829701423645,0.188679993152618,0.0829500034451485
2020-06-24,9313.6103515625,235.7724609375,16.0267581939697,0.736994028091431,0.18427200615406,0.0825830027461052
2020-06-25,9264.8134765625,232.944488525391,15.9227094650269,0.713194012641907,0.183569997549057,0.0816909968852997
2020-06-26,9162.91796875,229.668045043945,15.7492237091064,0.741144001483917,0.182670995593071,0.0805609971284866
2020-06-27,9045.390625,222.95979309082,15.1852540969849,0.713548004627228,0.176851004362106,0.0776790007948875
2020-06-28,9143.58203125,225.34716796875,15.4200887680054,0.79849499464035,0.177691996097565,0.0803920030593872
2020-06-29,9190.8544921875,228.194869995117,15.5052318572998,0.852454006671906,0.177958995103836,0.0838700011372566
2020-06-30,9137.9931640625,226.315002441406,15.4135818481445,0.860094010829926,0.175870001316071,0.0831160023808479
2020-07-01,9228.3251953125,231.113418579102,15.829460144043,0.832642018795013,0.1769759953022,0.0959540009498596
2020-07-02,9123.41015625,229.392196655273,15.5384902954102,0.78021901845932,0.177243992686272,0.0943259969353676
2020-07-03,9087.3037109375,225.387069702148,15.2919616699219,0.76809298992157,0.176336005330086,0.0965379998087883
2020-07-04,9132.48828125,229.074111938477,15.5529813766479,0.780372023582458,0.177983999252319,0.0999519973993301
2020-07-05,9073.9423828125,227.664596557617,15.4802255630493,0.691663980484009,0.177017003297806,0.0982109978795052
2020-07-06,9375.474609375,241.510223388672,16.2967700958252,0.707907974720001,0.188566997647285,0.105221003293991
2020-07-07,9252.27734375,239.075531005859,16.7702255249023,0.753048002719879,0.184787005186081,0.117554001510143
2020-07-08,9428.3330078125,246.670013427734,17.2276573181152,0.7967129945755,0.204692006111145,0.129907995462418
2020-07-09,9277.9677734375,243.015960693359,16.8848686218262,0.853452980518341,0.202910006046295,0.124292999505997
2020-07-10,9278.8076171875,240.984985351562,17.261251449585,0.913559973239899,0.198651999235153,0.118316002190113
2020-07-11,9240.3466796875,239.45817565918,17.6221790313721,0.924624025821686,0.201196998357773,0.125213995575905
2020-07-12,9276.5,242.131698608398,18.2365455627441,1.01671600341797,0.200537994503975,0.12678299844265
2020-07-13,9243.6142578125,239.604583740234,18.4095630645752,1.17573404312134,0.198575004935265,0.12415599822998
2020-07-14,9243.2138671875,240.211486816406,18.0829086303711,1.14807498455048,0.198808997869492,0.1319629997015
2020-07-15,9192.8369140625,238.423522949219,17.591215133667,1.28959798812866,0.197110995650291,0.130368992686272
2020-07-16,9132.2275390625,233.640884399414,17.1438426971436,0.872440993785858,0.194048002362251,0.125921994447708
2020-07-17,9151.392578125,232.773086547852,17.0849742889404,0.977837026119232,0.194280996918678,0.122486002743244
2020-07-18,9159.0400390625,235.483810424805,17.1267108917236,0.966583013534546,0.199340999126434,0.122477002441883
2020-07-19,9185.8173828125,238.487518310547,17.9557781219482,0.92034900188446,0.199135005474091,0.123712003231049
2020-07-20,9164.2314453125,236.153167724609,17.4847087860107,0.873089015483856,0.195065006613731,0.117923997342587
2020-07-21,9374.8876953125,245.016723632812,17.7154083251953,0.977165997028351,0.198988005518913,0.12296500056982
2020-07-22,9525.36328125,262.190643310547,18.0919075012207,1.04408705234528,0.203342005610466,0.123921997845173
2020-07-23,9581.072265625,274.689056396484,18.6732959747314,1.04984402656555,0.207578003406525,0.123773001134396
2020-07-24,9536.892578125,279.215423583984,19.1529006958008,0.995346009731293,0.204049006104469,0.121887996792793
2020-07-25,9677.11328125,304.056762695312,19.7764225006104,1.25222301483154,0.214101999998093,0.143577992916107
2020-07-26,9905.1669921875,309.643615722656,19.5210247039795,1.56510996818542,0.214982002973557,0.148108005523682
2020-07-27,10990.873046875,321.514099121094,19.6203289031982,1.77863597869873,0.22367200255394,0.138770997524261
2020-07-28,10912.8232421875,316.657257080078,20.173547744751,1.78406703472137,0.230277001857758,0.148598000407219
2020-07-29,11100.4677734375,318.190887451172,19.8955898284912,1.65828895568848,0.243099004030228,0.139879003167152
2020-07-30,11111.2138671875,334.586639404297,20.0127353668213,1.68680703639984,0.244522005319595,0.140588000416756
2020-07-31,11323.466796875,345.554656982422,20.6681461334229,1.53817796707153,0.258904010057449,0.138797998428345
2020-08-01,11759.5927734375,385.19970703125,21.5304317474365,1.52661001682281,0.289528995752335,0.143573001027107
2020-08-02,11053.6142578125,370.671722412109,20.9448871612549,1.74281001091003,0.287061989307404,0.133505001664162
2020-08-03,11246.3486328125,386.295166015625,22.0550117492676,1.80261099338531,0.309940010309219,0.137335002422333
2020-08-04,11205.892578125,389.87548828125,22.282585144043,1.87163901329041,0.300493001937866,0.143018007278442
2020-08-05,11747.0224609375,401.590576171875,23.336217880249,1.75454998016357,0.303310990333557,0.142694994807243
2020-08-06,11779.7734375,394.961944580078,22.7076606750488,2.20634794235229,0.303584009408951,0.144048005342484
2020-08-07,11601.47265625,379.512847900391,22.3115463256836,2.08590292930603,0.294663995504379,0.139155000448227
2020-08-08,11754.0458984375,393.987365722656,22.8781185150146,2.47362494468689,0.294021993875504,0.145780995488167
2020-08-09,11675.7392578125,391.120452880859,22.4755363464355,2.66522789001465,0.288652986288071,0.145244002342224
2020-08-10,11878.111328125,395.887573242188,22.6137962341309,3.13179302215576,0.294658988714218,0.143855005502701
2020-08-11,11410.525390625,380.384063720703,21.2569446563721,3.30341911315918,0.284449011087418,0.137436002492905
2020-08-12,11584.9345703125,391.024169921875,21.7514495849609,3.76975107192993,0.284929990768433,0.13739800453186
2020-08-13,11784.1376953125,428.741790771484,22.0755443572998,3.75597095489502,0.29780700802803,0.141244992613792
2020-08-14,11768.87109375,437.397827148438,23.0697917938232,3.40938806533813,0.300370991230011,0.138337999582291
2020-08-15,11865.6982421875,433.354919433594,23.0217514038086,3.18379497528076,0.299661010503769,0.138302996754646
2020-08-16,11892.8037109375,433.78662109375,23.4971027374268,3.38565301895142,0.30349200963974,0.138471007347107
2020-08-17,12254.40234375,429.53125,23.510103225708,3.09860801696777,0.314767003059387,0.140919998288155
2020-08-18,11991.2333984375,423.669311523438,23.0671806335449,3.32997608184814,0.303306996822357,0.137427002191544
2020-08-19,11758.283203125,406.463775634766,22.310396194458,2.89904093742371,0.29024600982666,0.129274994134903
2020-08-20,11878.3720703125,416.439788818359,23.0925750732422,3.20826697349548,0.292573004961014,0.133642002940178
2020-08-21,11592.4892578125,389.126342773438,22.1289939880371,2.94366788864136,0.280681997537613,0.123759999871254
2020-08-22,11681.8251953125,395.835144042969,22.2398204803467,3.02088594436646,0.286545991897583,0.125275999307632
2020-08-23,11664.84765625,391.384490966797,21.8708419799805,3.3224310874939,0.285385996103287,0.121595002710819
2020-08-24,11774.595703125,408.144195556641,22.6058521270752,3.34498596191406,0.289214998483658,0.12448800355196
2020-08-25,11366.134765625,384.001037597656,21.4753665924072,3.26484990119934,0.27792701125145,0.113292001187801
2020-08-26,11488.36328125,386.466125488281,22.2773056030273,3.55837488174438,0.277491003274918,0.115285001695156
2020-08-27,11323.3974609375,382.632629394531,23.080753326416,3.44506001472473,0.264510989189148,0.10682400316
2020-08-28,11542.5,395.874664306641,23.1338119506836,4.01139307022095,0.272045999765396,0.109453000128269
2020-08-29,11506.865234375,399.921478271484,23.0112724304199,3.96880888938904,0.274497002363205,0.116711996495724
2020-08-30,11711.505859375,428.395721435547,23.6449146270752,4.4358229637146,0.28303399682045,0.117436997592449
2020-08-31,11680.8203125,435.079742431641,23.1930503845215,4.78204584121704,0.281765997409821,0.122688002884388
2020-09-01,11970.478515625,477.051910400391,24.8220958709717,4.34451580047607,0.29569599032402,0.125411003828049
2020-09-02,11414.0341796875,440.040496826172,24.6903629302979,4.1644721031189,0.276461005210876,0.115612998604774
2020-09-03,10245.296875,385.671936035156,20.6198863983154,3.52733993530273,0.246580004692078,0.0961539968848228
2020-09-04,10511.8134765625,388.241149902344,21.0561065673828,3.54579401016235,0.255883008241653,0.102444998919964
2020-09-05,10169.5673828125,335.260070800781,19.4787673950195,2.59791588783264,0.23769199848175,0.0899230018258095
2020-09-06,10280.3515625,353.362274169922,23.1906623840332,3.08604288101196,0.240731000900269,0.0930600017309189
2020-09-07,10369.5634765625,352.673492431641,22.3933067321777,2.92852807044983,0.242173999547958,0.0933329984545708
2020-09-08,10131.5166015625,337.602111816406,23.1902484893799,2.4689769744873,0.23675300180912,0.0910110026597977
2020-09-09,10242.34765625,351.110015869141,24.5302906036377,3.63637804985046,0.239609003067017,0.093349002301693
2020-09-10,10363.138671875,368.101898193359,24.5598888397217,3.46983695030212,0.243530005216599,0.0971560031175613
2020-09-11,10400.9150390625,374.695587158203,25.4514141082764,3.42742800712585,0.24329200387001,0.0969889983534813
2020-09-12,10442.1708984375,387.18310546875,28.5298480987549,3.33265995979309,0.247813999652863,0.0975980013608932
2020-09-13,10323.755859375,365.570007324219,31.058629989624,3.22583889961243,0.241800993680954,0.0948560014367104
2020-09-14,10680.837890625,377.268859863281,31.1786422729492,3.2691330909729,0.246326997876167,0.0967689976096153
2020-09-15,10796.951171875,364.839202880859,27.2023906707764,2.93912100791931,0.243849992752075,0.0934960022568703
2020-09-16,10974.9052734375,365.812286376953,27.9645938873291,2.54539895057678,0.247847005724907,0.0916500017046928
2020-09-17,10948.990234375,389.019226074219,26.9931297302246,2.89187407493591,0.252193987369537,0.0942170023918152
2020-09-18,10944.5859375,384.364532470703,27.3994808197021,3.10793995857239,0.250707000494003,0.0910810008645058
2020-09-19,11094.3466796875,385.544372558594,27.2511119842529,3.02889108657837,0.251715987920761,0.0916569977998734
2020-09-20,10938.271484375,371.052825927734,26.3921337127686,2.87090301513672,0.246742993593216,0.0894329994916916
2020-09-21,10462.259765625,341.786071777344,23.267879486084,2.78250908851624,0.232137992978096,0.0804279968142509
2020-09-22,10538.4599609375,344.503173828125,24.1007404327393,2.91551899909973,0.233417004346848,0.0817539989948273
2020-09-23,10246.1865234375,321.116302490234,22.8569774627686,2.83675694465637,0.221220999956131,0.0767629966139793
2020-09-24,10760.06640625,349.355590820312,24.6138248443604,3.13271498680115,0.232905000448227,0.0828170031309128
2020-09-25,10692.716796875,352.183258056641,24.663387298584,3.18861198425293,0.241922006011009,0.0968450009822845
2020-09-26,10750.7236328125,355.488098144531,26.2211818695068,3.1347029209137,0.242160007357597,0.0955640003085136
2020-09-27,10775.26953125,357.438507080078,26.1992168426514,3.15294694900513,0.242754995822906,0.101286999881268
2020-09-28,10709.65234375,355.159423828125,26.979606628418,2.95667791366577,0.241861999034882,0.100666999816895
2020-09-29,10844.640625,359.757385253906,28.8429794311523,2.94643306732178,0.243176996707916,0.101181000471115
2020-09-30,10784.4912109375,359.937866210938,29.2908763885498,2.89787602424622,0.241784006357193,0.101061999797821
2020-10-01,10619.4521484375,353.205902099609,27.4319725036621,2.86102795600891,0.238249003887177,0.0978650003671646
2020-10-02,10575.974609375,346.238922119141,27.285680770874,2.62608289718628,0.23411700129509,0.0929210036993027
2020-10-03,10549.3291015625,346.522094726562,28.2023105621338,2.54730296134949,0.232938006520271,0.0934130027890205
2020-10-04,10669.5830078125,352.579010009766,28.9438533782959,2.51599502563477,0.247685000300407,0.0963480025529861
2020-10-05,10793.33984375,353.956787109375,28.6591033935547,2.65764403343201,0.250815987586975,0.0975439995527267
2020-10-06,10604.40625,340.815856933594,27.714527130127,2.17624998092651,0.245341002941132,0.0928080007433891
2020-10-07,10668.96875,341.808654785156,27.7048358917236,2.2917959690094,0.248539000749588,0.093800000846386
2020-10-08,10915.685546875,350.766143798828,27.7053108215332,2.36522006988525,0.251453995704651,0.0961520001292229
2020-10-09,11064.4580078125,365.590484619141,28.4450302124023,2.53985905647278,0.253491014242172,0.101925000548363
2020-10-10,11296.361328125,370.967590332031,28.3124866485596,2.40609002113342,0.254290014505386,0.105025000870228
2020-10-11,11384.181640625,375.142059326172,28.5555801391602,2.42657804489136,0.255719006061554,0.106537997722626
2020-10-12,11555.36328125,387.731262207031,30.7146816253662,2.58707189559937,0.256446003913879,0.110033996403217
2020-10-13,11425.8994140625,381.190765380859,30.7067451477051,2.40491008758545,0.256323009729385,0.108851999044418
2020-10-14,11429.5068359375,379.484039306641,30.9121189117432,2.31463503837585,0.249448001384735,0.107297003269196
2020-10-15,11495.349609375,377.441833496094,31.2958641052246,2.2664361000061,0.245939999818802,0.106634996831417
2020-10-16,11322.123046875,366.22900390625,29.9948997497559,2.14938592910767,0.240443006157875,0.104064002633095
2020-10-17,11358.1015625,368.855926513672,30.2482357025146,2.20184302330017,0.240931004285812,0.106104001402855
2020-10-18,11483.359375,378.213684082031,30.6595230102539,2.21426701545715,0.242225006222725,0.107387997210026
2020-10-19,11742.037109375,379.935607910156,29.9250679016113,2.05807995796204,0.245964005589485,0.108676999807358
2020-10-20,11916.3349609375,369.136901855469,28.8034439086914,1.88867199420929,0.243572995066643,0.10249400138855
2020-10-21,12823.689453125,392.189971923828,29.7723541259766,1.89037799835205,0.251614987850189,0.106187000870705
2020-10-22,12965.8916015625,413.772979736328,30.6581916809082,1.95565295219421,0.256806999444962,0.110572002828121
2020-10-23,12931.5390625,409.766693115234,30.633960723877,1.96003496646881,0.254878997802734,0.108083002269268
2020-10-24,13108.0625,412.457611083984,30.5888214111328,1.91182804107666,0.256431013345718,0.108075000345707
2020-10-25,13031.173828125,406.2177734375,30.1075401306152,1.78745901584625,0.253212988376617,0.106351003050804
2020-10-26,13075.248046875,393.888305664062,31.1545600891113,1.68546605110168,0.248687997460365,0.103096999228001
2020-10-27,13654.21875,403.997039794922,31.6387214660645,1.71023201942444,0.252898991107941,0.102826997637749
2020-10-28,13271.28515625,388.650756835938,30.3635063171387,1.49005305767059,0.245865002274513,0.0989769995212555
2020-10-29,13437.8828125,386.730102539062,29.8424777984619,1.42893600463867,0.242294996976852,0.0953759998083115
2020-10-30,13546.5224609375,382.819976806641,28.5084114074707,1.44133603572845,0.239184007048607,0.0933689996600151
2020-10-31,13780.9951171875,386.59033203125,28.4312152862549,1.54069995880127,0.239743992686272,0.0930560007691383
2020-11-01,13737.109375,396.358184814453,28.4615650177002,1.59984004497528,0.239796996116638,0.0981969982385635
2020-11-02,13550.4892578125,383.15673828125,27.8839302062988,1.47407197952271,0.235421001911163,0.0921429991722107
2020-11-03,13950.30078125,387.602172851562,26.8570499420166,1.41223394870758,0.239509999752045,0.0934339985251427
2020-11-04,14133.70703125,402.141998291016,26.9315147399902,1.39225494861603,0.237792998552322,0.095369003713131
2020-11-05,15579.8486328125,414.067352294922,27.6758594512939,1.40521800518036,0.245775997638702,0.0969939976930618
2020-11-06,15565.880859375,454.719299316406,29.0179996490479,1.91374003887177,0.258444994688034,0.109104998409748
2020-11-07,14833.75390625,435.713134765625,27.738094329834,2.03196406364441,0.24958199262619,0.101378999650478
2020-11-08,15479.5673828125,453.554779052734,28.3051166534424,2.15659809112549,0.253939002752304,0.106620997190475
2020-11-09,15332.3154296875,444.163055419922,28.0180206298828,2.02865195274353,0.250748008489609,0.105324998497963
2020-11-10,15290.90234375,449.679626464844,28.1933422088623,2.24798703193665,0.25391098856926,0.10580500215292
2020-11-11,15701.33984375,462.960540771484,27.9561786651611,2.00212502479553,0.256258994340897,0.105965003371239
2020-11-12,16276.34375,461.005279541016,27.6148071289062,1.8991379737854,0.254902988672256,0.104524999856949
2020-11-13,16317.80859375,474.626434326172,28.1821727752686,2.02079200744629,0.265190988779068,0.106390997767448
2020-11-14,16068.138671875,460.149841308594,27.9362010955811,1.91701602935791,0.268341988325119,0.104202002286911
2020-11-15,15955.587890625,447.55908203125,27.6210308074951,2.04323410987854,0.269641995429993,0.100530996918678
2020-11-16,16716.111328125,459.940307617188,28.0641098022461,2.25535488128662,0.285519987344742,0.104007996618748
2020-11-17,17645.40625,480.360076904297,28.5305805206299,2.20218110084534,0.302408009767532,0.109600000083447
2020-11-18,17804.005859375,479.484069824219,28.0761623382568,2.11502909660339,0.294221997261047,0.10640300065279
2020-11-19,17817.08984375,471.630432128906,28.0941047668457,2.07676911354065,0.303766012191772,0.105866000056267
2020-11-20,18621.314453125,509.744567871094,28.891996383667,2.09539198875427,0.328067988157272,0.118225999176502
2020-11-21,18642.232421875,549.486633300781,30.3912906646729,2.38220500946045,0.458344012498856,0.132945001125336
2020-11-22,18370.001953125,558.068115234375,29.9250717163086,2.1448450088501,0.443699985742569,0.144759997725487
2020-11-23,18364.12109375,608.454040527344,30.965368270874,2.27637696266174,0.613979995250702,0.153510004281998
2020-11-24,19107.46484375,603.897766113281,33.803150177002,2.26796698570251,0.692103028297424,0.166323006153107
2020-11-25,18732.12109375,570.686645507812,31.342960357666,2.27003407478333,0.635483026504517,0.155162006616592
2020-11-26,17150.623046875,518.801147460938,28.2049160003662,1.90303695201874,0.533019006252289,0.138281002640724
2020-11-27,17108.40234375,517.493713378906,28.4751873016357,1.85794901847839,0.559267997741699,0.141028001904488
2020-11-28,17717.4140625,538.229797363281,29.1439113616943,1.88893496990204,0.625621974468231,0.164791002869606
2020-11-29,18177.484375,575.758056640625,30.117603302002,1.91515505313873,0.606245994567871,0.166639000177383
2020-11-30,19625.8359375,614.842529296875,31.392786026001,1.96689105033875,0.664336979389191,0.171307995915413
2020-12-01,18802.998046875,587.324157714844,30.1083030700684,1.97630798816681,0.6129230260849,0.155983000993729
2020-12-02,19201.091796875,598.352355957031,30.2973613739014,2.11540102958679,0.629893004894257,0.158556997776031
2020-12-03,19445.3984375,616.708740234375,30.7044296264648,2.10037088394165,0.631483018398285,0.164212003350258
2020-12-04,18699.765625,569.354187011719,29.072208404541,1.85595297813416,0.557262003421783,0.148240998387337
2020-12-05,19154.23046875,596.595458984375,29.7294883728027,1.97877395153046,0.58442097902298,0.159667998552322
2020-12-06,19345.12109375,601.908996582031,29.5408039093018,1.85424900054932,0.619850993156433,0.158867001533508
2020-12-07,19191.630859375,591.843383789062,29.3781356811523,1.83117294311523,0.608933985233307,0.15412999689579
2020-12-08,18321.14453125,554.827758789062,27.6363067626953,1.66535198688507,0.558835983276367,0.140928000211716
2020-12-09,18553.916015625,573.479125976562,28.1293048858643,1.66230404376984,0.583589971065521,0.148165002465248
2020-12-10,18264.9921875,559.678527832031,27.6961898803711,1.57415103912354,0.572953999042511,0.141993999481201
2020-12-11,18058.904296875,545.79736328125,27.3610038757324,1.44458496570587,0.546482980251312,0.139449000358582
2020-12-12,18803.65625,568.567321777344,28.1644515991211,1.49091196060181,0.506401002407074,0.144459992647171
2020-12-13,19142.3828125,589.663208007812,29.101692199707,1.56545603275299,0.51146399974823,0.153963997960091
2020-12-14,19246.64453125,586.011169433594,30.029577255249,1.59164595603943,0.497711986303329,0.157992005348206
2020-12-15,19417.076171875,589.355590820312,29.5472831726074,1.76067101955414,0.469709992408752,0.154304996132851
2020-12-16,21310.59765625,636.181823730469,30.4901943206787,1.78359794616699,0.568628013134003,0.167588993906975
2020-12-17,22805.162109375,642.868957519531,30.1841335296631,1.67863404750824,0.576677024364471,0.163482993841171
2020-12-18,23137.9609375,654.811950683594,30.9383602142334,1.69879996776581,0.584280014038086,0.164987996220589
2020-12-19,23869.83203125,659.297912597656,33.2963562011719,1.6686509847641,0.579163014888763,0.164713993668556
2020-12-20,23477.294921875,638.290832519531,34.1602973937988,1.56357598304749,0.556057989597321,0.161988005042076
2020-12-21,22803.08203125,609.81787109375,32.2695274353027,1.54191505908966,0.516943991184235,0.152656003832817
2020-12-22,23783.029296875,634.854187011719,33.4829483032227,1.49028599262238,0.448448002338409,0.156178995966911
2020-12-23,23241.345703125,583.714599609375,31.0978984832764,1.20569205284119,0.258601993322372,0.136393994092941
2020-12-24,23735.94921875,611.607177734375,32.5005912780762,1.36240804195404,0.337819010019302,0.152882993221283
2020-12-25,24664.791015625,626.410705566406,33.1649742126465,1.44540297985077,0.318091005086899,0.157563999295235
2020-12-26,26437.037109375,635.835815429688,33.4771385192871,1.32423794269562,0.294712990522385,0.157823994755745
2020-12-27,26272.294921875,682.642333984375,33.511848449707,1.30304205417633,0.283039003610611,0.154422000050545
2020-12-28,27084.80859375,730.397338867188,35.8445587158203,1.51568496227264,0.24795800447464,0.176734998822212
2020-12-29,27362.4375,731.520141601562,38.9528312683105,1.67434501647949,0.220962002873421,0.19216400384903
2020-12-30,28840.953125,751.618957519531,38.1362991333008,1.53545701503754,0.211827993392944,0.184039995074272
2020-12-31,29001.720703125,737.803405761719,37.376033782959,1.51089799404144,0.219845995306969,0.181397005915642
2021-01-01,29374.15234375,730.367553710938,37.9050102233887,1.84208405017853,0.237443998456001,0.175349995493889
2021-01-02,32127.267578125,774.534973144531,38.2415924072266,1.79927504062653,0.221654996275902,0.177423000335693
2021-01-03,32782.0234375,975.507690429688,41.1489791870117,2.16175198554993,0.225848004221916,0.204995006322861
2021-01-04,31971.9140625,1040.23303222656,40.9263534545898,2.48509693145752,0.236677005887032,0.224761992692947
2021-01-05,33992.4296875,1100.00610351562,41.7346000671387,2.15721702575684,0.226750001311302,0.25831401348114
2021-01-06,36824.36328125,1207.11218261719,42.1659545898438,1.92921698093414,0.250894993543625,0.331898003816605
2021-01-07,39371.04296875,1225.67810058594,43.4494895935059,2.37274503707886,0.32600200176239,0.299980014562607
2021-01-08,40797.609375,1224.19714355469,42.3953170776367,3.21988701820374,0.323229998350143,0.305597007274628
2021-01-09,40254.546875,1281.07727050781,43.9328536987305,3.38538193702698,0.326916009187698,0.332973003387451
2021-01-10,38356.44140625,1262.24670410156,42.4484748840332,3.46611094474792,0.318336009979248,0.304895013570786
2021-01-11,35566.65625,1090.14538574219,38.3713607788086,3.10808992385864,0.288904994726181,0.275465995073318
2021-01-12,33922.9609375,1043.4345703125,38.1116104125977,3.61339807510376,0.29212298989296,0.287003010511398
2021-01-13,37316.359375,1130.73937988281,40.1359329223633,3.51378202438354,0.305579990148544,0.313609004020691
2021-01-14,39187.328125,1218.45300292969,41.7936820983887,3.27816390991211,0.29543799161911,0.310395985841751
2021-01-15,36825.3671875,1171.83459472656,40.9189796447754,3.25016093254089,0.28040599822998,0.302529990673065
2021-01-16,36178.140625,1233.53759765625,43.1718254089355,3.44705510139465,0.280187994241714,0.352443993091583
2021-01-17,35791.27734375,1230.17224121094,45.6846122741699,3.81813907623291,0.277384012937546,0.379851996898651
2021-01-18,36630.07421875,1257.27954101562,45.3531723022461,3.7955150604248,0.284768998622894,0.3714280128479
2021-01-19,36069.8046875,1377.2958984375,42.7855339050293,3.64186596870422,0.294313997030258,0.369136989116669
2021-01-20,35547.75,1382.27404785156,42.6068992614746,3.72357797622681,0.296517997980118,0.375393986701965
2021-01-21,30825.69921875,1121.57092285156,38.6458396911621,2.99053597450256,0.26894599199295,0.310209006071091
2021-01-22,33005.76171875,1236.51220703125,40.8575706481934,3.3462290763855,0.272798985242844,0.349577009677887
2021-01-23,32067.642578125,1230.99060058594,40.8154792785645,3.50411200523376,0.271820992231369,0.345643013715744
2021-01-24,32289.37890625,1391.609375,41.8816070556641,3.63441109657288,0.273508995771408,0.353881001472473
2021-01-25,32366.392578125,1324.41479492188,41.6237030029297,3.69998097419739,0.269089013338089,0.343885987997055
2021-01-26,32569.849609375,1357.05810546875,41.6947364807129,4.04734992980957,0.268826991319656,0.344233989715576
2021-01-27,30432.546875,1253.18713378906,40.9948768615723,3.69058704376221,0.251942992210388,0.313080012798309
2021-01-28,33466.09765625,1332.4921875,42.5291061401367,3.82207202911377,0.264122009277344,0.34612900018692
2021-01-29,34316.38671875,1382.52282714844,42.8523483276367,3.83467602729797,0.28218799829483,0.348131000995636
2021-01-30,34269.5234375,1376.11547851562,44.7722778320312,4.22427606582642,0.440243989229202,0.362619012594223
2021-01-31,33114.359375,1314.98620605469,44.275993347168,4.26414394378662,0.492314010858536,0.344897985458374
2021-02-01,33537.17578125,1369.04052734375,51.6076965332031,4.61160182952881,0.371508985757828,0.402033001184464
2021-02-02,35510.2890625,1515.19372558594,51.0564041137695,5.26750802993774,0.369269996881485,0.426247000694275
2021-02-03,37472.08984375,1660.90954589844,52.2426376342773,5.71599006652832,0.393489986658096,0.441399991512299
2021-02-04,36926.06640625,1594.7626953125,55.9251251220703,6.42606496810913,0.446449011564255,0.441051006317139
2021-02-05,38144.30859375,1718.65087890625,67.8455657958984,6.68171977996826,0.450046986341476,0.537873983383179
2021-02-06,39266.01171875,1677.84680175781,72.7335968017578,6.11080694198608,0.439096003770828,0.62788599729538
2021-02-07,38903.44140625,1614.22778320312,68.5905227661133,6.70046281814575,0.417957991361618,0.663237988948822
2021-02-08,46196.46484375,1746.61682128906,79.83154296875,7.88325023651123,0.447701990604401,0.68251097202301
2021-02-09,46481.10546875,1768.03503417969,107.899276733398,7.8167929649353,0.471991002559662,0.703516006469727
2021-02-10,44918.18359375,1744.24340820312,129.737152099609,9.07221412658691,0.503445029258728,0.930317997932434
2021-02-11,47909.33203125,1783.79797363281,124.434257507324,9.21535205841064,0.52478700876236,0.92774099111557
2021-02-12,47504.8515625,1843.53259277344,136.948394775391,9.2470121383667,0.608591973781586,0.925586998462677
2021-02-13,47105.515625,1814.10986328125,133.452682495117,8.73245525360107,0.628996014595032,0.905718982219696
2021-02-14,48717.2890625,1805.08410644531,136.426513671875,8.73889636993408,0.594192981719971,0.848419010639191
2021-02-15,47945.05859375,1779.791015625,129.567886352539,8.86173915863037,0.548915028572083,0.861011981964111
2021-02-16,49199.87109375,1781.06750488281,130.056655883789,8.29786682128906,0.520846009254456,0.870950996875763
2021-02-17,52149.0078125,1848.45825195312,164.670104980469,8.22257709503174,0.535537004470825,0.890919983386993
2021-02-18,51679.796875,1937.44921875,195.932632446289,8.9804515838623,0.532432973384857,0.914119005203247
2021-02-19,55888.1328125,1960.16479492188,332.616027832031,11.4656534194946,0.567018985748291,0.927649021148682
2021-02-20,56099.51953125,1919.53405761719,255.953735351562,10.0026636123657,0.517512023448944,1.12295794487
2021-02-21,57539.9453125,1935.60107421875,293.923583984375,11.0855131149292,0.5485600233078,1.10052001476288
2021-02-22,54207.3203125,1781.99291992188,267.509796142578,14.4547853469849,0.571740984916687,1.09915101528168
2021-02-23,48824.42578125,1570.20397949219,230.994247436523,15.2015380859375,0.473562985658646,0.954708993434906
2021-02-24,49705.33203125,1626.57568359375,254.359130859375,17.3027076721191,0.471832007169724,1.05165696144104
2021-02-25,47093.8515625,1475.70373535156,233.885955810547,13.816014289856,0.43452399969101,1.07911598682404
2021-02-26,46339.76171875,1446.03369140625,221.680435180664,13.5879411697388,0.427899986505508,1.24110496044159
2021-02-27,46188.453125,1459.97314453125,225.249435424805,13.2011680603027,0.437808990478516,1.32485997676849
2021-02-28,45137.76953125,1416.04895019531,209.574401855469,13.0892467498779,0.414952993392944,1.30805897712708
2021-03-01,49631.2421875,1564.70764160156,254.629928588867,14.9555883407593,0.447243988513947,1.29238796234131
2021-03-02,48378.98828125,1492.60876464844,239.522537231445,13.9589214324951,0.436836987733841,1.22558200359344
2021-03-03,50538.2421875,1575.85314941406,241.091369628906,14.1155910491943,0.450278997421265,1.21659302711487
2021-03-04,48561.16796875,1541.91430664062,229.945068359375,13.0979833602905,0.486604988574982,1.11486804485321
2021-03-05,48927.3046875,1533.27502441406,226.37255859375,12.6104431152344,0.458119004964828,1.16852295398712
2021-03-06,48912.3828125,1654.74157714844,226.666854858398,13.0364580154419,0.465106010437012,1.13101196289062
2021-03-07,51206.69140625,1723.15380859375,240.179214477539,13.8777322769165,0.466866999864578,1.1333669424057
2021-03-08,52246.5234375,1834.72790527344,240.318664550781,13.6021881103516,0.47359699010849,1.11805295944214
2021-03-09,54824.1171875,1868.048828125,293.463226318359,14.8463106155396,0.485987991094589,1.19516098499298
2021-03-10,56008.55078125,1799.16625976562,279.358032226562,14.2310838699341,0.463165998458862,1.1350029706955
2021-03-11,57805.12109375,1826.19494628906,289.790802001953,15.9922790527344,0.452960014343262,1.12478995323181
2021-03-12,57332.08984375,1772.10241699219,263.685821533203,14.5521421432495,0.441130995750427,1.03914403915405
2021-03-13,61243.0859375,1924.68542480469,276.104705810547,15.3088026046753,0.459924012422562,1.10331404209137
2021-03-14,59302.31640625,1854.56433105469,264.636749267578,14.5082664489746,0.442111998796463,1.05915403366089
2021-03-15,55907.19921875,1791.70227050781,254.660827636719,14.1866617202759,0.437554985284805,1.03353905677795
2021-03-16,56804.90234375,1806.97180175781,258.100677490234,13.6227731704712,0.462599992752075,1.24295294284821
2021-03-17,58870.89453125,1823.44934082031,269.854858398438,14.2202033996582,0.472416996955872,1.37867295742035
2021-03-18,57858.921875,1782.85510253906,261.704803466797,14.2300252914429,0.47291898727417,1.23900604248047
2021-03-19,58346.65234375,1817.62414550781,264.057434082031,14.2047958374023,0.471170991659164,1.30217003822327
2021-03-20,58313.64453125,1812.63464355469,264.741668701172,14.2119808197021,0.526991009712219,1.20654094219208
2021-03-21,57523.421875,1788.21704101562,264.886169433594,14.3322057723999,0.519834995269775,1.18913996219635
2021-03-22,54529.14453125,1691.333984375,255.900192260742,14.9192934036255,0.549942016601562,1.10987401008606
2021-03-23,54738.9453125,1678.65014648438,255.689666748047,14.2048311233521,0.556595027446747,1.12155199050903
2021-03-24,52774.265625,1593.41345214844,249.851379394531,13.6612977981567,0.488837003707886,1.07500195503235
2021-03-25,51704.16015625,1595.35925292969,234.885437011719,13.0250854492188,0.517498016357422,1.1015739440918
2021-03-26,55137.3125,1702.84204101562,255.104568481445,14.7794208526611,0.567054986953735,1.21396899223328
2021-03-27,55973.51171875,1716.49462890625,269.102325439453,16.508321762085,0.5504429936409,1.17657697200775
2021-03-28,55950.74609375,1691.35595703125,269.191284179688,18.0162334442139,0.550755977630615,1.19112396240234
2021-03-29,57750.19921875,1819.68493652344,275.214630126953,18.854808807373,0.56787097454071,1.20254099369049
2021-03-30,58917.69140625,1846.03369140625,311.426483154297,19.2339248657227,0.566859006881714,1.21331703662872
2021-03-31,58918.83203125,1918.36206054688,302.063446044922,19.4652290344238,0.573868989944458,1.19326400756836
2021-04-01,59095.80859375,1977.27685546875,335.212890625,19.0849018096924,0.579291999340057,1.18924403190613
2021-04-02,59384.3125,2143.2255859375,339.007720947266,19.8102226257324,0.616568982601166,1.19650900363922
2021-04-03,57603.890625,2028.42248535156,323.133514404297,22.5522766113281,0.590915024280548,1.17327702045441
2021-04-04,58758.5546875,2093.12280273438,351.624389648438,24.0613231658936,0.646728992462158,1.1914199590683
2021-04-05,59057.87890625,2107.88720703125,367.772491455078,22.9842834472656,0.920472979545593,1.21430003643036
2021-04-06,58192.359375,2118.37890625,403.590759277344,24.957145690918,1.09626603126526,1.25535404682159
2021-04-07,56048.9375,1971.07727050781,374.658813476562,26.4780807495117,0.917576014995575,1.17514896392822
2021-04-08,58323.953125,2088.57373046875,418.038391113281,27.0339870452881,1.05275595188141,1.21943604946136
2021-04-09,58245.00390625,2072.10888671875,453.178466796875,27.7782745361328,1.02083694934845,1.20353996753693
2021-04-10,59793.234375,2135.94213867188,472.560333251953,26.8414039611816,1.37441599369049,1.2187579870224
2021-04-11,60204.96484375,2157.65698242188,525.385559082031,27.9318904876709,1.36053001880646,1.26673495769501
2021-04-12,59893.453125,2139.35327148438,598.72265625,28.5121231079102,1.46773505210876,1.31612694263458
2021-04-13,63503.45703125,2299.18774414062,549.586547851562,27.4355525970459,1.79400098323822,1.41178596019745
2021-04-14,63109.6953125,2435.10498046875,549.591857910156,26.4751110076904,1.83923602104187,1.45542001724243
2021-04-15,63314.01171875,2519.1162109375,542.632080078125,27.8183135986328,1.76606702804565,1.48158800601959
2021-04-16,61572.7890625,2431.94653320312,510.220184326172,25.3973655700684,1.55752694606781,1.41694903373718
2021-04-17,60683.8203125,2344.89501953125,520.416748046875,25.09987449646,1.56005501747131,1.38486897945404
2021-04-18,56216.18359375,2237.13696289062,481.034240722656,32.3029174804688,1.40599799156189,1.27550101280212
2021-04-19,55724.265625,2166.18872070312,505.092926025391,31.675895690918,1.3150440454483,1.19795894622803
2021-04-20,56473.03125,2330.2109375,587.029113769531,31.7700538635254,1.38329899311066,1.26593399047852
2021-04-21,53906.08984375,2364.75170898438,546.023559570312,32.5130424499512,1.29649794101715,1.20673501491547
2021-04-22,51762.2734375,2403.53515625,506.013000488281,38.8797607421875,1.15968203544617,1.14701700210571
2021-04-23,51093.65234375,2363.58618164062,526.565246582031,36.9784202575684,1.16965997219086,1.15570199489594
2021-04-24,50050.8671875,2211.62573242188,496.415069580078,40.7373161315918,1.0487060546875,1.10135495662689
2021-04-25,49004.25390625,2316.0595703125,505.077056884766,47.3676261901855,1.03225600719452,1.088250041008
2021-04-26,54021.75390625,2534.48168945312,534.577697753906,43.9765167236328,1.36850595474243,1.2340190410614
2021-04-27,55033.1171875,2662.865234375,568.470520019531,43.2390022277832,1.40095496177673,1.3069269657135
2021-04-28,54824.703125,2746.38012695312,562.632568359375,44.825984954834,1.35860097408295,1.3356659412384
2021-04-29,53555.109375,2756.876953125,599.70654296875,42.4605407714844,1.39935994148254,1.30801403522491
2021-04-30,57750.17578125,2773.20703125,624.08056640625,42.9560012817383,1.59167397022247,1.35244905948639
2021-05-01,57828.05078125,2945.89282226562,619.347229003906,49.5080223083496,1.65102505683899,1.35307097434998
2021-05-02,56631.078125,2952.05615234375,622.101013183594,46.8909873962402,1.56264102458954,1.32681202888489
2021-05-03,57200.29296875,3431.08618164062,675.68408203125,45.9336891174316,1.55599498748779,1.36203002929688
2021-05-04,53333.5390625,3253.62939453125,611.200317382812,42.7295570373535,1.39237594604492,1.27411103248596
2021-05-05,57424.0078125,3522.783203125,651.662719726562,44.9235763549805,1.61451196670532,1.47552895545959
2021-05-06,56396.515625,3490.88037109375,633.280395507812,43.4556770324707,1.60058104991913,1.65012395381927
2021-05-07,57356.40234375,3484.72900390625,624.563293457031,43.1550178527832,1.58175504207611,1.65345299243927
2021-05-08,58803.77734375,3902.64770507812,646.100830078125,45.5615310668945,1.56259799003601,1.61955404281616
2021-05-09,58232.31640625,3928.8447265625,662.228576660156,44.3301963806152,1.53529298305511,1.77056205272675
2021-05-10,55859.796875,3952.2939453125,631.351989746094,42.9096336364746,1.38900601863861,1.64469599723816
2021-05-11,56704.57421875,4168.701171875,672.333923339844,44.5774688720703,1.47768199443817,1.76407694816589
2021-05-12,49150.53515625,3785.8486328125,588.185180664062,42.4573097229004,1.24786400794983,1.55277502536774
2021-05-13,49716.19140625,3715.1484375,571.434509277344,40.9978523254395,1.35890996456146,1.93366801738739
2021-05-14,49880.53515625,4079.05737304688,603.128295898438,42.7178649902344,1.40291702747345,2.00479602813721
2021-05-15,46760.1875,3638.1220703125,563.041687011719,43.4613075256348,1.48588001728058,2.17402696609497
2021-05-16,46456.05859375,3587.50610351562,562.829833984375,47.2008285522461,1.4526059627533,2.30911302566528
2021-05-17,43537.51171875,3282.39770507812,511.964385986328,46.8632049560547,1.49629998207092,2.03222608566284
2021-05-18,42909.40234375,3380.07006835938,508.022308349609,55.910961151123,1.59073400497437,2.003662109375
2021-05-19,37002.44140625,2460.67919921875,339.025482177734,35.1071815490723,1.07031297683716,1.48252105712891
2021-05-20,40782.73828125,2784.29418945312,393.612762451172,44.742748260498,1.18553698062897,1.81046903133392
2021-05-21,37304.69140625,2430.62133789062,326.296325683594,38.8128509521484,1.00697600841522,1.55227696895599
2021-05-22,37536.6328125,2295.70556640625,299.504089355469,31.3155822753906,0.906316995620728,1.46362197399139
2021-05-23,34770.58203125,2109.57983398438,262.945678710938,24.6887474060059,0.797015011310577,1.3254359960556
2021-05-24,38705.98046875,2643.59106445312,345.309631347656,31.2835712432861,0.992834985256195,1.54948496818542
2021-05-25,38402.22265625,2706.62890625,344.113983154297,29.9970779418945,0.976186990737915,1.55536901950836
2021-05-26,39294.19921875,2888.69873046875,379.854309082031,35.5398178100586,1.03372502326965,1.78270196914673
2021-05-27,38436.96875,2736.48852539062,367.655792236328,33.5845909118652,0.970234990119934,1.64595997333527
2021-05-28,35697.60546875,2419.90625,329.879913330078,29.0392761230469,0.900147974491119,1.51198697090149
2021-05-29,34616.06640625,2279.51416015625,305.052154541016,27.3764209747314,0.831788003444672,1.40623199939728
2021-05-30,35678.12890625,2390.30541992188,325.784027099609,28.6026592254639,0.906608998775482,1.57727897167206
2021-05-31,37332.85546875,2714.9453125,354.329345703125,32.8162460327148,1.04658401012421,1.74277794361115
2021-06-01,36684.92578125,2633.51831054688,362.794647216797,30.9852600097656,1.01100099086761,1.73475301265717
2021-06-02,37575.1796875,2706.125,401.262329101562,33.9563179016113,1.02439999580383,1.75282394886017
2021-06-03,39208.765625,2855.12646484375,427.807922363281,39.4709053039551,1.04532098770142,1.84047102928162
2021-06-04,36894.40625,2688.19506835938,391.395324707031,37.4150695800781,0.970196008682251,1.71090805530548
2021-06-05,35551.95703125,2630.57690429688,390.431854248047,39.5853996276855,0.923286020755768,1.65900897979736
2021-06-06,35862.37890625,2715.0927734375,393.820220947266,42.3083763122559,0.945285975933075,1.67824804782867
2021-06-07,33560.70703125,2590.26318359375,357.310211181641,38.2623329162598,0.861154973506927,1.56410598754883
2021-06-08,33472.6328125,2517.43872070312,354.001373291016,41.5178146362305,0.875787973403931,1.58802998065948
2021-06-09,37345.12109375,2608.26708984375,375.734680175781,42.0317764282227,0.920033991336823,1.62482595443726
2021-06-10,36702.59765625,2471.5185546875,352.183197021484,41.0986747741699,0.869181990623474,1.53185701370239
2021-06-11,37334.3984375,2353.76879882812,345.933685302734,36.046085357666,0.848450005054474,1.43637800216675
2021-06-12,35552.515625,2372.484375,343.741027832031,36.4416885375977,0.832683026790619,1.48021996021271
2021-06-13,39097.859375,2508.3916015625,366.648956298828,38.770435333252,0.883159995079041,1.55835902690887
2021-06-14,40218.4765625,2537.89111328125,368.792755126953,38.7130546569824,0.892897009849548,1.57510995864868
2021-06-15,40406.26953125,2610.93676757812,373.566162109375,41.1536483764648,0.889800012111664,1.59775602817535
2021-06-16,38347.0625,2367.66357421875,347.033447265625,39.7036170959473,0.831907987594604,1.48257303237915
2021-06-17,38053.50390625,2372.001953125,352.738525390625,39.264591217041,0.841437995433807,1.48219394683838
2021-06-18,35787.24609375,2231.73315429688,336.809692382812,36.648796081543,0.797648012638092,1.41539597511292
2021-06-19,35615.87109375,2178.4990234375,335.712829589844,35.3534355163574,0.761672973632812,1.39057004451752
2021-06-20,35698.296875,2246.36450195312,340.067199707031,35.3220138549805,0.776377022266388,1.42918801307678
2021-06-21,31676.693359375,1888.44750976562,270.984436035156,26.6574001312256,0.610387980937958,1.1774799823761
2021-06-22,32505.66015625,1874.95007324219,261.818084716797,26.7718563079834,0.545067012310028,1.15325403213501
2021-06-23,33723.02734375,1989.736328125,294.490295410156,30.0488872528076,0.626534998416901,1.25289595127106
2021-06-24,34662.4375,1988.45629882812,308.397033691406,31.1810340881348,0.671999990940094,1.35608696937561
2021-06-25,31637.779296875,1813.21728515625,281.620910644531,28.6988620758057,0.613322973251343,1.25647795200348
2021-06-26,32186.27734375,1829.2392578125,279.438049316406,29.712854385376,0.615435004234314,1.25044000148773
2021-06-27,34649.64453125,1978.89465332031,290.567016601562,31.9293918609619,0.646923005580902,1.33520197868347
2021-06-28,34434.3359375,2079.65747070312,289.534118652344,32.9277801513672,0.643746018409729,1.32475197315216
2021-06-29,35867.77734375,2160.76831054688,300.211547851562,33.8668022155762,0.701725006103516,1.36843705177307
2021-06-30,35040.8359375,2274.54760742188,303.295867919922,35.5564041137695,0.706373989582062,1.38347196578979
2021-07-01,33572.1171875,2113.60546875,288.218414306641,33.4040336608887,0.661180019378662,1.33561098575592
2021-07-02,33897.046875,2150.04028320312,287.423095703125,34.0204811096191,0.656763017177582,1.39439702033997
2021-07-03,34668.546875,2226.1142578125,298.237121582031,34.478816986084,0.672887980937958,1.40683603286743
2021-07-04,35287.78125,2321.72412109375,307.732086181641,34.3106002807617,0.694944977760315,1.45818400382996
2021-07-05,33746.00390625,2198.58251953125,302.377990722656,32.9845886230469,0.654299974441528,1.4048980474472
2021-07-06,34235.1953125,2324.67944335938,320.934814453125,34.2691383361816,0.665401995182037,1.41805303096771
2021-07-07,33855.328125,2315.16186523438,327.5224609375,36.5913696289062,0.651575028896332,1.40311801433563
2021-07-08,32877.37109375,2120.0263671875,310.427124023438,33.203727722168,0.623058021068573,1.33014595508575
2021-07-09,33798.01171875,2146.6923828125,316.484527587891,33.2646484375,0.636803984642029,1.34947395324707
2021-07-10,33520.51953125,2111.40356445312,316.14013671875,31.7886447906494,0.625463008880615,1.33608496189117
2021-07-11,34240.1875,2139.66479492188,322.031646728516,32.1778411865234,0.635935008525848,1.34814500808716
2021-07-12,33155.84765625,2036.72106933594,316.328186035156,30.848087310791,0.630177974700928,1.31509900093079
2021-07-13,32702.025390625,1940.083984375,308.811157226562,29.1211891174316,0.619522988796234,1.26508295536041
2021-07-14,32822.34765625,1994.33129882812,309.406372070312,31.2810001373291,0.620324015617371,1.26225805282593
2021-07-15,31780.73046875,1911.17565917969,315.244018554688,28.4521007537842,0.596940994262695,1.22319197654724
2021-07-16,31421.5390625,1880.38293457031,302.985595703125,26.3700084686279,0.59077399969101,1.17371499538422
2021-07-17,31533.068359375,1898.8251953125,300.497924804688,26.7216682434082,0.582427978515625,1.17230200767517
2021-07-18,31796.810546875,1895.55212402344,302.480499267578,26.7519092559814,0.587921977043152,1.18369805812836
2021-07-19,30817.83203125,1817.29663085938,280.018615722656,24.4475765228271,0.557555973529816,1.12111604213715
2021-07-20,29807.34765625,1787.5107421875,264.782379150391,23.4895553588867,0.529335975646973,1.05629098415375
2021-07-21,32110.693359375,1990.97082519531,292.531372070312,26.6230792999268,0.569998025894165,1.16809797286987
2021-07-22,32313.10546875,2025.20275878906,293.641143798828,27.7020816802979,0.592206001281738,1.18616104125977
2021-07-23,33581.55078125,2124.77661132812,299.282989501953,28.513879776001,0.609224021434784,1.20630705356598
2021-07-24,34292.4453125,2189.21875,302.071868896484,28.7026195526123,0.609826982021332,1.23349702358246
2021-07-25,35350.1875,2191.37377929688,302.436157226562,28.168773651123,0.606356978416443,1.22850096225739
2021-07-26,37337.53515625,2233.36669921875,304.478240966797,28.3066425323486,0.625617980957031,1.25849294662476
2021-07-27,39406.94140625,2298.33349609375,313.602600097656,28.0653266906738,0.644604027271271,1.27844595909119
2021-07-28,39995.90625,2296.54541015625,313.428649902344,27.8154106140137,0.725444972515106,1.28350400924683
2021-07-29,40008.421875,2380.95678710938,316.749450683594,31.2811374664307,0.748017013072968,1.28408396244049
2021-07-30,42235.546875,2466.96142578125,322.909362792969,32.3939437866211,0.75211900472641,1.3089519739151
2021-07-31,41626.1953125,2536.2099609375,333.549591064453,36.8273124694824,0.747785985469818,1.32234501838684
2021-08-01,39974.89453125,2561.85205078125,333.484008789062,34.2543601989746,0.725921988487244,1.31772994995117
2021-08-02,39201.9453125,2610.1533203125,331.103118896484,33.2224197387695,0.739220023155212,1.31006801128387
2021-08-03,38152.98046875,2502.349609375,322.747741699219,33.9964408874512,0.712728977203369,1.36502599716187
2021-08-04,39747.50390625,2724.61987304688,334.918792724609,35.7636260986328,0.730488002300262,1.37656402587891
2021-08-05,40869.5546875,2827.32885742188,337.873870849609,37.3551368713379,0.733151018619537,1.38614499568939
2021-08-06,42816.5,2890.94165039062,342.136993408203,39.446102142334,0.74651300907135,1.40178596973419
2021-08-07,44555.80078125,3157.23876953125,355.741363525391,39.4034729003906,0.816281020641327,1.47067701816559
2021-08-08,43798.1171875,3013.73266601562,342.064758300781,37.6738243103027,0.778738975524902,1.42782998085022
2021-08-09,46365.40234375,3167.85620117188,354.966827392578,38.7677841186523,0.81855297088623,1.47764003276825
2021-08-10,45585.03125,3141.69116210938,371.954376220703,40.6397972106934,0.851247012615204,1.67256605625153
2021-08-11,45593.63671875,3164.2451171875,391.757049560547,41.7441139221191,1.01252400875092,1.79803800582886
2021-08-12,44428.2890625,3043.41430664062,385.818969726562,41.0993614196777,0.964549005031586,1.82387804985046
2021-08-13,47793.3203125,3322.21166992188,410.944885253906,44.8945007324219,1.08995997905731,2.13607907295227
2021-08-14,47096.9453125,3265.443359375,409.034484863281,44.112850189209,1.28041195869446,2.19168710708618
2021-08-15,47047.00390625,3310.50415039062,414.595031738281,53.7451591491699,1.28815996646881,2.1691529750824
2021-08-16,46004.484375,3156.50952148438,417.470855712891,62.4324645996094,1.19099295139313,2.07941699028015
2021-08-17,44695.359375,3014.84594726562,401.908905029297,64.2107086181641,1.09819900989532,1.92660105228424
2021-08-18,44801.1875,3020.08984375,398.25146484375,72.5433120727539,1.14609694480896,2.10856008529663
2021-08-19,46717.578125,3182.7021484375,430.988861083984,72.7576065063477,1.23284196853638,2.42813992500305
2021-08-20,49339.17578125,3286.93530273438,454.936309814453,78.7246170043945,1.26322197914124,2.45770192146301
2021-08-21,48905.4921875,3226.083984375,448.920257568359,73.7562103271484,1.21647298336029,2.4354350566864
2021-08-22,49321.65234375,3242.11547851562,449.053497314453,72.8039169311523,1.22772204875946,2.71372509002686
2021-08-23,49546.1484375,3319.25732421875,499.890594482422,75.7080383300781,1.24726998806,2.91738605499268
2021-08-24,47706.1171875,3172.45629882812,471.595458984375,70.6709060668945,1.13735198974609,2.7210910320282
2021-08-25,48960.7890625,3224.91528320312,502.786254882812,71.9515686035156,1.17252898216248,2.73813199996948
2021-08-26,46942.21875,3100.32543945312,479.006103515625,75.3162078857422,1.0752660036087,2.53552794456482
2021-08-27,49058.66796875,3270.60083007812,494.498687744141,88.0869827270508,1.18847298622131,2.94419693946838
2021-08-28,48902.40234375,3244.4033203125,486.196929931641,96.7031707763672,1.14550495147705,2.84749007225037
2021-08-29,48829.83203125,3227.00268554688,480.283020019531,94.4696731567383,1.14083194732666,2.85598611831665
2021-08-30,47054.984375,3224.37426757812,459.490753173828,110.544807434082,1.10143494606018,2.7331600189209
2021-08-31,47166.6875,3433.73266601562,464.418731689453,108.483772277832,1.18759298324585,2.77247500419617
2021-09-01,48847.02734375,3834.828125,490.068725585938,111.033004760742,1.23488903045654,2.87076711654663
2021-09-02,49327.72265625,3790.98999023438,483.921051025391,128.102386474609,1.25632405281067,2.96343803405762
2021-09-03,50025.375,3940.61474609375,488.604705810547,146.583053588867,1.29143500328064,2.96823906898499
2021-09-04,49944.625,3887.82836914062,498.078430175781,139.113067626953,1.25577902793884,2.8328070640564
2021-09-05,51753.41015625,3952.13354492188,504.619873046875,142.070877075195,1.30549800395966,2.91082406044006
2021-09-06,52633.53515625,3928.37939453125,495.925018310547,164.380920410156,1.38941299915314,2.83189702033997
2021-09-07,46811.12890625,3426.39428710938,417.5087890625,173.14892578125,1.12509894371033,2.50249099731445
2021-09-08,46091.390625,3497.31518554688,415.113159179688,191.041397094727,1.10072004795074,2.47498893737793
2021-09-09,46391.421875,3427.34008789062,421.27001953125,188.19580078125,1.08940100669861,2.51766610145569
2021-09-10,44883.91015625,3211.505859375,401.621795654297,179.865234375,1.0572669506073,2.385910987854
2021-09-11,45201.45703125,3270.27807617188,405.527374267578,178.867874145508,1.07990598678589,2.63394999504089
2021-09-12,46063.26953125,3410.13452148438,416.683227539062,174.537628173828,1.11963605880737,2.58172702789307
2021-09-13,44963.07421875,3285.51171875,399.063446044922,169.269546508789,1.06467795372009,2.40066289901733
2021-09-14,47092.4921875,3429.16967773438,414.236236572266,158.094818115234,1.09657394886017,2.39563798904419
2021-09-15,48176.34765625,3615.28271484375,431.423034667969,159.117385864258,1.12135303020477,2.50163507461548
2021-09-16,47783.359375,3571.294921875,424.649230957031,152.474060058594,1.0914980173111,2.42096900939941
2021-09-17,47267.51953125,3398.53881835938,406.6328125,147.593063354492,1.06559801101685,2.34641909599304
2021-09-18,48278.36328125,3432.01831054688,410.809295654297,169.184219360352,1.07566797733307,2.3699779510498
2021-09-19,47260.21875,3329.44799804688,408.471649169922,152.516693115234,1.04842805862427,2.28229904174805
2021-09-20,42843.80078125,2958.99340820312,361.965911865234,132.134460449219,0.917151987552643,2.06398892402649
2021-09-21,40693.67578125,2764.43115234375,344.534606933594,123.950393676758,0.876329004764557,1.98702800273895
2021-09-22,43574.5078125,3077.86791992188,379.440338134766,147.924255371094,1.00407600402832,2.26618194580078
2021-09-23,44895.09765625,3155.52368164062,383.820404052734,149.753570556641,1.00204002857208,2.33094096183777
2021-09-24,42839.75,2931.66918945312,355.316284179688,139.395645141602,0.945923984050751,2.28126907348633
2021-09-25,42716.59375,2925.56567382812,349.880096435547,136.178924560547,0.941341996192932,2.3015410900116
2021-09-26,43208.5390625,3062.26538085938,344.181762695312,135.699371337891,0.944720983505249,2.2084949016571
2021-09-27,42235.73046875,2934.13891601562,336.191223144531,136.728424072266,0.923685014247894,2.13590502738953
2021-09-28,41034.54296875,2807.29663085938,333.032592773438,131.537216186523,0.893688976764679,2.03913903236389
2021-09-29,41564.36328125,2853.14331054688,367.989593505859,135.351455688477,0.928349018096924,2.06568789482117
2021-09-30,43790.89453125,3001.67895507812,387.057342529297,141.069046020508,0.952636003494263,2.11445188522339
2021-10-01,48116.94140625,3307.51611328125,421.643188476562,161.682373046875,1.04262399673462,2.25812697410583
2021-10-02,47711.48828125,3391.6943359375,428.098327636719,169.093017578125,1.03867495059967,2.25145888328552
2021-10-03,48199.953125,3418.35864257812,430.508819580078,172.589157104492,1.0551700592041,2.25287294387817
2021-10-04,49112.90234375,3380.08911132812,425.748901367188,166.731918334961,1.04300403594971,2.18923497200012
2021-10-05,51514.8125,3518.5185546875,442.706146240234,164.115829467773,1.08550298213959,2.23312401771545
2021-10-06,55361.44921875,3580.56201171875,435.4013671875,154.10774230957,1.07765603065491,2.21215510368347
2021-10-07,53805.984375,3587.97485351562,438.761749267578,154.281188964844,1.06802594661713,2.27699494361877
2021-10-08,53967.84765625,3563.75927734375,419.10205078125,158.949203491211,1.06289100646973,2.23717594146729
2021-10-09,54968.22265625,3575.716796875,421.549468994141,156.825836181641,1.15992605686188,2.26661491394043
2021-10-10,54771.578125,3425.85278320312,405.069305419922,148.048706054688,1.13845300674438,2.19721388816833
2021-10-11,57484.7890625,3545.35400390625,413.456207275391,144.858139038086,1.13788795471191,2.17338895797729
2021-10-12,56041.05859375,3492.5732421875,443.867523193359,152.737121582031,1.10185897350311,2.11918997764587
2021-10-13,57401.09765625,3606.20166015625,470.749694824219,148.176040649414,1.12839198112488,2.18905305862427
2021-10-14,57321.5234375,3786.01416015625,472.022399902344,149.756805419922,1.13231599330902,2.17036294937134
2021-10-15,61593.94921875,3862.634765625,473.70263671875,162.596206665039,1.14055001735687,2.21465110778809
2021-10-16,60892.1796875,3830.38208007812,465.642456054688,157.538818359375,1.13509595394135,2.17771291732788
2021-10-17,61553.6171875,3847.1044921875,470.625549316406,159.743804931641,1.09346795082092,2.15696310997009
2021-10-18,62026.078125,3748.76025390625,485.111022949219,157.23127746582,1.08384203910828,2.12826299667358
2021-10-19,64261.9921875,3877.65087890625,488.148864746094,156.017028808594,1.09207999706268,2.11296200752258
2021-10-20,65992.8359375,4155.9921875,501.020324707031,175.946868896484,1.14232802391052,2.18595004081726
2021-10-21,62210.171875,4054.32275390625,471.256927490234,190.318435668945,1.08931505680084,2.1365909576416
2021-10-22,60692.265625,3970.18188476562,478.643157958984,196.431533813477,1.08837401866913,2.15419888496399
2021-10-23,61393.6171875,4171.66357421875,485.906433105469,197.703857421875,1.09449696540833,2.16681504249573
2021-10-24,60930.8359375,4087.90307617188,476.633117675781,202.36198425293,1.08428299427032,2.12343502044678
2021-10-25,63039.82421875,4217.876953125,484.645080566406,210.104293823242,1.09515798091888,2.14406609535217
2021-10-26,60363.79296875,4131.10205078125,478.025054931641,199.807250976562,1.10809302330017,2.13877701759338
2021-10-27,58482.38671875,3930.25732421875,449.007995605469,183.774597167969,0.995451986789703,1.91323697566986
2021-10-28,60622.13671875,4287.31884765625,492.015533447266,194.863983154297,1.05882000923157,1.98821902275085
2021-10-29,62227.96484375,4414.74658203125,529.622131347656,200.182754516602,1.081503033638,2.01218700408936
2021-10-30,61888.83203125,4325.650390625,527.921203613281,195.416061401367,1.083948969841,1.95742201805115
2021-10-31,61318.95703125,4288.07421875,524.364440917969,202.421020507812,1.1132470369339,1.96502602100372
2021-11-01,61004.40625,4324.626953125,551.255920410156,203.54508972168,1.0928670167923,1.95000195503235
2021-11-02,63226.40234375,4584.798828125,554.447631835938,220.239593505859,1.13619601726532,1.97137701511383
2021-11-03,62970.046875,4607.19384765625,568.578796386719,242.898818969727,1.20879602432251,2.06370091438293
2021-11-04,61452.23046875,4537.32421875,559.7373046875,247.387771606445,1.20200300216675,1.98488199710846
2021-11-05,61125.67578125,4486.2431640625,608.648071289062,236.474334716797,1.16153299808502,1.9862060546875
2021-11-06,61527.48046875,4521.5810546875,636.113952636719,258.934326171875,1.15245401859283,2.0066089630127
2021-11-07,63326.98828125,4620.5546875,650.454040527344,249.823486328125,1.21753394603729,2.02187204360962
2021-11-08,67566.828125,4812.08740234375,654.315002441406,248.467178344727,1.28237700462341,2.12441897392273
2021-11-09,66971.828125,4735.06884765625,635.190612792969,239.213134765625,1.25892996788025,2.27348303794861
2021-11-10,64995.23046875,4636.17431640625,615.278076171875,233.779525756836,1.19337296485901,2.101802110672
2021-11-11,64949.9609375,4730.38427734375,629.892333984375,234.240753173828,1.21836400032043,2.08552408218384
2021-11-12,64155.94140625,4667.115234375,626.642517089844,228.502090454102,1.1893550157547,2.0457661151886
2021-11-13,64469.52734375,4651.46044921875,650.104125976562,241.82502746582,1.19193804264069,2.05310392379761
2021-11-14,65466.83984375,4626.35888671875,650.918090820312,238.425521850586,1.18859696388245,2.04085302352905
2021-11-15,63557.87109375,4557.50390625,633.048645019531,237.553604125977,1.17137098312378,2.01558709144592
2021-11-16,60161.24609375,4216.365234375,589.822875976562,219.239028930664,1.09093403816223,1.87723505496979
2021-11-17,60368.01171875,4287.59375,578.0927734375,218.715240478516,1.09629094600677,1.87554001808167
2021-11-18,56942.13671875,4000.65087890625,532.237609863281,195.487411499023,1.04195404052734,1.78833103179932
2021-11-19,58119.578125,4298.306640625,581.530822753906,215.280014038086,1.09149205684662,1.86479294300079
2021-11-20,59697.1953125,4409.93115234375,603.840026855469,218.015274047852,1.0976459980011,1.92173600196838
2021-11-21,58730.4765625,4269.73291015625,585.294250488281,231.282623291016,1.06017303466797,1.83976304531097
2021-11-22,56289.2890625,4088.45776367188,559.127014160156,215.737274169922,1.03662204742432,1.77655494213104
2021-11-23,57569.07421875,4340.763671875,591.439575195312,221.836898803711,1.06705701351166,1.75050294399261
2021-11-24,56280.42578125,4239.9814453125,581.395324707031,214.921539306641,1.04207503795624,1.68642294406891
2021-11-25,57274.6796875,4274.7431640625,603.730224609375,206.252990722656,1.03188800811768,1.65134501457214
2021-11-26,53569.765625,4030.90893554688,585.147338867188,191.511749267578,0.936349987983704,1.52841997146606
2021-11-27,54815.078125,4096.912109375,600.336791992188,193.102157592773,0.947157979011536,1.54611802101135
2021-11-28,57248.45703125,4294.45361328125,611.366821289062,200.676651000977,0.968751013278961,1.59285497665405
2021-11-29,57806.56640625,4445.10498046875,624.31005859375,204.319366455078,0.991961002349854,1.60250794887543
2021-11-30,57005.42578125,4631.47900390625,622.669860839844,208.670989990234,0.998754024505615,1.55490303039551
2021-12-01,57229.828125,4586.990234375,627.971557617188,229.799240112305,0.990930020809174,1.54771304130554
2021-12-02,56477.81640625,4511.30224609375,619.470153808594,233.993041992188,0.972311973571777,1.71536600589752
2021-12-03,53598.24609375,4220.7060546875,594.635986328125,211.224395751953,0.922244012355804,1.5565550327301
2021-12-04,49200.703125,4119.58740234375,569.077270507812,201.12483215332,0.847028970718384,1.42070603370667
2021-12-05,49368.84765625,4198.32275390625,557.783081054688,196.168258666992,0.805594980716705,1.37810504436493
2021-12-06,50582.625,4358.7373046875,589.256164550781,194.19921875,0.828288018703461,1.42539298534393
2021-12-07,50700.0859375,4315.0615234375,579.689880371094,190.596908569336,0.818588018417358,1.38194096088409
2021-12-08,50504.796875,4439.35791015625,607.5927734375,194.621704101562,0.863306999206543,1.39707398414612
2021-12-09,47672.12109375,4119.81591796875,571.648986816406,181.178085327148,0.861271977424622,1.29043996334076
2021-12-10,47243.3046875,3908.49609375,552.966857910156,167.954833984375,0.801096975803375,1.21168899536133
2021-12-11,49362.5078125,4084.45239257812,564.322509765625,171.949493408203,0.839312970638275,1.354248046875
2021-12-12,50098.3359375,4134.453125,570.823974609375,173.431671142578,0.841323971748352,1.3472820520401
2021-12-13,46737.48046875,3784.22680664062,521.011596679688,155.21305847168,0.782894015312195,1.22534799575806
2021-12-14,46612.6328125,3745.4404296875,511.229370117188,153.341445922852,0.796248972415924,1.22283494472504
2021-12-15,48896.72265625,4018.388671875,541.026977539062,178.340789794922,0.82743102312088,1.31184697151184
2021-12-16,47665.42578125,3962.4697265625,526.246520996094,176.954666137695,0.806230008602142,1.24053394794464
2021-12-17,46202.14453125,3879.48657226562,525.706298828125,175.503295898438,0.799291014671326,1.2198920249939
2021-12-18,46848.77734375,3960.86010742188,533.891357421875,182.83512878418,0.827378988265991,1.24253404140472
2021-12-19,46707.015625,3922.59252929688,529.972045898438,180.098052978516,0.835032999515533,1.24466097354889
2021-12-20,46880.27734375,3933.84448242188,523.162475585938,173.671783447266,0.879827976226807,1.23824000358582
2021-12-21,48936.61328125,4020.26000976562,528.710998535156,180.092544555664,0.947646021842957,1.28085899353027
2021-12-22,48628.51171875,3982.099609375,533.644958496094,178.597122192383,0.954698979854584,1.32804095745087
2021-12-23,50784.5390625,4108.015625,548.725830078125,190.036315917969,0.993285000324249,1.47469103336334
2021-12-24,50822.1953125,4047.98291015625,541.902038574219,190.273193359375,0.912047028541565,1.39236700534821
2021-12-25,50429.859375,4093.28100585938,547.326232910156,193.12092590332,0.924818992614746,1.45349502563477
2021-12-26,50809.515625,4067.328125,546.994995117188,198.000732421875,0.921180009841919,1.45604503154755
2021-12-27,50640.41796875,4037.54760742188,562.641479492188,195.429504394531,0.926183998584747,1.51291298866272
2021-12-28,47588.85546875,3800.89306640625,534.928039550781,177.425628662109,0.852959990501404,1.40226399898529
2021-12-29,46444.7109375,3628.53173828125,514.000793457031,170.657562255859,0.816713988780975,1.3308140039444
2021-12-30,47178.125,3713.85205078125,518.909729003906,172.751190185547,0.839649021625519,1.36041498184204
2021-12-31,46306.4453125,3682.6328125,511.708312988281,170.299072265625,0.831162989139557,1.31020903587341
2022-01-01,47686.8125,3769.69702148438,527.352722167969,178.517944335938,0.849471986293793,1.37697505950928
2022-01-02,47345.21875,3829.56494140625,531.396667480469,176.382843017578,0.859117984771729,1.3775839805603
2022-01-03,46458.1171875,3761.38037109375,512.135986328125,170.297744750977,0.832885026931763,1.3216370344162
2022-01-04,45897.57421875,3794.056640625,507.506103515625,167.938903808594,0.824672996997833,1.3116580247879
2022-01-05,43569.00390625,3550.38696289062,475.056945800781,155.099731445312,0.774357974529266,1.23600196838379
2022-01-06,43160.9296875,3418.408203125,473.275604248047,150.431350708008,0.781346023082733,1.27978205680847
2022-01-07,41557.90234375,3193.21044921875,447.788482666016,136.402816772461,0.763073980808258,1.21154701709747
2022-01-08,41733.94140625,3091.97265625,430.246154785156,142.513458251953,0.747687995433807,1.18751204013824
2022-01-09,41911.6015625,3157.75146484375,438.803070068359,140.839004516602,0.754504978656769,1.17385995388031
2022-01-10,41821.26171875,3083.09790039062,424.933776855469,135.954940795898,0.739335000514984,1.12805199623108
2022-01-11,42735.85546875,3238.11157226562,463.518310546875,140.183853149414,0.770554006099701,1.1851099729538
2022-01-12,43949.1015625,3372.25830078125,487.007415771484,151.703109741211,0.799547970294952,1.30453503131866
2022-01-13,42591.5703125,3248.28857421875,475.029113769531,146.010040283203,0.768328011035919,1.23316097259521
2022-01-14,43099.69921875,3310.00146484375,489.867431640625,146.159027099609,0.774296998977661,1.29092597961426
2022-01-15,43177.3984375,3330.53076171875,494.988067626953,147.801177978516,0.781422972679138,1.29626297950745
2022-01-16,43113.87890625,3350.921875,498.427917480469,147.856521606445,0.778954029083252,1.40725100040436
2022-01-17,42250.55078125,3212.30493164062,475.709869384766,139.926010131836,0.762741982936859,1.5941309928894
2022-01-18,42375.6328125,3164.02514648438,472.005065917969,141.587188720703,0.752631008625031,1.46554100513458
2022-01-19,41744.328125,3095.82592773438,462.822082519531,135.792388916016,0.739749014377594,1.34175705909729
2022-01-20,40680.41796875,3001.1201171875,440.005432128906,127.205284118652,0.719421029090881,1.25805497169495
2022-01-21,36457.31640625,2557.931640625,383.073913574219,111.96605682373,0.635738015174866,1.12323296070099
2022-01-22,35030.25,2405.18115234375,358.096160888672,94.1783676147461,0.596041977405548,1.06671595573425
2022-01-23,36276.8046875,2535.0390625,383.933959960938,99.5782241821289,0.628755986690521,1.12237095832825
2022-01-24,36654.328125,2440.35229492188,371.368957519531,91.6501617431641,0.612138986587524,1.06659805774689
2022-01-25,36954.00390625,2455.93505859375,384.619354248047,94.7203521728516,0.617563009262085,1.04357397556305
2022-01-26,36852.12109375,2468.0302734375,375.755462646484,92.2380447387695,0.622071981430054,1.07904696464539
2022-01-27,37138.234375,2423.00122070312,390.088287353516,89.6324920654297,0.60877001285553,1.04353296756744
2022-01-28,37784.33203125,2547.09204101562,386.084381103516,91.3128967285156,0.612511992454529,1.05060601234436
2022-01-29,38138.1796875,2597.08471679688,389.132781982422,96.2234878540039,0.616935014724731,1.05956995487213
2022-01-30,37917.6015625,2603.46655273438,377.612915039062,93.2976760864258,0.603181004524231,1.03747296333313
2022-01-31,38483.125,2688.27880859375,375.277313232422,99.7388381958008,0.619149029254913,1.05230295658112
2022-02-01,38743.2734375,2792.1171875,385.463806152344,109.978981018066,0.629233002662659,1.08862400054932
2022-02-02,36952.984375,2682.85400390625,367.4716796875,101.837600708008,0.60148298740387,1.02890598773956
2022-02-03,37154.6015625,2679.16259765625,370.877746582031,101.459037780762,0.607684016227722,1.05644404888153
2022-02-04,41500.875,2983.5869140625,399.029602050781,112.174247741699,0.655876994132996,1.13562405109406
2022-02-05,41441.1640625,3014.64819335938,414.200012207031,113.894302368164,0.667127013206482,1.12734496593475
2022-02-06,42412.43359375,3057.47607421875,419.545562744141,115.299758911133,0.683646976947784,1.14454698562622
2022-02-07,43840.28515625,3142.470703125,433.229278564453,117.35514831543,0.827818989753723,1.19730699062347
2022-02-08,44118.4453125,3122.60864257812,408.776763916016,113.595481872559,0.878193974494934,1.17871999740601
2022-02-09,44338.796875,3239.45703125,422.465545654297,114.019378662109,0.870626986026764,1.19481003284454
2022-02-10,43565.11328125,3077.48217773438,415.119232177734,106.20280456543,0.830009996891022,1.15247797966003
2022-02-11,42407.9375,2927.38354492188,400.422393798828,96.3818817138672,0.760226011276245,1.08034694194794
2022-02-12,42244.46875,2917.36279296875,403.389739990234,95.9182052612305,0.822408020496368,1.0581990480423
2022-02-13,42197.515625,2883.46337890625,398.886779785156,93.2441024780273,0.810272991657257,1.04581904411316
2022-02-14,42586.91796875,2933.47900390625,403.660797119141,96.4332733154297,0.802218019962311,1.05026698112488
2022-02-15,44575.203125,3179.87719726562,432.409393310547,104.873306274414,0.852333009243011,1.10758602619171
2022-02-16,43961.859375,3127.830078125,427.918121337891,101.932899475098,0.839035987854004,1.08498096466064
2022-02-17,40538.01171875,2881.48193359375,402.450042724609,93.4104232788086,0.767172992229462,1.01989495754242
2022-02-18,40030.9765625,2785.7275390625,399.569183349609,90.0654602050781,0.785889983177185,0.997112989425659
2022-02-19,40122.15625,2763.701171875,400.043579101562,91.4966506958008,0.822528004646301,0.997703015804291
2022-02-20,38431.37890625,2628.6484375,380.825927734375,90.9014129638672,0.778295993804932,0.932901978492737
2022-02-21,37075.28125,2573.81616210938,356.661254882812,83.123161315918,0.70346599817276,0.858236014842987
2022-02-22,38286.02734375,2639.29931640625,374.307464599609,86.4653854370117,0.722832977771759,0.88901698589325
2022-02-23,37296.5703125,2590.35961914062,366.539489746094,84.9027862548828,0.698746025562286,0.869168996810913
2022-02-24,38332.609375,2598.06713867188,361.234649658203,89.1947479248047,0.696272015571594,0.853425025939941
2022-02-25,39214.21875,2764.53564453125,374.914947509766,92.5988235473633,0.768903017044067,0.898027002811432
2022-02-26,39105.1484375,2781.11181640625,373.638763427734,90.1415634155273,0.750972986221313,0.887917995452881
2022-02-27,37709.78515625,2621.8017578125,360.531036376953,85.5190505981445,0.721992015838623,0.858335018157959
2022-02-28,43193.234375,2919.201171875,395.612426757812,99.5203475952148,0.782043993473053,0.959828019142151
2022-03-01,44354.63671875,2972.48510742188,408.482299804688,98.6535568237305,0.784861981868744,0.962346017360687
2022-03-02,43924.1171875,2950.11840820312,409.000305175781,100.649635314941,0.768495976924896,0.938661992549896
2022-03-03,42451.7890625,2834.46899414062,402.550689697266,95.5391998291016,0.752184987068176,0.902658998966217
2022-03-04,39137.60546875,2617.15600585938,374.280883789062,88.245979309082,0.712671995162964,0.842889010906219
2022-03-05,39400.5859375,2664.8310546875,384.873352050781,89.6478424072266,0.754899978637695,0.865671992301941
2022-03-06,38419.984375,2555.03735351562,375.011199951172,84.5421829223633,0.725993990898132,0.823751986026764
2022-03-07,38062.0390625,2497.77124023438,381.344635009766,82.1300659179688,0.723286986351013,0.797379016876221
2022-03-08,38737.26953125,2576.74755859375,381.958557128906,82.2547607421875,0.720977008342743,0.801249980926514
2022-03-09,41982.92578125,2729.78344726562,393.555755615234,88.2020645141602,0.767235994338989,0.849292993545532
2022-03-10,39437.4609375,2608.04858398438,372.159027099609,82.9390869140625,0.737465023994446,0.806316018104553
2022-03-11,38794.97265625,2559.56298828125,372.184051513672,80.7449951171875,0.802155017852783,0.790125012397766
2022-03-12,38904.01171875,2574.75415039062,372.730377197266,81.5538177490234,0.786586999893188,0.790673971176147
2022-03-13,37849.6640625,2518.94458007812,361.849822998047,78.9360733032227,0.761350989341736,0.790995001792908
2022-03-14,39666.75390625,2590.69604492188,373.466156005859,81.17333984375,0.774655997753143,0.803916990756989
2022-03-15,39338.78515625,2620.14965820312,371.628845214844,82.9550857543945,0.766782999038696,0.800005972385406
2022-03-16,41143.9296875,2772.0556640625,385.528228759766,87.9036254882812,0.793537974357605,0.838374018669128
2022-03-17,40951.37890625,2814.8544921875,391.824737548828,87.8768463134766,0.793502986431122,0.8367840051651
2022-03-18,41801.15625,2945.34301757812,397.6455078125,89.8220367431641,0.798265993595123,0.853433012962341
2022-03-19,42190.65234375,2946.25708007812,399.853546142578,92.4181518554688,0.81937301158905,0.901099026203156
2022-03-20,41247.82421875,2860.45922851562,390.768371582031,88.614860534668,0.806120991706848,0.877092003822327
2022-03-21,41077.99609375,2897.9765625,396.447814941406,88.7572021484375,0.83815199136734,0.916782021522522
2022-03-22,42358.80859375,2973.13110351562,404.31494140625,90.5129699707031,0.837096989154816,0.976440012454987
2022-03-23,42892.95703125,3031.06713867188,408.609771728516,95.1026840209961,0.837886989116669,1.10748195648193
2022-03-24,43960.93359375,3108.06201171875,414.126983642578,102.223693847656,0.842967987060547,1.13001096248627
2022-03-25,44348.73046875,3106.67138671875,410.811157226562,98.6581039428711,0.825127005577087,1.09788799285889
2022-03-26,44500.828125,3143.17895507812,415.919799804688,101.764183044434,0.832772016525269,1.15059399604797
2022-03-27,46820.4921875,3291.57763671875,430.503265380859,107.08422088623,0.857343018054962,1.18214797973633
2022-03-28,47128.00390625,3336.63452148438,430.390869140625,106.465255737305,0.863304018974304,1.17018401622772
2022-03-29,47465.73046875,3401.98779296875,434.505676269531,111.710311889648,0.857999980449677,1.19111204147339
2022-03-30,47062.6640625,3385.15795898438,442.684844970703,120.699485778809,0.860813975334167,1.19038498401642
2022-03-31,45538.67578125,3281.64282226562,428.916107177734,122.661460876465,0.814563989639282,1.14185094833374
2022-04-01,46281.64453125,3449.55224609375,446.604278564453,134.430938720703,0.827740013599396,1.16542494297028
2022-04-02,45868.94921875,3445.05932617188,436.955352783203,132.198867797852,0.824918985366821,1.1560070514679
2022-04-03,46453.56640625,3522.83349609375,450.348876953125,136.775329589844,0.842949986457825,1.18594098091125
2022-04-04,46622.67578125,3521.2412109375,447.524932861328,132.412628173828,0.827251017093658,1.21294498443604
2022-04-05,45555.9921875,3411.79248046875,445.172607421875,126.862236022949,0.817641973495483,1.17080104351044
2022-04-06,43206.73828125,3171.69189453125,420.146362304688,112.88338470459,0.76131397485733,1.05277097225189
2022-04-07,43503.84765625,3233.27465820312,436.796783447266,118.796516418457,0.787999987602234,1.09189403057098
2022-04-08,42287.6640625,3192.07397460938,421.67724609375,109.800880432129,0.754055976867676,1.02632594108582
2022-04-09,42782.13671875,3261.91625976562,427.153045654297,112.972793579102,0.763584971427917,1.04501497745514
2022-04-10,42207.671875,3211.86694335938,418.590667724609,111.74243927002,0.756614029407501,1.0308849811554
2022-04-11,39521.90234375,2981.05224609375,394.086883544922,99.3391036987305,0.695023000240326,0.92044997215271
2022-04-12,40127.18359375,3030.37646484375,413.873931884766,103.30638885498,0.716614007949829,0.955145001411438
2022-04-13,41166.73046875,3118.34423828125,423.130157470703,105.001945495605,0.723850011825562,0.974695980548859
2022-04-14,39935.515625,3019.90942382812,414.663726806641,100.707801818848,0.726818978786469,0.932412028312683
2022-04-15,40553.46484375,3040.91650390625,417.293731689453,101.309776306152,0.78567498922348,0.954716980457306
2022-04-16,40424.484375,3062.31030273438,417.478454589844,102.257316589355,0.781840980052948,0.952639997005463
2022-04-17,39716.953125,2993.4033203125,407.377716064453,100.409698486328,0.75315397977829,0.91746598482132
2022-04-18,40826.21484375,3057.60668945312,416.968414306641,102.158531188965,0.768016993999481,0.936730027198792
2022-04-19,41502.75,3104.1064453125,422.387054443359,108.58203125,0.77506297826767,0.953333020210266
2022-04-20,41374.37890625,3077.74584960938,418.354248046875,105.497001647949,0.752178013324738,0.937340974807739
2022-04-21,40527.36328125,2987.48071289062,405.021453857422,101.776138305664,0.733178019523621,0.910474002361298
2022-04-22,39740.3203125,2964.83569335938,406.987518310547,100.61205291748,0.719193994998932,0.907154023647308
2022-04-23,39486.73046875,2938.11401367188,401.652465820312,100.744438171387,0.707705020904541,0.888503015041351
2022-04-24,39469.29296875,2922.73266601562,399.105377197266,99.2357940673828,0.698738992214203,0.886349976062775
2022-04-25,40458.30859375,3009.3935546875,404.350280761719,101.247634887695,0.694426000118256,0.89869499206543
2022-04-26,38117.4609375,2808.29833984375,385.483062744141,95.7821502685547,0.641699016094208,0.827645003795624
2022-04-27,39241.12109375,2888.9296875,391.445831298828,98.3788681030273,0.652318000793457,0.840595006942749
2022-04-28,39773.828125,2936.94091796875,406.718200683594,98.1857299804688,0.644362986087799,0.843949973583221
2022-04-29,38609.82421875,2815.60180664062,393.062164306641,94.011344909668,0.611406981945038,0.80504298210144
2022-04-30,37714.875,2730.18676757812,377.767822265625,85.0959320068359,0.587091028690338,0.756659984588623
2022-05-01,38469.09375,2827.75610351562,390.281982421875,89.6715087890625,0.607843995094299,0.790343999862671
2022-05-02,38529.328125,2857.41040039062,389.670654296875,87.5810165405273,0.614269018173218,0.781529009342194
2022-05-03,37750.453125,2783.47631835938,383.475799560547,85.8423767089844,0.604848980903625,0.771144986152649
2022-05-04,39698.37109375,2940.64477539062,402.502655029297,92.7708511352539,0.646474003791809,0.896942019462585
2022-05-05,36575.140625,2749.21313476562,378.773620605469,84.5960235595703,0.598886013031006,0.791152000427246
2022-05-06,36040.921875,2694.97973632812,379.304290771484,81.7641067504883,0.602569997310638,0.783358991146088
2022-05-07,35501.953125,2636.09301757812,365.684112548828,78.9834213256836,0.582346975803375,0.76188200712204
2022-05-08,34059.265625,2517.4599609375,355.398742675781,75.2201843261719,0.566527009010315,0.73956298828125
2022-05-09,30296.953125,2245.43041992188,299.348937988281,63.2696533203125,0.492940008640289,0.610087990760803
2022-05-10,31022.90625,2343.51098632812,319.326965332031,66.7661514282227,0.513625979423523,0.628962993621826
2022-05-11,28936.35546875,2072.10864257812,269.962768554688,50.2108497619629,0.413376003503799,0.512799978256226
2022-05-12,29047.751953125,1961.70153808594,269.407257080078,44.6835899353027,0.385206013917923,0.473746001720428
2022-05-13,29283.103515625,2014.41821289062,290.584197998047,48.5935516357422,0.423417001962662,0.528877019882202
2022-05-14,30101.265625,2056.27392578125,297.387603759766,52.4172248840332,0.427774012088776,0.539358019828796
2022-05-15,31305.11328125,2145.70678710938,312.007720947266,58.8112602233887,0.447371006011963,0.597500026226044
2022-05-16,29862.91796875,2022.72595214844,297.710113525391,53.6464614868164,0.422499001026154,0.556716024875641
2022-05-17,30425.857421875,2090.4091796875,305.963439941406,57.1256256103516,0.437622994184494,0.578077018260956
2022-05-18,28720.271484375,1916.65612792969,287.438781738281,49.7562103271484,0.406165987253189,0.505614995956421
2022-05-19,30314.333984375,2018.33618164062,306.791564941406,52.2139778137207,0.419975996017456,0.533321022987366
2022-05-20,29200.740234375,1961.31567382812,302.359222412109,49.5385093688965,0.411137014627457,0.517907023429871
2022-05-21,29432.2265625,1974.51831054688,312.466033935547,50.3179817199707,0.414673000574112,0.528313994407654
2022-05-22,30323.72265625,2043.17016601562,319.609008789062,52.7551803588867,0.422336995601654,0.542617976665497
2022-05-23,29098.91015625,1972.18188476562,316.760559082031,49.0568504333496,0.404671013355255,0.512605011463165
2022-05-24,29655.5859375,1978.98278808594,328.189331054688,49.6533355712891,0.408713012933731,0.521224021911621
2022-05-25,29562.361328125,1944.82788085938,325.734802246094,47.9824256896973,0.405784994363785,0.513876974582672
2022-05-26,29267.224609375,1803.91333007812,304.963928222656,43.4912109375,0.39316999912262,0.480883002281189
2022-05-27,28627.57421875,1724.9228515625,300.972045898438,40.9813461303711,0.381787002086639,0.455507010221481
2022-05-28,28814.900390625,1757.94177246094,307.8154296875,44.3431625366211,0.386323004961014,0.464763998985291
2022-05-29,29445.95703125,1812.03100585938,305.975067138672,44.9096145629883,0.389016002416611,0.481126010417938
2022-05-30,31726.390625,1996.44128417969,321.752899169922,47.179443359375,0.418175011873245,0.570073008537292
2022-05-31,31792.310546875,1942.32800292969,320.485107421875,45.7678413391113,0.4218670129776,0.625253975391388
2022-06-01,29799.080078125,1823.5693359375,300.504058837891,40.2696685791016,0.398084998130798,0.552749991416931
2022-06-02,30467.48828125,1834.15051269531,308.101776123047,40.8913459777832,0.405301988124847,0.58779501914978
2022-06-03,29704.390625,1775.07861328125,298.397888183594,38.259220123291,0.390765994787216,0.559657990932465
2022-06-04,29832.9140625,1801.60949707031,301.631134033203,38.9314460754395,0.392309010028839,0.566069006919861
2022-06-05,29906.662109375,1805.20495605469,298.934722900391,38.4805335998535,0.395379990339279,0.567089974880219
2022-06-06,31370.671875,1859.28967285156,295.396026611328,42.4331321716309,0.403010994195938,0.609327971935272
2022-06-07,31155.478515625,1814.04833984375,290.341125488281,39.437572479248,0.407701998949051,0.615445017814636
2022-06-08,30214.35546875,1793.572265625,288.616088867188,38.8433685302734,0.40064799785614,0.641614019870758
2022-06-09,30111.998046875,1789.82604980469,289.919647216797,39.9726066589355,0.400323987007141,0.632920026779175
2022-06-10,29083.8046875,1665.04223632812,286.046691894531,37.0897674560547,0.381736010313034,0.57421600818634
2022-06-11,28360.810546875,1529.66345214844,269.486999511719,33.821117401123,0.359025001525879,0.552776992321014
2022-06-12,26762.6484375,1445.21655273438,255.950881958008,30.7432708740234,0.345490008592606,0.496861010789871
2022-06-13,22487.388671875,1204.58276367188,222.505783081055,28.192361831665,0.310802012681961,0.463133007287979
2022-06-14,22206.79296875,1211.66284179688,223.221252441406,29.7146186828613,0.322142988443375,0.484385997056961
2022-06-15,22572.83984375,1233.20642089844,233.396713256836,34.4879417419434,0.343703001737595,0.53329598903656
2022-06-16,20381.650390625,1067.73071289062,209.53874206543,29.9897422790527,0.312056005001068,0.475021988153458
2022-06-17,20471.482421875,1086.51928710938,215.891799926758,30.742919921875,0.321381002664566,0.487392008304596
2022-06-18,19017.642578125,993.636779785156,197.042999267578,31.8079357147217,0.308090001344681,0.45618200302124
2022-06-19,20553.271484375,1127.65649414062,214.920532226562,34.2437477111816,0.326052993535995,0.484364002943039
2022-06-20,20599.537109375,1127.64245605469,216.934265136719,35.4171142578125,0.323345988988876,0.492260992527008
2022-06-21,20710.59765625,1124.82458496094,219.498626708984,36.1211585998535,0.32862600684166,0.479203999042511
2022-06-22,19987.029296875,1051.421875,214.261917114258,34.1216354370117,0.322584986686707,0.458568006753922
2022-06-23,21085.876953125,1143.38671875,228.953750610352,38.1752319335938,0.335530996322632,0.480291992425919
2022-06-24,21231.65625,1226.8447265625,240.238311767578,42.2120475769043,0.367587000131607,0.499224007129669
2022-06-25,21502.337890625,1243.44689941406,239.690658569336,42.3328132629395,0.367556005716324,0.498946011066437
2022-06-26,21027.294921875,1199.83166503906,233.858749389648,39.408088684082,0.358864009380341,0.489652991294861
2022-06-27,20735.478515625,1193.6806640625,233.654022216797,38.4512519836426,0.353235006332397,0.485790014266968
2022-06-28,20280.634765625,1144.57922363281,226.927337646484,35.3264389038086,0.337329000234604,0.469671010971069
2022-06-29,20104.0234375,1098.94384765625,219.284469604492,33.8739013671875,0.328978002071381,0.465508997440338
2022-06-30,19784.7265625,1067.298828125,219.300094604492,33.5884170532227,0.33144798874855,0.458849012851715
2022-07-01,19269.3671875,1059.76733398438,216.01545715332,32.8030700683594,0.31367701292038,0.448089003562927
2022-07-02,19242.255859375,1066.51281738281,218.035232543945,33.3594093322754,0.315578997135162,0.456351011991501
2022-07-03,19297.076171875,1073.76696777344,218.980316162109,33.3859329223633,0.321702986955643,0.45558699965477
2022-07-04,20231.26171875,1151.05908203125,231.574127197266,36.7850303649902,0.328790009021759,0.469644010066986
2022-07-05,20190.115234375,1134.541015625,230.84635925293,35.3955535888672,0.325423002243042,0.457632005214691
2022-07-06,20548.24609375,1186.97399902344,238.499938964844,37.0735626220703,0.332271993160248,0.462179005146027
2022-07-07,21637.587890625,1237.59338378906,241.544509887695,38.5183067321777,0.342150986194611,0.477811992168427
2022-07-08,21731.1171875,1222.50622558594,240.750717163086,38.2867202758789,0.341627985239029,0.46731099486351
2022-07-09,21592.20703125,1216.97827148438,243.241073608398,38.0719604492188,0.344951987266541,0.478760004043579
2022-07-10,20860.44921875,1168.40161132812,234.655578613281,36.6976089477539,0.32566300034523,0.463220000267029
2022-07-11,19970.556640625,1097.23657226562,225.858505249023,33.4636001586914,0.314296990633011,0.435519993305206
2022-07-12,19323.9140625,1038.19165039062,220.464553833008,32.7575950622559,0.311659008264542,0.417928010225296
2022-07-13,20212.07421875,1113.58715820312,230.524765014648,34.9109382629395,0.323729991912842,0.438107997179031
2022-07-14,20569.919921875,1191.52624511719,238.164474487305,37.1078224182129,0.333220988512039,0.441024988889694
2022-07-15,20836.328125,1233.12915039062,238.573989868164,37.4159278869629,0.334535002708435,0.442456007003784
2022-07-16,21190.31640625,1352.62646484375,249.593872070312,39.5741233825684,0.350861012935638,0.457230001688004
2022-07-17,20779.34375,1338.6357421875,247.848480224609,38.6447219848633,0.343412011861801,0.447353005409241
2022-07-18,22485.689453125,1578.71789550781,264.886047363281,43.7461585998535,0.3661769926548,0.492543011903763
2022-07-19,23389.43359375,1542.97521972656,268.817321777344,44.8998756408691,0.373225003480911,0.515767991542816
2022-07-20,23231.732421875,1520.20068359375,258.338806152344,42.0936698913574,0.360484004020691,0.491043001413345
2022-07-21,23164.62890625,1576.74951171875,265.462554931641,43.1905937194824,0.367036014795303,0.500097990036011
2022-07-22,22714.978515625,1537.40515136719,262.87744140625,40.6185035705566,0.35860401391983,0.483945995569229
2022-07-23,22465.478515625,1549.29748535156,259.463012695312,40.0409774780273,0.359540998935699,0.517368018627167
2022-07-24,22609.1640625,1599.47668457031,261.864868164062,41.0065841674805,0.359259992837906,0.513813972473145
2022-07-25,21361.701171875,1445.38342285156,245.148498535156,36.7119979858398,0.337314993143082,0.476249992847443
2022-07-26,21239.75390625,1441.80676269531,248.958374023438,36.1908531188965,0.337815999984741,0.467606991529465
2022-07-27,22930.548828125,1636.23266601562,271.504364013672,40.3078498840332,0.359118014574051,0.510553002357483
2022-07-28,23843.88671875,1725.46813964844,277.293914794922,42.8452682495117,0.37337601184845,0.513328015804291
2022-07-29,23804.6328125,1727.40698242188,293.953338623047,41.9269981384277,0.368674993515015,0.523334980010986
2022-07-30,23656.20703125,1695.96948242188,287.5361328125,43.7558898925781,0.387764006853104,0.525575995445251
2022-07-31,23336.896484375,1681.51733398438,283.579467773438,42.400203704834,0.380457997322083,0.517019987106323
2022-08-01,23314.19921875,1635.19580078125,283.539489746094,41.7864837646484,0.379976004362106,0.514123022556305
2022-08-02,22978.1171875,1632.94543457031,283.820983886719,39.7545051574707,0.372020989656448,0.496832996606827
2022-08-03,22846.5078125,1618.87451171875,298.356781005859,38.5444183349609,0.369852006435394,0.500988006591797
2022-08-04,22630.95703125,1608.20581054688,310.7060546875,38.8306732177734,0.371351003646851,0.499668002128601
2022-08-05,23289.314453125,1732.25463867188,315.185546875,40.5610313415527,0.376594990491867,0.517503023147583
2022-08-06,22961.279296875,1691.65808105469,315.068908691406,40.0570068359375,0.371571004390717,0.511255979537964
2022-08-07,23175.890625,1699.35083007812,322.921142578125,40.6055908203125,0.372505992650986,0.527469992637634
2022-08-08,23809.486328125,1775.51611328125,324.800415039062,42.1705513000488,0.378753989934921,0.53659600019455
2022-08-09,23164.318359375,1703.02502441406,324.912322998047,40.3726234436035,0.368101000785828,0.514051973819733
2022-08-10,23947.642578125,1851.74267578125,328.471160888672,42.3658676147461,0.381065011024475,0.537092983722687
2022-08-11,23957.529296875,1881.22412109375,323.800231933594,42.8217887878418,0.380562990903854,0.5312579870224
2022-08-12,24402.818359375,1957.24645996094,327.514678955078,45.3347587585449,0.379994988441467,0.54075300693512
2022-08-13,24424.068359375,1981.33654785156,323.870147705078,46.4853477478027,0.377963989973068,0.559813022613525
2022-08-14,24319.333984375,1936.80200195312,317.986633300781,44.9165687561035,0.37645098567009,0.570343017578125
2022-08-15,24136.97265625,1904.22814941406,319.887298583984,43.8232231140137,0.375773996114731,0.551171004772186
2022-08-16,23883.291015625,1878.13940429688,316.423675537109,43.158805847168,0.377236992120743,0.557914972305298
2022-08-17,23335.998046875,1832.99963378906,306.636413574219,40.4030532836914,0.379707008600235,0.537038028240204
2022-08-18,23212.73828125,1847.0078125,298.141235351562,39.5452308654785,0.370965003967285,0.51263302564621
2022-08-19,20877.552734375,1612.9873046875,279.718719482422,35.8902587890625,0.335049003362656,0.450980007648468
2022-08-20,21166.060546875,1577.00378417969,283.693145751953,35.2697334289551,0.33754101395607,0.451388001441956
2022-08-21,21534.12109375,1619.31896972656,302.056274414062,36.5331993103027,0.345301985740662,0.463546007871628
2022-08-22,21398.908203125,1622.505859375,300.559112548828,35.4743804931641,0.344720989465714,0.461445987224579
2022-08-23,21528.087890625,1662.76989746094,299.029937744141,35.6462516784668,0.347092002630234,0.465207010507584
2022-08-24,21395.01953125,1657.05920410156,296.449676513672,34.9579162597656,0.346145004034042,0.458108991384506
2022-08-25,21600.904296875,1696.45703125,301.583648681641,35.316463470459,0.349496990442276,0.464998990297318
2022-08-26,20260.01953125,1507.78283691406,279.598175048828,31.7263622283936,0.338369995355606,0.430862993001938
2022-08-27,20041.73828125,1491.39501953125,277.801574707031,31.5424327850342,0.33534699678421,0.449703007936478
2022-08-28,19616.814453125,1430.54736328125,276.250885009766,30.3922863006592,0.323094993829727,0.430049002170563
2022-08-29,20297.994140625,1553.03735351562,286.221405029297,32.4652976989746,0.333797007799149,0.450702995061874
2022-08-30,19796.80859375,1523.8388671875,281.425354003906,31.4120559692383,0.326869010925293,0.452169001102448
2022-08-31,20049.763671875,1553.68493652344,279.238098144531,31.4729557037354,0.327870011329651,0.446664988994598
2022-09-01,20127.140625,1586.1767578125,278.417236328125,31.5856781005859,0.333193987607956,0.457480996847153
2022-09-02,19969.771484375,1577.22045898438,277.416107177734,31.2279300689697,0.33125901222229,0.454558998346329
2022-09-03,19832.087890625,1556.87268066406,277.775573730469,31.1094837188721,0.329968988895416,0.480387002229691
2022-09-04,19986.712890625,1577.6416015625,278.841857910156,32.1069564819336,0.331799000501633,0.503084003925323
2022-09-05,19812.37109375,1617.18322753906,276.685913085938,32.1946487426758,0.33296000957489,0.499121010303497
2022-09-06,18837.66796875,1561.74853515625,262.668395996094,30.8917427062988,0.322207987308502,0.463066011667252
2022-09-07,19290.32421875,1629.90637207031,278.761322021484,32.7109184265137,0.337366998195648,0.4792819917202
2022-09-08,19329.833984375,1635.34765625,280.577484130859,33.6086463928223,0.340245008468628,0.4792740046978
2022-09-09,21381.15234375,1719.08544921875,293.407135009766,34.7397651672363,0.357517004013062,0.502919971942902
2022-09-10,21680.5390625,1776.20373535156,296.969055175781,35.1267280578613,0.357681006193161,0.512422025203705
2022-09-11,21769.255859375,1761.80004882812,295.161865234375,34.9659614562988,0.355118989944458,0.509751975536346
2022-09-12,22370.44921875,1713.76525878906,293.658721923828,37.4241828918457,0.359445005655289,0.501546025276184
2022-09-13,20296.70703125,1580.78796386719,277.576934814453,33.4308166503906,0.333692014217377,0.468881011009216
2022-09-14,20241.08984375,1634.75500488281,279.385864257812,34.0915718078613,0.342081993818283,0.481375992298126
2022-09-15,19701.2109375,1471.69348144531,270.806884765625,33.0476837158203,0.32633501291275,0.465644001960754
2022-09-16,19772.583984375,1432.44775390625,274.654571533203,32.2088584899902,0.356687992811203,0.474126011133194
2022-09-17,20127.576171875,1469.74169921875,279.249328613281,33.7507781982422,0.377003997564316,0.487156003713608
2022-09-18,19419.505859375,1335.3291015625,266.313171386719,31.0598545074463,0.358323007822037,0.44718599319458
2022-09-19,19544.12890625,1377.54138183594,272.06982421875,32.685302734375,0.387073010206223,0.453503996133804
2022-09-20,18890.7890625,1324.38818359375,266.369598388672,31.4330406188965,0.415183007717133,0.441899001598358
2022-09-21,18547.400390625,1252.60778808594,264.792083740234,30.8263778686523,0.39682799577713,0.441159009933472
2022-09-22,19413.55078125,1327.68017578125,275.500274658203,32.4089050292969,0.485101014375687,0.458965986967087
2022-09-23,19297.638671875,1328.25952148438,276.626251220703,33.6766357421875,0.507170975208282,0.461820989847183
2022-09-24,18937.01171875,1317.99328613281,275.135375976562,33.4626502990723,0.488716006278992,0.451599985361099
2022-09-25,18802.09765625,1294.216796875,274.061248779297,32.3353614807129,0.492626994848251,0.446188002824783
2022-09-26,19222.671875,1335.32019042969,275.927856445312,33.8805541992188,0.467678010463715,0.446756988763809
2022-09-27,19110.546875,1330.12768554688,272.401550292969,32.750129699707,0.448776006698608,0.441890001296997
2022-09-28,19426.720703125,1337.41088867188,281.781219482422,33.2354393005371,0.450672000646591,0.437290012836456
2022-09-29,19573.05078125,1335.65234375,283.789031982422,33.952449798584,0.485417008399963,0.438169986009598
2022-09-30,19431.7890625,1327.97863769531,284.192291259766,33.2124443054199,0.479773998260498,0.434413999319077
2022-10-01,19312.095703125,1311.64440917969,282.871917724609,32.4693946838379,0.475109994411469,0.430292993783951
2022-10-02,19044.107421875,1276.09350585938,284.43310546875,32.0556983947754,0.448850005865097,0.419633001089096
2022-10-03,19623.580078125,1323.43920898438,287.031982421875,32.9676208496094,0.462879002094269,0.427998006343842
2022-10-04,20336.84375,1362.12658691406,296.298461914062,34.1224708557129,0.480174005031586,0.435764998197556
2022-10-05,20160.716796875,1352.83715820312,294.137664794922,34.0738830566406,0.489683002233505,0.431273013353348
2022-10-06,19955.443359375,1351.70947265625,286.634155273438,33.3428192138672,0.493184000253677,0.428687006235123
2022-10-07,19546.849609375,1332.51696777344,283.182678222656,33.00146484375,0.518278002738953,0.424320012331009
2022-10-08,19416.568359375,1315.50048828125,276.469573974609,32.5779342651367,0.517112970352173,0.421736001968384
2022-10-09,19446.42578125,1322.60424804688,278.238067626953,32.9138832092285,0.534061014652252,0.423072010278702
2022-10-10,19141.484375,1291.33764648438,271.806060791016,31.9708347320557,0.497013986110687,0.401800990104675
2022-10-11,19051.41796875,1279.57568359375,271.371398925781,30.7768688201904,0.485397011041641,0.39054000377655
2022-10-12,19157.4453125,1294.90637207031,270.971008300781,31.1654853820801,0.488370001316071,0.381300002336502
2022-10-13,19382.904296875,1288.12390136719,271.851409912109,30.5445194244385,0.480812013149261,0.377638012170792
2022-10-14,19185.65625,1297.42211914062,269.567169189453,30.007417678833,0.48896598815918,0.366851001977921
2022-10-15,19067.634765625,1274.87170410156,268.404083251953,29.5753479003906,0.481507003307343,0.363743990659714
2022-10-16,19268.09375,1306.29663085938,272.519958496094,30.1688404083252,0.477010011672974,0.370281010866165
2022-10-17,19550.7578125,1331.71362304688,275.512573242188,31.2248764038086,0.479918003082275,0.372345000505447
2022-10-18,19334.416015625,1310.44702148438,273.214569091797,30.1643314361572,0.465977013111115,0.361820012331009
2022-10-19,19139.53515625,1285.74426269531,271.981353759766,28.9007987976074,0.451227009296417,0.35003200173378
2022-10-20,19053.740234375,1283.20092773438,269.271270751953,28.0850963592529,0.448083996772766,0.340254008769989
2022-10-21,19172.46875,1299.94641113281,270.038421630859,28.1086769104004,0.461097985506058,0.349076986312866
2022-10-22,19208.189453125,1314.29919433594,270.4794921875,28.0138626098633,0.465469986200333,0.351408988237381
2022-10-23,19567.0078125,1363.44702148438,276.008178710938,29.2700710296631,0.469033002853394,0.36209899187088
2022-10-24,19345.572265625,1344.99853515625,273.977416992188,28.3100643157959,0.453821003437042,0.35785698890686
2022-10-25,20095.857421875,1461.66540527344,284.432525634766,30.9399757385254,0.461544007062912,0.401987999677658
2022-10-26,20770.44140625,1566.56665039062,290.376983642578,31.2847213745117,0.469375997781754,0.403492003679276
2022-10-27,20285.8359375,1514.37487792969,286.844116210938,30.6306247711182,0.462406992912292,0.388696998357773
2022-10-28,20595.3515625,1555.47790527344,298.014190673828,32.1112632751465,0.473980993032455,0.404507011175156
2022-10-29,20818.4765625,1619.69848632812,304.217956542969,32.8571281433105,0.470416009426117,0.419777989387512
2022-10-30,20635.603515625,1590.78332519531,313.754791259766,32.9659309387207,0.458454996347427,0.406046986579895
2022-10-31,20495.7734375,1572.71447753906,326.360717773438,32.6110382080078,0.465914994478226,0.406336009502411
2022-11-01,20485.2734375,1579.70458984375,324.579437255859,32.2484245300293,0.464576989412308,0.401401996612549
2022-11-02,20159.50390625,1519.71179199219,320.150543212891,30.7880764007568,0.450874000787735,0.386076003313065
2022-11-03,20209.98828125,1531.54174804688,329.716979980469,30.843879699707,0.455134987831116,0.389420002698898
2022-11-04,21147.23046875,1645.09338378906,354.406372070312,33.7808532714844,0.504404008388519,0.421525001525879
2022-11-05,21282.69140625,1627.96801757812,349.253723144531,36.7657623291016,0.493330001831055,0.426735013723373
2022-11-06,20926.486328125,1572.23474121094,339.389373779297,32.6835823059082,0.470670014619827,0.403005003929138
2022-11-07,20602.81640625,1568.59130859375,337.014556884766,29.6013450622559,0.465856999158859,0.404258996248245
2022-11-08,18541.271484375,1332.83557128906,327.690277099609,24.1529369354248,0.4062420129776,0.371834009885788
2022-11-09,15880.7802734375,1100.16979980469,266.853118896484,13.9408569335938,0.333180993795395,0.317836999893188
2022-11-10,17586.771484375,1299.46459960938,304.080047607422,17.6814079284668,0.395705014467239,0.368977010250092
2022-11-11,17034.29296875,1287.22106933594,289.820556640625,16.3267459869385,0.384158998727798,0.354667007923126
2022-11-12,16799.185546875,1255.26831054688,282.341278076172,14.5390014648438,0.363676995038986,0.339143991470337
2022-11-13,16353.365234375,1221.81921386719,276.579437255859,13.1645288467407,0.340296000242233,0.330127000808716
2022-11-14,16618.19921875,1241.60424804688,278.578430175781,14.0013561248779,0.376406013965607,0.331849008798599
2022-11-15,16884.61328125,1251.73620605469,276.8740234375,14.3012943267822,0.388520985841751,0.337009012699127
2022-11-16,16669.439453125,1215.6025390625,272.081604003906,14.2855081558228,0.376300990581512,0.332381993532181
2022-11-17,16687.517578125,1200.80859375,267.911315917969,13.6387348175049,0.382544010877609,0.324858993291855
2022-11-18,16697.77734375,1212.30029296875,273.919982910156,13.2474966049194,0.383062988519669,0.326220989227295
2022-11-19,16711.546875,1218.4267578125,272.397674560547,12.8510141372681,0.384698987007141,0.328512012958527
2022-11-20,16291.83203125,1142.46667480469,264.235137939453,12.252833366394,0.361945003271103,0.312307000160217
2022-11-21,15787.2841796875,1108.35302734375,254.168258666992,11.8462085723877,0.364798992872238,0.304547995328903
2022-11-22,16189.76953125,1135.17346191406,266.324340820312,12.4356250762939,0.376060992479324,0.311922013759613
2022-11-23,16610.70703125,1183.19958496094,297.847442626953,14.3515119552612,0.381581008434296,0.318316996097565
2022-11-24,16604.46484375,1203.98315429688,300.427825927734,14.582350730896,0.401991993188858,0.316457986831665
2022-11-25,16521.841796875,1198.92590332031,300.577697753906,14.0631380081177,0.408412009477615,0.314989000558853
2022-11-26,16464.28125,1205.89794921875,311.388458251953,14.1591939926147,0.396629005670547,0.313789993524551
2022-11-27,16444.626953125,1195.126953125,307.429290771484,14.1157665252686,0.396820992231369,0.312453985214233
2022-11-28,16217.322265625,1170.08618164062,293.527252197266,13.4045181274414,0.390318006277084,0.306699991226196
2022-11-29,16444.982421875,1216.90124511719,295.498168945312,13.3697338104248,0.398548990488052,0.309372007846832
2022-11-30,17168.56640625,1295.68859863281,300.794342041016,14.1154451370239,0.408742994070053,0.318883001804352
2022-12-01,16967.1328125,1276.27392578125,292.016204833984,13.4809684753418,0.396708011627197,0.314484000205994
2022-12-02,17088.66015625,1294.30334472656,293.527496337891,13.7156400680542,0.396272987127304,0.319406986236572
2022-12-03,16908.236328125,1243.33483886719,290.563140869141,13.3024578094482,0.388146996498108,0.319653987884521
2022-12-04,17130.486328125,1280.25659179688,292.288299560547,13.7182188034058,0.390735000371933,0.322750002145767
2022-12-05,16974.826171875,1259.6767578125,288.474273681641,13.8311128616333,0.389584004878998,0.319516986608505
2022-12-06,17089.50390625,1271.65380859375,290.354461669922,14.288854598999,0.392093986272812,0.318464010953903
2022-12-07,16848.126953125,1232.4375,284.284423828125,13.5196533203125,0.383720993995667,0.310319989919662
2022-12-08,17233.474609375,1281.11633300781,290.537170410156,13.6892223358154,0.394544988870621,0.314842998981476
2022-12-09,17133.15234375,1264.28479003906,286.090423583984,13.5801877975464,0.389153003692627,0.311677008867264
2022-12-10,17128.724609375,1266.38415527344,288.125213623047,13.5769958496094,0.386698007583618,0.312606006860733
2022-12-11,17104.193359375,1263.86853027344,284.390411376953,13.427809715271,0.381749004125595,0.307711005210876
2022-12-12,17206.4375,1274.61901855469,276.278198242188,13.3185443878174,0.38739401102066,0.306948989629745
2022-12-13,17781.318359375,1320.54919433594,271.951690673828,13.8339862823486,0.395101994276047,0.312864989042282
2022-12-14,17815.650390625,1309.32873535156,268.231536865234,14.1405258178711,0.386413991451263,0.308133989572525
2022-12-15,17364.865234375,1266.35388183594,258.273712158203,14.0215110778809,0.378237009048462,0.300200998783112
2022-12-16,16647.484375,1168.25939941406,231.232437133789,12.2666063308716,0.351987987756729,0.264070004224777
2022-12-17,16795.091796875,1188.14953613281,242.529281616211,12.5044040679932,0.354809999465942,0.26690000295639
2022-12-18,16757.9765625,1184.71520996094,251.156387329102,12.4131202697754,0.350270003080368,0.266335010528564
2022-12-19,16439.6796875,1167.60986328125,240.657806396484,11.9326553344727,0.338869988918304,0.252943992614746
2022-12-20,16906.3046875,1217.70361328125,251.744537353516,12.2805147171021,0.349373012781143,0.259007006883621
2022-12-21,16817.53515625,1213.59997558594,246.046981811523,12.1289854049683,0.346020013093948,0.253154009580612
2022-12-22,16830.341796875,1218.18212890625,245.890625,11.7948293685913,0.349599987268448,0.256523013114929
2022-12-23,16796.953125,1220.15942382812,246.148178100586,11.7861661911011,0.354272991418839,0.259429007768631
2022-12-24,16847.755859375,1221.14855957031,244.635528564453,11.4442758560181,0.352178990840912,0.259368002414703
2022-12-25,16841.986328125,1218.96203613281,243.141494750977,11.387903213501,0.346392005681992,0.259270012378693
2022-12-26,16919.8046875,1226.97436523438,244.198287963867,11.3066110610962,0.365723013877869,0.265296995639801
2022-12-27,16717.173828125,1212.79162597656,246.5966796875,11.0854301452637,0.368126004934311,0.2603699862957
2022-12-28,16552.572265625,1189.98608398438,244.14192199707,9.7559061050415,0.356530994176865,0.248377993702888
2022-12-29,16642.341796875,1201.59533691406,246.479721069336,9.65178298950195,0.342846006155014,0.24413999915123
2022-12-30,16602.5859375,1199.23278808594,245.779220581055,9.88017654418945,0.345016986131668,0.245556995272636
2022-12-31,16547.49609375,1196.77124023438,246.349197387695,9.96103858947754,0.339929014444351,0.246465995907784
2023-01-01,16625.080078125,1200.96484375,244.136978149414,9.98217296600342,0.338762998580933,0.249770998954773
2023-01-02,16688.470703125,1214.65661621094,245.535903930664,11.272967338562,0.348556011915207,0.25382798910141
2023-01-03,16679.857421875,1214.77880859375,246.133361816406,13.3440456390381,0.343823999166489,0.252795994281769
2023-01-04,16863.23828125,1256.52661132812,259.119689941406,13.435112953186,0.347793996334076,0.267677009105682
2023-01-05,16836.736328125,1250.43859863281,256.4228515625,13.4193296432495,0.338039010763168,0.26910200715065
2023-01-06,16951.96875,1269.37902832031,259.867156982422,13.5258417129517,0.344644993543625,0.278652012348175
2023-01-07,16955.078125,1264.27038574219,261.282836914062,13.0922679901123,0.344267994165421,0.277105003595352
2023-01-08,17091.14453125,1287.35949707031,274.385070800781,14.3199329376221,0.34535801410675,0.295217990875244
2023-01-09,17196.5546875,1321.53894042969,272.701538085938,16.3024635314941,0.349339991807938,0.317101985216141
2023-01-10,17446.29296875,1336.58605957031,277.289642333984,16.1967239379883,0.351240992546082,0.322495996952057
2023-01-11,17934.896484375,1387.93273925781,285.046508789062,16.3594150543213,0.37415799498558,0.322748988866806
2023-01-12,18869.587890625,1417.9384765625,287.812347412109,16.6190433502197,0.375196993350983,0.329757988452911
2023-01-13,19909.57421875,1451.61486816406,293.733001708984,18.288444519043,0.385803997516632,0.345771014690399
2023-01-14,20976.298828125,1550.70690917969,305.241119384766,24.2494583129883,0.395442992448807,0.352551996707916
2023-01-15,20880.798828125,1552.4794921875,302.070648193359,22.8733062744141,0.384880989789963,0.350367993116379
2023-01-16,21169.6328125,1576.83349609375,298.999237060547,23.577564239502,0.386575996875763,0.35003998875618
2023-01-17,21161.51953125,1567.84606933594,299.824523925781,22.8840637207031,0.387710988521576,0.345761001110077
2023-01-18,20688.78125,1515.50695800781,286.991058349609,20.8506336212158,0.379451990127563,0.326835006475449
2023-01-19,21086.79296875,1552.55651855469,294.852203369141,21.4267654418945,0.393784999847412,0.339098989963531
2023-01-20,22676.552734375,1659.75415039062,304.973175048828,25.5482711791992,0.413343995809555,0.364585995674133
2023-01-21,22777.625,1627.1181640625,299.261169433594,24.6278381347656,0.403533011674881,0.369026005268097
2023-01-22,22720.416015625,1628.38208007812,303.046447753906,24.2327899932861,0.400967001914978,0.376594007015228
2023-01-23,22934.431640625,1628.25109863281,305.504089355469,24.3578071594238,0.424943000078201,0.375503987073898
2023-01-24,22636.46875,1556.60424804688,300.612335205078,22.7956733703613,0.407707005739212,0.359297007322311
2023-01-25,23117.859375,1611.71105957031,307.307647705078,24.5714454650879,0.417692989110947,0.373409986495972
2023-01-26,23032.77734375,1603.10595703125,304.866546630859,24.3506965637207,0.410102993249893,0.380059003829956
2023-01-27,23078.728515625,1598.15649414062,308.123107910156,24.4078578948975,0.412791013717651,0.388978987932205
2023-01-28,23031.08984375,1572.43505859375,306.244323730469,23.9818019866943,0.408134013414383,0.382351011037827
2023-01-29,23774.56640625,1646.15563964844,317.336212158203,26.1323871612549,0.413763999938965,0.396313011646271
2023-01-30,22840.138671875,1567.32653808594,307.068878173828,23.9463214874268,0.394591003656387,0.372510999441147
2023-01-31,23139.283203125,1586.53540039062,312.361053466797,23.9525470733643,0.406388998031616,0.390926003456116
2023-02-01,23723.76953125,1641.79272460938,317.472595214844,24.9933586120605,0.41389200091362,0.397242993116379
2023-02-02,23471.87109375,1643.24157714844,323.349792480469,24.2650585174561,0.409747004508972,0.397563010454178
2023-02-03,23449.322265625,1664.74560546875,332.268676757812,24.6808967590332,0.412205010652542,0.404336005449295
2023-02-04,23331.84765625,1667.05920410156,330.617095947266,24.3177452087402,0.411305010318756,0.399726003408432
2023-02-05,22955.666015625,1631.64587402344,327.869354248047,23.4934387207031,0.398936986923218,0.392471998929977
2023-02-06,22760.109375,1616.2470703125,324.627166748047,22.7063884735107,0.392823994159698,0.382420986890793
2023-02-07,23264.291015625,1672.00354003906,333.227874755859,23.8613567352295,0.403903990983963,0.399210005998611
2023-02-08,22939.3984375,1650.716796875,328.088653564453,23.1926708221436,0.398052006959915,0.394033014774323
2023-02-09,21819.0390625,1546.43823242188,305.960418701172,20.452127456665,0.382465988397598,0.362531006336212
2023-02-10,21651.18359375,1514.869140625,305.954132080078,20.1301097869873,0.382645010948181,0.358635008335114
2023-02-11,21870.875,1539.9267578125,310.616027832031,20.8300952911377,0.38400799036026,0.369201987981796
2023-02-12,21788.203125,1515.03369140625,312.929656982422,21.4899787902832,0.375281989574432,0.364295989274979
2023-02-13,21808.1015625,1507.16589355469,294.475341796875,20.7901000976562,0.37167501449585,0.35962700843811
2023-02-14,22220.8046875,1556.87512207031,296.120361328125,21.8249530792236,0.382407009601593,0.386440992355347
2023-02-15,24307.841796875,1673.74597167969,317.169219970703,23.8839015960693,0.401351988315582,0.418114989995956
2023-02-16,23623.474609375,1640.06762695312,304.763702392578,22.2859516143799,0.385156989097595,0.387901991605759
2023-02-17,24565.6015625,1694.78332519531,313.377990722656,23.1667575836182,0.395301997661591,0.403943002223969
2023-02-18,24641.27734375,1691.81945800781,316.682708740234,23.4785919189453,0.394630014896393,0.40633100271225
2023-02-19,24327.642578125,1681.43615722656,311.935852050781,24.8407516479492,0.386317014694214,0.400106996297836
2023-02-20,24829.1484375,1702.67517089844,315.37744140625,26.1813869476318,0.39852499961853,0.404002994298935
2023-02-21,24436.353515625,1658.03637695312,311.472015380859,24.948558807373,0.391905009746552,0.392417013645172
2023-02-22,24188.84375,1643.23168945312,312.781127929688,24.1813488006592,0.395586013793945,0.388920992612839
2023-02-23,23947.4921875,1651.07385253906,308.533935546875,23.9008007049561,0.389129996299744,0.383022993803024
2023-02-24,23198.126953125,1608.37316894531,302.0537109375,23.053035736084,0.37847700715065,0.365819007158279
2023-02-25,23175.375,1594.91491699219,302.384613037109,22.5233993530273,0.378084987401962,0.362363994121552
2023-02-26,23561.212890625,1640.81713867188,308.9970703125,23.2560882568359,0.378040999174118,0.368972986936569
2023-02-27,23522.87109375,1634.32641601562,304.855804443359,22.6925888061523,0.379114985466003,0.364899009466171
2023-02-28,23147.353515625,1605.89514160156,301.474822998047,21.9163875579834,0.377149999141693,0.352454006671906
2023-03-01,23646.55078125,1663.43371582031,302.907470703125,22.5064315795898,0.383879005908966,0.360356003046036
2023-03-02,23475.466796875,1647.3193359375,299.946166992188,21.9848785400391,0.377579987049103,0.350205987691879
2023-03-03,22362.6796875,1569.16760253906,290.282836914062,21.3993530273438,0.377671003341675,0.34273698925972
2023-03-04,22353.349609375,1566.92395019531,289.503875732422,20.9668388366699,0.37381300330162,0.336499005556107
2023-03-05,22435.513671875,1564.46875,288.69970703125,20.9785842895508,0.367193996906281,0.337101995944977
2023-03-06,22429.7578125,1567.39868164062,288.054962158203,20.6350116729736,0.370471000671387,0.330821007490158
2023-03-07,22219.76953125,1561.93310546875,289.343688964844,20.2447319030762,0.380548000335693,0.330482989549637
2023-03-08,21718.080078125,1534.08825683594,286.867004394531,18.4211940765381,0.38918799161911,0.317577004432678
2023-03-09,20363.021484375,1438.66076660156,277.296112060547,17.3081474304199,0.372130006551743,0.309677988290787
2023-03-10,20187.244140625,1429.15808105469,277.419586181641,18.2436428070068,0.370622009038925,0.315342009067535
2023-03-11,20632.41015625,1482.61669921875,277.96142578125,18.2258434295654,0.366831988096237,0.307327002286911
2023-03-12,22163.94921875,1590.29296875,289.67578125,20.3105316162109,0.373317986726761,0.331539005041122
2023-03-13,24197.533203125,1680.30895996094,308.912200927734,20.4337120056152,0.373786002397537,0.344585001468658
2023-03-14,24746.07421875,1703.50708007812,309.370788574219,20.9280338287354,0.374278992414474,0.344307988882065
2023-03-15,24375.9609375,1656.18054199219,307.124938964844,19.2909812927246,0.36055800318718,0.324636995792389
2023-03-16,25052.7890625,1677.21545410156,329.860870361328,19.7305431365967,0.366025000810623,0.325383007526398
2023-03-17,27423.9296875,1792.48510742188,339.081146240234,21.6291027069092,0.380382001399994,0.350524008274078
2023-03-18,26965.87890625,1761.65966796875,331.524291992188,21.1959018707275,0.374433010816574,0.337711006402969
2023-03-19,28038.67578125,1785.57653808594,336.978240966797,21.9034023284912,0.388464987277985,0.346009999513626
2023-03-20,27767.236328125,1735.3212890625,332.923004150391,22.1764640808105,0.374628007411957,0.332594990730286
2023-03-21,28175.81640625,1806.7607421875,335.309234619141,22.6182670593262,0.469709992408752,0.371235996484756
2023-03-22,27307.4375,1737.71704101562,321.887725830078,21.4804859161377,0.42247998714447,0.360612988471985
2023-03-23,28333.97265625,1816.40515136719,329.837005615234,22.2167778015137,0.444849997758865,0.372045010328293
2023-03-24,27493.28515625,1752.04479980469,322.359344482422,20.6788558959961,0.425902009010315,0.360083013772964
2023-03-25,27494.70703125,1743.76477050781,322.673065185547,20.4466457366943,0.44471600651741,0.351996004581451
2023-03-26,27994.330078125,1775.6767578125,328.888000488281,20.9755191802979,0.448817014694214,0.356245011091232
2023-03-27,27139.888671875,1715.46081542969,310.949127197266,19.9216747283936,0.479990988969803,0.345510005950928
2023-03-28,27268.130859375,1772.78564453125,313.260620117188,20.4706974029541,0.515057981014252,0.368353992700577
2023-03-29,28348.44140625,1793.00183105469,313.841766357422,21.1114673614502,0.543577015399933,0.381588995456696
2023-03-30,28033.5625,1792.73718261719,316.567565917969,20.55104637146,0.534249007701874,0.376459002494812
2023-03-31,28478.484375,1822.02209472656,317.040008544922,21.1704959869385,0.538492023944855,0.398923009634018
2023-04-01,28411.03515625,1813.86059570312,315.217315673828,20.9756412506104,0.514741003513336,0.385387986898422
2023-04-02,28199.30859375,1795.70812988281,313.928619384766,20.5369758605957,0.518953025341034,0.381752997636795
2023-04-03,27790.220703125,1810.29711914062,308.562377929688,20.4430503845215,0.496960014104843,0.387138992547989
2023-04-04,28168.08984375,1871.00512695312,310.994842529297,20.9246196746826,0.50347900390625,0.38968300819397
2023-04-05,28177.984375,1909.11401367188,314.063171386719,20.966007232666,0.506235003471375,0.392363995313644
2023-04-06,28044.140625,1872.92260742188,312.454650878906,20.61012840271,0.503297984600067,0.383210003376007
2023-04-07,27925.859375,1865.63610839844,310.699493408203,20.4699401855469,0.513736009597778,0.383643001317978
2023-04-08,27947.794921875,1849.49816894531,310.634735107422,20.036449432373,0.505716025829315,0.385634988546371
2023-04-09,28333.05078125,1859.38781738281,312.872253417969,20.2994651794434,0.505833983421326,0.38969299197197
2023-04-10,29652.98046875,1911.20751953125,318.379058837891,20.8823566436768,0.518317997455597,0.396988987922668
2023-04-11,30235.05859375,1892.18969726562,322.758270263672,23.0188274383545,0.517517983913422,0.401455998420715
2023-04-12,30139.052734375,1920.68212890625,318.953765869141,23.9853057861328,0.506115019321442,0.406563013792038
2023-04-13,30399.06640625,2012.63464355469,324.948089599609,24.4323081970215,0.513292014598846,0.425758987665176
2023-04-14,30485.69921875,2101.63549804688,329.173858642578,24.7727222442627,0.523993015289307,0.438329994678497
2023-04-15,30318.49609375,2092.466796875,333.407287597656,24.0793781280518,0.520443975925446,0.453280001878738
2023-04-16,30315.35546875,2120.005859375,348.220916748047,25.3619270324707,0.521391987800598,0.451754987239838
2023-04-17,29445.044921875,2076.24291992188,339.994110107422,24.5588455200195,0.51112699508667,0.434166997671127
2023-04-18,30397.552734375,2104.53735351562,343.193450927734,24.852689743042,0.532263994216919,0.443751990795135
2023-04-19,28822.6796875,1936.40344238281,322.70751953125,22.7128353118896,0.49159899353981,0.415793001651764
2023-04-20,28245.98828125,1943.09765625,317.889923095703,22.1814403533936,0.474857985973358,0.40073099732399
2023-04-21,27276.91015625,1849.99987792969,321.674987792969,21.2781352996826,0.449396014213562,0.382939010858536
2023-04-22,27817.5,1874.22863769531,331.995086669922,21.8162879943848,0.47266098856926,0.396153002977371
2023-04-23,27591.384765625,1862.06201171875,330.618835449219,21.4801387786865,0.465016007423401,0.388999998569489
2023-04-24,27525.33984375,1842.75744628906,331.245880126953,21.3910694122314,0.461273014545441,0.383915990591049
2023-04-25,28307.59765625,1866.75366210938,338.325561523438,21.9272537231445,0.469994992017746,0.394919008016586
2023-04-26,28422.701171875,1866.56420898438,330.82177734375,21.2830123901367,0.462036997079849,0.40149798989296
2023-04-27,29473.787109375,1908.78637695312,331.195098876953,22.3401145935059,0.466868013143539,0.409842997789383
2023-04-28,29340.26171875,1892.51281738281,324.500244140625,23.3662872314453,0.480271011590958,0.404931992292404
2023-04-29,29248.48828125,1908.9169921875,322.134735107422,23.1829967498779,0.478408992290497,0.402783989906311
2023-04-30,29268.806640625,1876.92431640625,337.645538330078,22.8320140838623,0.472332000732422,0.397354006767273
2023-05-01,28091.568359375,1831.95483398438,328.724212646484,21.9866333007812,0.464965999126434,0.386857002973557
2023-05-02,28680.537109375,1870.78930664062,321.952697753906,22.2649784088135,0.464951008558273,0.391772985458374
2023-05-03,29006.30859375,1904.65185546875,326.212890625,22.2180023193359,0.463494002819061,0.39394199848175
2023-05-04,28847.7109375,1877.7041015625,323.917144775391,21.7303485870361,0.461573004722595,0.387448012828827
2023-05-05,29534.384765625,1995.06091308594,326.940307617188,22.8261108398438,0.467799991369247,0.394683986902237
2023-05-06,28904.623046875,1900.22180175781,322.774017333984,21.9742622375488,0.459549009799957,0.380118995904922
2023-05-07,28454.978515625,1873.07641601562,321.611053466797,21.8442287445068,0.450363993644714,0.376906007528305
2023-05-08,27694.2734375,1849.04272460938,313.971221923828,20.6574630737305,0.428914994001389,0.365828007459641
2023-05-09,27658.775390625,1848.60314941406,312.513702392578,20.6836452484131,0.429888010025024,0.363806009292603
2023-05-10,27621.755859375,1842.40148925781,314.577453613281,20.9537105560303,0.43087300658226,0.369937002658844
2023-05-11,27000.7890625,1796.49060058594,307.695831298828,20.2348804473877,0.4218789935112,0.360038995742798
2023-05-12,26804.990234375,1808.01977539062,308.603118896484,20.9117946624756,0.430718004703522,0.370463013648987
2023-05-13,26784.078125,1796.11486816406,311.086883544922,20.8687610626221,0.424903005361557,0.365031003952026
2023-05-14,26930.638671875,1800.5009765625,312.135894775391,20.9533977508545,0.425859987735748,0.370761007070541
2023-05-15,27192.693359375,1817.54992675781,313.529418945312,21.0071887969971,0.42756199836731,0.367482006549835
2023-05-16,27036.650390625,1824.12145996094,311.380035400391,20.6794204711914,0.441421985626221,0.367830008268356
2023-05-17,27398.802734375,1821.85961914062,314.083526611328,21.0683994293213,0.448588997125626,0.375425010919571
2023-05-18,26832.208984375,1801.728515625,309.456695556641,20.3486957550049,0.460298985242844,0.372078001499176
2023-05-19,26890.12890625,1812.58947753906,308.964294433594,20.3498706817627,0.467981994152069,0.368214994668961
2023-05-20,27129.5859375,1820.47802734375,310.719970703125,20.2854461669922,0.46908101439476,0.366356998682022
2023-05-21,26753.826171875,1804.53137207031,306.506713867188,19.6094379425049,0.45754998922348,0.360363006591797
2023-05-22,26851.27734375,1817.53479003906,309.245635986328,19.5420455932617,0.461600989103317,0.367996990680695
2023-05-23,27225.7265625,1854.38061523438,313.506225585938,20.0431823730469,0.465429991483688,0.370483994483948
2023-05-24,26334.818359375,1800.09997558594,305.932769775391,19.2236633300781,0.453608989715576,0.364234000444412
2023-05-25,26476.20703125,1805.95373535156,304.733642578125,19.2606620788574,0.453734010457993,0.358415991067886
2023-05-26,26719.291015625,1828.68969726562,306.886322021484,19.3669567108154,0.469139993190765,0.362884014844894
2023-05-27,26868.353515625,1831.11828613281,307.591766357422,20.4252338409424,0.472245007753372,0.366773992776871
2023-05-28,28085.646484375,1910.91418457031,314.270050048828,20.7985782623291,0.482888996601105,0.382999002933502
2023-05-29,27745.884765625,1893.078125,311.807189941406,20.5865097045898,0.494150996208191,0.379137992858887
2023-05-30,27702.349609375,1901.02661132812,311.684509277344,21.2540836334229,0.521938025951385,0.377934008836746
2023-05-31,27219.658203125,1874.13049316406,306.86669921875,20.8245029449463,0.517386019229889,0.37440299987793
2023-06-01,26819.97265625,1862.20141601562,304.953277587891,20.50221824646,0.507317006587982,0.364724010229111
2023-06-02,27249.58984375,1907.25659179688,307.423797607422,21.2575950622559,0.525386989116669,0.378304004669189
2023-06-03,27075.12890625,1892.41247558594,306.720123291016,21.1555652618408,0.519351005554199,0.376028001308441
2023-06-04,27119.06640625,1890.51354980469,305.156799316406,21.8189754486084,0.535911023616791,0.377692997455597
2023-06-05,25760.09765625,1811.82836914062,276.889251708984,20.0750598907471,0.510393977165222,0.352014988660812
2023-06-06,27238.783203125,1884.49487304688,281.495574951172,20.3984832763672,0.530463993549347,0.353715002536774
2023-06-07,26345.998046875,1832.39599609375,259.391448974609,18.6342830657959,0.51962798833847,0.322277992963791
2023-06-08,26508.216796875,1846.30187988281,262.148498535156,18.9094753265381,0.524546027183533,0.323157012462616
2023-06-09,26480.375,1840.22521972656,260.716094970703,17.3796997070312,0.537917017936707,0.295401006937027
2023-06-10,25851.240234375,1752.384765625,239.089080810547,15.6561012268066,0.508198976516724,0.276194006204605
2023-06-11,25940.16796875,1753.41528320312,235.43879699707,15.5587759017944,0.521220982074738,0.272630006074905
2023-06-12,25902.5,1742.52868652344,231.05143737793,15.1967077255249,0.52572101354599,0.275047987699509
2023-06-13,25918.728515625,1739.03759765625,243.890533447266,15.0181932449341,0.520085990428925,0.274985998868942
2023-06-14,25124.67578125,1650.51928710938,237.574264526367,14.486572265625,0.48021999001503,0.263226002454758
2023-06-15,25576.39453125,1665.51977539062,236.280685424805,14.7594728469849,0.480118006467819,0.261956989765167
2023-06-16,26327.462890625,1716.66882324219,239.114669799805,15.3082542419434,0.475742995738983,0.263184994459152
2023-06-17,26510.67578125,1727.2041015625,244.610580444336,15.6505212783813,0.47979000210762,0.266927987337112
2023-06-18,26336.212890625,1720.57751464844,244.087265014648,15.4382352828979,0.487572997808456,0.26096299290657
2023-06-19,26851.029296875,1737.65942382812,242.903366088867,16.0730419158936,0.493395000696182,0.263047993183136
2023-06-20,28327.48828125,1792.11999511719,247.674438476562,16.6352310180664,0.492870002985001,0.270328998565674
2023-06-21,30027.296875,1891.00720214844,249.286346435547,17.2570457458496,0.500694990158081,0.287000000476837
2023-06-22,29912.28125,1872.94299316406,240.792434692383,16.6426200866699,0.494975000619888,0.290313005447388
2023-06-23,30695.46875,1892.86206054688,244.56494140625,17.1495342254639,0.496565997600555,0.296481996774673
2023-06-24,30548.6953125,1876.05969238281,236.659652709961,16.6528625488281,0.487313002347946,0.290012001991272
2023-06-25,30480.26171875,1900.50610351562,238.892990112305,16.9713802337646,0.490276992321014,0.292324990034103
2023-06-26,30271.130859375,1859.43286132812,236.134262084961,16.2700271606445,0.479332000017166,0.280353993177414
2023-06-27,30688.1640625,1889.70336914062,237.49267578125,16.619649887085,0.483839988708496,0.286520004272461
2023-06-28,30086.24609375,1827.97119140625,230.650360107422,15.9868431091309,0.465222001075745,0.267168998718262
2023-06-29,30445.3515625,1852.22729492188,233.232452392578,17.9704570770264,0.474721997976303,0.275563985109329
2023-06-30,30477.251953125,1933.18896484375,240.369781494141,18.8973217010498,0.474036991596222,0.286956012248993
2023-07-01,30590.078125,1924.56591796875,247.759429931641,18.6839027404785,0.473522007465363,0.292340010404587
2023-07-02,30620.76953125,1937.43835449219,246.257919311523,19.4535942077637,0.484492987394333,0.292055010795593
2023-07-03,31156.439453125,1955.38916015625,246.382217407227,19.2405376434326,0.48954701423645,0.296310991048813
2023-07-04,30777.58203125,1936.63354492188,242.492919921875,19.1432285308838,0.487841993570328,0.292614996433258
2023-07-05,30514.166015625,1910.58801269531,239.081085205078,18.9928646087646,0.478271991014481,0.28447100520134
2023-07-06,29909.337890625,1848.63647460938,232.319427490234,19.7293853759766,0.463739007711411,0.279700011014938
2023-07-07,30342.265625,1870.6025390625,235.621154785156,21.4846649169922,0.468764990568161,0.284525007009506
2023-07-08,30292.541015625,1865.53955078125,236.287384033203,21.8592681884766,0.470643997192383,0.290650993585587
2023-07-09,30171.234375,1863.009765625,234.228363037109,21.3490047454834,0.468549996614456,0.284590989351273
2023-07-10,30414.470703125,1880.55639648438,245.874267578125,21.3137760162354,0.477663993835449,0.287990987300873
2023-07-11,30620.951171875,1878.33605957031,248.538330078125,22.0929336547852,0.475719004869461,0.292818009853363
2023-07-12,30391.646484375,1872.11376953125,244.019882202148,21.9776020050049,0.471105009317398,0.288758009672165
2023-07-13,31476.048828125,2006.51147460938,256.489685058594,26.0256958007812,0.815365016460419,0.357657998800278
2023-07-14,30334.068359375,1939.34704589844,248.191619873047,26.7357177734375,0.719156980514526,0.32880100607872
2023-07-15,30295.806640625,1931.46655273438,251.099700927734,27.3913555145264,0.713279008865356,0.326364994049072
2023-07-16,30249.1328125,1923.68188476562,242.656829833984,27.3840827941895,0.746860027313232,0.314884006977081
2023-07-17,30145.888671875,1911.64611816406,244.352996826172,26.872766494751,0.739205002784729,0.312489002943039
2023-07-18,29856.5625,1897.59924316406,240.264938354492,25.5445041656494,0.779540002346039,0.3073990046978
2023-07-19,29913.923828125,1889.00793457031,241.16081237793,26.3723526000977,0.820694029331207,0.323513001203537
2023-07-20,29792.015625,1890.96911621094,242.733139038086,25.3751678466797,0.79405802488327,0.316092997789383
2023-07-21,29908.744140625,1892.080078125,243.788986206055,25.5442676544189,0.77250200510025,0.313291996717453
2023-07-22,29771.802734375,1864.91235351562,241.030746459961,24.5350532531738,0.73328697681427,0.30977201461792
2023-07-23,30084.5390625,1889.19165039062,242.455963134766,24.7668151855469,0.738682985305786,0.317162990570068
2023-07-24,29176.916015625,1850.00207519531,238.946212768555,23.3814907073975,0.702764987945557,0.305308997631073
2023-07-25,29227.390625,1857.74194335938,237.808563232422,23.2793216705322,0.70959997177124,0.304017007350922
2023-07-26,29354.97265625,1872.15991210938,238.962356567383,25.1770534515381,0.71579897403717,0.306641012430191
2023-07-27,29210.689453125,1860.35717773438,240.498794555664,25.0993366241455,0.713645994663239,0.307525008916855
2023-07-28,29319.24609375,1874.74487304688,241.977035522461,24.8468570709229,0.712567985057831,0.310200989246368
2023-07-29,29356.91796875,1881.06884765625,242.576370239258,25.1689739227295,0.712738990783691,0.312765002250671
2023-07-30,29275.30859375,1861.64379882812,242.525985717773,24.2610187530518,0.705136001110077,0.315632998943329
2023-07-31,29230.111328125,1856.16235351562,241.120651245117,23.7209568023682,0.698521018028259,0.307487994432449
2023-08-01,29675.732421875,1871.79211425781,247.505020141602,23.9987525939941,0.707211017608643,0.30995100736618
2023-08-02,29151.958984375,1839.08972167969,240.494644165039,23.1457214355469,0.685195028781891,0.299389004707336
2023-08-03,29178.6796875,1835.13647460938,241.0615234375,22.6360492706299,0.664134979248047,0.292575985193253
2023-08-04,29074.091796875,1827.712890625,241.476013183594,22.7936191558838,0.635538995265961,0.29338800907135
2023-08-05,29042.126953125,1834.98791503906,242.959350585938,22.6322040557861,0.628422975540161,0.293628990650177
2023-08-06,29041.85546875,1827.46203613281,242.798599243164,23.1856956481934,0.623086988925934,0.292082011699677
2023-08-07,29180.578125,1826.93884277344,241.797500610352,23.0687561035156,0.62193101644516,0.290295988321304
2023-08-08,29765.4921875,1855.80737304688,245.14990234375,24.211763381958,0.642405986785889,0.297744989395142
2023-08-09,29561.494140625,1854.29760742188,243.893646240234,24.3785266876221,0.643365025520325,0.301140010356903
2023-08-10,29429.591796875,1850.75341796875,241.262466430664,24.6130523681641,0.632986009120941,0.296130001544952
2023-08-11,29397.71484375,1847.12438964844,239.706893920898,24.5828609466553,0.631675004959106,0.293449997901917
2023-08-12,29415.96484375,1848.88989257812,240.273620605469,24.9067306518555,0.627205014228821,0.291837006807327
2023-08-13,29282.9140625,1839.28015136719,240.033340454102,24.2428855895996,0.626101970672607,0.289530992507935
2023-08-14,29408.443359375,1844.18579101562,240.339248657227,25.142822265625,0.634281992912292,0.290610998868942
2023-08-15,29170.34765625,1826.93273925781,236.679580688477,23.8965854644775,0.609598994255066,0.281816989183426
2023-08-16,28701.779296875,1805.65905761719,231.868743896484,22.811975479126,0.588328003883362,0.274531990289688
2023-08-17,26664.55078125,1684.93347167969,218.535842895508,21.7099742889404,0.507142007350922,0.255957990884781
2023-08-18,26049.556640625,1660.94506835938,216.112548828125,21.3354930877686,0.506099998950958,0.263891994953156
2023-08-19,26096.205078125,1669.47192382812,216.999450683594,21.8790378570557,0.519629001617432,0.268377989530563
2023-08-20,26189.583984375,1684.85205078125,216.635803222656,21.7732753753662,0.539547026157379,0.270709007978439
2023-08-21,26124.140625,1667.26904296875,210.638946533203,21.2082595825195,0.524537980556488,0.263179004192352
2023-08-22,26031.65625,1633.892578125,210.834350585938,20.5465412139893,0.520929992198944,0.258365988731384
2023-08-23,26431.640625,1679.2744140625,216.399291992188,21.7036247253418,0.52990198135376,0.267964988946915
2023-08-24,26162.373046875,1659.94458007812,218.646392822266,21.033031463623,0.518413007259369,0.265884011983871
2023-08-25,26047.66796875,1652.93505859375,218.3310546875,20.3927192687988,0.526246011257172,0.261079996824265
2023-08-26,26008.462890625,1646.30676269531,216.364242553711,20.280424118042,0.523469984531403,0.260953009128571
2023-08-27,26089.693359375,1657.51306152344,218.358001708984,20.7868385314941,0.523844003677368,0.263446003198624
2023-08-28,26106.150390625,1652.45739746094,218.718566894531,20.5571002960205,0.523248016834259,0.267434000968933
2023-08-29,27727.392578125,1729.72570800781,226.862884521484,21.7807636260986,0.540064990520477,0.272448986768723
2023-08-30,27297.265625,1705.11218261719,223.799438476562,20.834903717041,0.528194010257721,0.265653997659683
2023-08-31,25931.47265625,1645.63916015625,216.597793579102,19.7350921630859,0.510798990726471,0.255373001098633
2023-09-01,25800.724609375,1628.4912109375,213.630554199219,19.327844619751,0.498075008392334,0.255185008049011
2023-09-02,25868.798828125,1637.025390625,214.448547363281,19.4937438964844,0.499090999364853,0.256229996681213
2023-09-03,25969.56640625,1636.11767578125,214.399948120117,19.5787467956543,0.505048990249634,0.255793005228043
2023-09-04,25812.416015625,1629.6552734375,215.197509765625,19.4994087219238,0.508374989032745,0.256146013736725
2023-09-05,25779.982421875,1633.62939453125,214.478134155273,20.2723846435547,0.505411028862,0.257613986730576
2023-09-06,25753.236328125,1632.25231933594,215.134658813477,19.6200294494629,0.503243029117584,0.257667005062103
2023-09-07,26240.1953125,1647.59826660156,216.887176513672,19.8904991149902,0.504857003688812,0.257719993591309
2023-09-08,25905.654296875,1636.13781738281,214.562026977539,19.5990447998047,0.504849970340729,0.254370003938675
2023-09-09,25895.677734375,1635.16235351562,214.222946166992,19.4460716247559,0.503854990005493,0.253491997718811
2023-09-10,25832.2265625,1616.82885742188,212.318023681641,18.2488307952881,0.497813999652863,0.249052003026009
2023-09-11,25162.654296875,1551.6376953125,206.034210205078,17.7391662597656,0.474373996257782,0.241872996091843
2023-09-12,25833.34375,1592.42944335938,210.994369506836,17.9298267364502,0.480738013982773,0.245869994163513
2023-09-13,26228.32421875,1607.98852539062,212.642593383789,18.4029998779297,0.483774989843369,0.248884007334709
2023-09-14,26539.673828125,1626.97436523438,212.282836914062,18.838306427002,0.489457011222839,0.25118100643158
2023-09-15,26608.693359375,1641.64038085938,214.175521850586,19.1688442230225,0.500874996185303,0.250642985105515
2023-09-16,26568.28125,1635.2216796875,214.960540771484,19.1403694152832,0.499879986047745,0.250436007976532
2023-09-17,26534.1875,1622.89672851562,216.465774536133,18.8316287994385,0.493041008710861,0.247316002845764
2023-09-18,26754.28125,1637.34704589844,216.003921508789,19.6572456359863,0.503202974796295,0.251742988824844
2023-09-19,27211.1171875,1643.54467773438,217.210952758789,20.0361881256104,0.514150977134705,0.255259990692139
2023-09-20,27132.0078125,1622.890625,214.363327026367,20.3049373626709,0.521354973316193,0.251630008220673
2023-09-21,26567.6328125,1584.30700683594,210.7939453125,19.4790706634521,0.507179021835327,0.245454996824265
2023-09-22,26579.568359375,1593.26831054688,211.150863647461,19.4381446838379,0.512510001659393,0.244921997189522
2023-09-23,26579.390625,1593.85778808594,210.560607910156,19.4739036560059,0.508033990859985,0.246132999658585
2023-09-24,26256.826171875,1580.85339355469,208.282897949219,19.3742904663086,0.502388000488281,0.243026003241539
2023-09-25,26298.48046875,1588.32287597656,210.073806762695,19.4041404724121,0.505460977554321,0.245881006121635
2023-09-26,26217.25,1593.41723632812,212.378448486328,19.023286819458,0.501707971096039,0.245395004749298
2023-09-27,26352.716796875,1597.4912109375,211.985412597656,19.1300220489502,0.499597012996674,0.244791001081467
2023-09-28,27021.546875,1652.88269042969,215.075988769531,19.9576168060303,0.509525001049042,0.249119997024536
2023-09-29,26911.720703125,1667.94384765625,215.279418945312,20.3006553649902,0.521718978881836,0.249535992741585
2023-09-30,26967.916015625,1671.16186523438,214.821304321289,21.3951473236084,0.515404999256134,0.254047006368637
2023-10-01,27983.75,1733.81042480469,218.047134399414,23.8364868164062,0.524204015731812,0.265895009040833
2023-10-02,27530.78515625,1663.62756347656,214.757934570312,23.3717002868652,0.51283198595047,0.25951299071312
2023-10-03,27429.978515625,1656.68566894531,213.435943603516,23.5526943206787,0.53838700056076,0.261027991771698
2023-10-04,27799.39453125,1647.83813476562,213.4130859375,23.1447868347168,0.5329310297966,0.259315013885498
2023-10-05,27415.912109375,1611.47644042969,210.679672241211,22.6941413879395,0.52336597442627,0.260149002075195
2023-10-06,27946.59765625,1645.83154296875,213.555526733398,23.4244537353516,0.526193022727966,0.264872014522552
2023-10-07,27968.83984375,1634.51123046875,212.364471435547,23.2873020172119,0.521906018257141,0.258735001087189
2023-10-08,27935.08984375,1633.54858398438,211.519989013672,23.2464256286621,0.517961025238037,0.25662899017334
2023-10-09,27583.677734375,1579.806640625,205.750961303711,22.1183967590332,0.50322699546814,0.251641988754272
2023-10-10,27391.01953125,1567.71301269531,208.576873779297,22.1051158905029,0.497435986995697,0.249140992760658
2023-10-11,26873.3203125,1566.25476074219,206.533416748047,22.0074195861816,0.488837987184525,0.248000994324684
2023-10-12,26756.798828125,1539.61242675781,205.229415893555,21.3002681732178,0.483049988746643,0.24592199921608
2023-10-13,26862.375,1552.08947753906,206.036117553711,21.8349170684814,0.485698997974396,0.246145993471146
2023-10-14,26861.70703125,1555.2568359375,206.601898193359,22.01171875,0.486775010824203,0.247011005878448
2023-10-15,27159.65234375,1558.06982421875,209.74250793457,21.9220275878906,0.487845987081528,0.247355997562408
2023-10-16,28519.466796875,1600.53430175781,214.823959350586,23.9829578399658,0.497976988554001,0.251563012599945
2023-10-17,28415.748046875,1565.43957519531,211.64323425293,23.9593181610107,0.491694003343582,0.24711500108242
2023-10-18,28328.341796875,1563.74987792969,210.501037597656,23.4321384429932,0.488319009542465,0.243452996015549
2023-10-19,28719.806640625,1567.45703125,211.144165039062,24.9379196166992,0.52012699842453,0.246922999620438
2023-10-20,29682.94921875,1604.66687011719,212.300842285156,27.0336742401123,0.516004025936127,0.251138001680374
2023-10-21,29918.412109375,1629.30444335938,214.3056640625,29.3862285614014,0.52124297618866,0.258585005998611
2023-10-22,29993.896484375,1663.42993164062,217.747375488281,29.0366821289062,0.522486984729767,0.263572990894318
2023-10-23,33086.234375,1765.38269042969,228.352767944336,31.8509845733643,0.546869993209839,0.279953986406326
2023-10-24,33901.52734375,1784.4375,225.142959594727,30.1515369415283,0.558531999588013,0.278993010520935
2023-10-25,34502.8203125,1787.39758300781,222.179931640625,32.4630661010742,0.555306017398834,0.280555993318558
2023-10-26,34156.6484375,1804.03930664062,223.236038208008,32.7754936218262,0.5536829829216,0.287292003631592
2023-10-27,33909.80078125,1780.04528808594,224.47590637207,31.7396984100342,0.546106994152069,0.289467990398407
2023-10-28,34089.57421875,1776.6181640625,225.774078369141,31.6533184051514,0.545391023159027,0.291249990463257
2023-10-29,34538.48046875,1795.54602050781,227.148452758789,32.8226089477539,0.556393980979919,0.295282989740372
2023-10-30,34502.36328125,1810.08862304688,228.28742980957,34.9623374938965,0.578944027423859,0.302733987569809
2023-10-31,34667.78125,1816.458984375,226.43994140625,38.5195159912109,0.60028201341629,0.293107002973557
2023-11-01,35437.25390625,1847.08972167969,228.000106811523,41.4615440368652,0.609538018703461,0.307458996772766
2023-11-02,34938.2421875,1800.62097167969,231.723022460938,40.2075691223145,0.606438994407654,0.323141992092133
2023-11-03,34732.32421875,1832.79516601562,230.605972290039,39.5197601318359,0.613002002239227,0.329021006822586
2023-11-04,35082.1953125,1857.69860839844,237.454605102539,42.3465957641602,0.616183996200562,0.328541994094849
2023-11-05,35049.35546875,1894.15771484375,244.322479248047,41.2386016845703,0.661146998405457,0.342869997024536
2023-11-06,35037.37109375,1899.83740234375,254.634796142578,42.128589630127,0.715516984462738,0.363407999277115
2023-11-07,35443.5625,1888.12426757812,246.395294189453,43.0925445556641,0.686402022838593,0.35157099366188
2023-11-08,35655.27734375,1889.32238769531,247.123291015625,43.1898880004883,0.688076019287109,0.35835000872612
2023-11-09,36693.125,2120.56103515625,251.510848999023,45.4448280334473,0.667474985122681,0.368335008621216
2023-11-10,37313.96875,2078.28979492188,251.082366943359,56.6438522338867,0.660574972629547,0.38620999455452
2023-11-11,37138.05078125,2052.7138671875,251.421615600586,56.1026611328125,0.662734985351562,0.384564012289047
2023-11-12,37054.51953125,2045.18701171875,247.640014648438,56.1540985107422,0.661535978317261,0.383383005857468
2023-11-13,36502.35546875,2055.26538085938,241.335067749023,51.9070510864258,0.671523988246918,0.358415007591248
2023-11-14,35537.640625,1979.05261230469,242.263671875,56.8383750915527,0.629673004150391,0.357870012521744
2023-11-15,37880.58203125,2060.40844726562,253.755340576172,65.5344009399414,0.649648010730743,0.379292011260986
2023-11-16,36154.76953125,1960.88159179688,242.758880615234,57.8714027404785,0.61216801404953,0.371766000986099
2023-11-17,36596.68359375,1961.28076171875,244.745361328125,58.4159355163574,0.613717019557953,0.366609007120132
2023-11-18,36585.703125,1963.28503417969,244.950759887695,58.5127258300781,0.611189007759094,0.377694010734558
2023-11-19,37386.546875,2013.20446777344,246.587783813477,61.3935585021973,0.627498984336853,0.384525001049042
2023-11-20,37476.95703125,2022.23913574219,253.63508605957,56.5338325500488,0.61284202337265,0.380681991577148
2023-11-21,35813.8125,1937.06677246094,226.486404418945,52.0004730224609,0.580461978912354,0.358631014823914
2023-11-22,37432.33984375,2064.42529296875,236.136596679688,57.5885581970215,0.611899018287659,0.380659997463226
2023-11-23,37289.62109375,2062.21069335938,233.765808105469,56.5993690490723,0.62024199962616,0.386675000190735
2023-11-24,37720.28125,2081.15209960938,232.900955200195,56.8664398193359,0.621881008148193,0.386213004589081
2023-11-25,37796.79296875,2084.4130859375,234.43994140625,58.8464889526367,0.623444020748138,0.394811004400253
2023-11-26,37479.12109375,2063.2861328125,232.04719543457,57.6427001953125,0.616819024085999,0.388184994459152
2023-11-27,37254.16796875,2027.41735839844,227.421478271484,55.0646209716797,0.604152977466583,0.378358989953995
2023-11-28,37831.0859375,2049.33813476562,229.692962646484,58.1943702697754,0.611422002315521,0.38562399148941
2023-11-29,37858.4921875,2029.92919921875,227.342758178711,59.250129699707,0.609358012676239,0.381776005029678
2023-11-30,37712.74609375,2052.55615234375,227.683807373047,59.2416229248047,0.606357991695404,0.375894993543625
2023-12-01,38688.75,2087.13989257812,228.545639038086,59.8039970397949,0.612914979457855,0.384202003479004
2023-12-02,39476.33203125,2165.7041015625,229.300842285156,63.8328590393066,0.620975971221924,0.397798001766205
2023-12-03,39978.390625,2193.69165039062,228.098205566406,63.039966583252,0.623722970485687,0.395155012607574
2023-12-04,41980.09765625,2243.2158203125,233.295303344727,61.5266151428223,0.624373972415924,0.406810998916626
2023-12-05,44080.6484375,2293.841796875,231.261352539062,60.9948310852051,0.621996998786926,0.425657987594604
2023-12-06,43746.4453125,2231.66137695312,229.424407958984,61.9029579162598,0.640332996845245,0.442405998706818
2023-12-07,43292.6640625,2357.57958984375,232.977432250977,67.8378295898438,0.643631994724274,0.456432014703751
2023-12-08,44166.6015625,2358.73193359375,238.915985107422,75.0024337768555,0.673138022422791,0.54592102766037
2023-12-09,43725.984375,2341.17529296875,237.768600463867,72.2576065063477,0.658814013004303,0.578599989414215
2023-12-10,43779.69921875,2352.46264648438,239.733154296875,74.7058868408203,0.661577999591827,0.594155013561249
2023-12-11,41243.83203125,2224.57885742188,246.420867919922,70.3671722412109,0.620211005210876,0.551020979881287
2023-12-12,41450.22265625,2202.0380859375,254.494979858398,68.5406799316406,0.619548976421356,0.576407015323639
2023-12-13,42890.7421875,2260.64868164062,252.423324584961,70.7677841186523,0.628485977649689,0.665243983268738
2023-12-14,43023.97265625,2316.5791015625,253.541213989258,75.6203308105469,0.632431983947754,0.643477976322174
2023-12-15,41929.7578125,2219.33740234375,244.8984375,72.3689880371094,0.615491986274719,0.601408004760742
2023-12-16,42240.1171875,2226.92651367188,244.350967407227,73.473503112793,0.619835019111633,0.60760897397995
2023-12-17,41364.6640625,2196.48120117188,239.308288574219,71.0005187988281,0.610418021678925,0.580313980579376
2023-12-18,42623.5390625,2217.2734375,241.348434448242,74.3471603393555,0.612529993057251,0.601032972335815
2023-12-19,42270.52734375,2177.87255859375,252.637191772461,72.9897689819336,0.605455994606018,0.576600015163422
2023-12-20,43652.25,2201.91137695312,260.107360839844,82.1912307739258,0.617318987846375,0.58932900428772
2023-12-21,43869.15234375,2239.54248046875,271.24658203125,93.8548126220703,0.623910009860992,0.636599004268646
2023-12-22,43997.90234375,2326.52490234375,271.376495361328,98.0036926269531,0.625401973724365,0.624216020107269
2023-12-23,43739.54296875,2309.04638671875,271.390960693359,107.594230651855,0.620204985141754,0.614548027515411
2023-12-24,43016.1171875,2265.69213867188,264.717102050781,112.485214233398,0.613517999649048,0.593954980373383
2023-12-25,43613.140625,2272.56176757812,267.073364257812,121.146461486816,0.64633697271347,0.625720977783203
2023-12-26,42520.40234375,2231.46533203125,297.693237304688,112.676734924316,0.622368991374969,0.608798980712891
2023-12-27,43442.85546875,2378.73999023438,323.677337646484,107.023796081543,0.634855985641479,0.633535027503967
2023-12-28,42627.85546875,2347.56616210938,323.598999023438,102.104568481445,0.634998023509979,0.617421984672546
2023-12-29,42099.40234375,2300.69067382812,313.878753662109,106.311515808105,0.623401999473572,0.608493983745575
2023-12-30,42156.90234375,2292.0654296875,317.166198730469,101.845085144043,0.621843993663788,0.601963996887207
2023-12-31,42265.1875,2281.47119140625,312.435699462891,101.505821228027,0.614941000938416,0.594205021858215
2024-01-01,44167.33203125,2352.32788085938,314.408294677734,109.508682250977,0.630082011222839,0.623109996318817
2024-01-02,44957.96875,2355.83642578125,312.103820800781,106.611221313477,0.625362992286682,0.605666995048523
2024-01-03,42848.17578125,2210.76196289062,316.661285400391,98.5944366455078,0.582579970359802,0.557286024093628
2024-01-04,44179.921875,2269.0380859375,323.600006103516,105.077537536621,0.588226020336151,0.570567011833191
2024-01-05,44162.69140625,2268.64721679688,317.450286865234,99.9787902832031,0.576485991477966,0.541242003440857
2024-01-06,43989.1953125,2241.62475585938,307.794494628906,93.8577194213867,0.56851202249527,0.523102998733521
2024-01-07,43943.09765625,2222.86596679688,302.890533447266,89.2763442993164,0.551741003990173,0.494174003601074
2024-01-08,46970.50390625,2333.03271484375,304.500396728516,97.7904434204102,0.577922999858856,0.54093599319458
2024-01-09,46139.73046875,2344.8271484375,300.976104736328,99.4091873168945,0.566632986068726,0.511527001857758
2024-01-10,46627.77734375,2582.103515625,305.096832275391,102.033020019531,0.599988996982574,0.566646993160248
2024-01-11,46368.5859375,2619.619140625,308.701507568359,99.9094390869141,0.602095007896423,0.582179009914398
2024-01-12,42853.16796875,2524.46020507812,296.630462646484,91.7209091186523,0.570299029350281,0.547333002090454
2024-01-13,42842.3828125,2576.59790039062,302.227294921875,95.7300491333008,0.575078010559082,0.549336016178131
2024-01-14,41796.26953125,2472.2412109375,299.051330566406,94.1331405639648,0.57623302936554,0.5259810090065
2024-01-15,42511.96875,2511.36376953125,317.567260742188,94.4902267456055,0.575919985771179,0.528160989284515
2024-01-16,43154.9453125,2587.69116210938,315.226257324219,97.6269149780273,0.575946986675262,0.535676002502441
2024-01-17,42742.65234375,2528.36938476562,309.085388183594,102.063598632812,0.567973017692566,0.527028977870941
2024-01-18,41262.05859375,2467.01879882812,313.292877197266,94.2509536743164,0.551907002925873,0.501874029636383
2024-01-19,41618.40625,2489.49853515625,314.300445556641,93.3861694335938,0.544255971908569,0.503150999546051
2024-01-20,41665.5859375,2469.58911132812,316.960388183594,92.5698394775391,0.553125977516174,0.515004992485046
2024-01-21,41545.78515625,2453.9130859375,318.318695068359,90.8484344482422,0.546110987663269,0.503104984760284
2024-01-22,39507.3671875,2310.82641601562,305.43701171875,83.6228103637695,0.526715993881226,0.478502005338669
2024-01-23,39845.55078125,2240.68603515625,298.403900146484,84.2745056152344,0.517736971378326,0.476749002933502
2024-01-24,40077.07421875,2233.56176757812,293.091430664062,88.7320098876953,0.51798802614212,0.476296007633209
2024-01-25,39933.80859375,2217.71020507812,291.919281005859,86.8892135620117,0.513606011867523,0.466479003429413
2024-01-26,41816.87109375,2267.19970703125,302.317993164062,92.4423675537109,0.532189011573792,0.485294014215469
2024-01-27,42120.0546875,2267.88598632812,305.824829101562,94.163215637207,0.530260026454926,0.486321002244949
2024-01-28,42035.59375,2257.20874023438,304.975616455078,95.9379806518555,0.524093985557556,0.48971900343895
2024-01-29,43288.24609375,2317.06420898438,310.7080078125,101.566665649414,0.535090029239655,0.525274991989136
2024-01-30,42952.609375,2344.49365234375,307.462738037109,101.47297668457,0.510698020458221,0.514164984226227
2024-01-31,42582.60546875,2282.54443359375,300.35107421875,97.0287094116211,0.503193020820618,0.498255997896194
2024-02-01,43075.7734375,2303.82470703125,300.175903320312,97.8466949462891,0.505859017372131,0.507022976875305
2024-02-02,43185.859375,2308.0380859375,301.154968261719,100.440521240234,0.510411977767944,0.513957977294922
2024-02-03,42992.25,2296.03833007812,299.736724853516,97.8799819946289,0.518939018249512,0.512861013412476
2024-02-04,42583.58203125,2289.54614257812,304.734161376953,95.4769592285156,0.503287971019745,0.494255989789963
2024-02-05,42658.66796875,2298.88891601562,300.854034423828,95.5486602783203,0.506244003772736,0.493339985609055
2024-02-06,43084.671875,2372.20190429688,302.710144042969,96.8610763549805,0.505153000354767,0.498463004827499
2024-02-07,44318.22265625,2423.7451171875,307.634582519531,100.979278564453,0.513788998126984,0.501772999763489
2024-02-08,45301.56640625,2419.90649414062,318.871887207031,102.785636901855,0.51452898979187,0.529268980026245
2024-02-09,47147.19921875,2487.515625,323.84228515625,106.933334350586,0.526031017303467,0.540791988372803
2024-02-10,47771.27734375,2501.22827148438,323.133880615234,109.131469726562,0.524111986160278,0.551411986351013
2024-02-11,48293.91796875,2507.57055664062,320.787536621094,107.49528503418,0.526084005832672,0.541410028934479
2024-02-12,49958.22265625,2658.11596679688,327.944610595703,111.992752075195,0.531897008419037,0.560030996799469
2024-02-13,49742.44140625,2642.18530273438,324.868225097656,112.579307556152,0.524834990501404,0.544996023178101
2024-02-14,51826.6953125,2777.90234375,334.245971679688,116.97632598877,0.538401007652283,0.577301979064941
2024-02-15,51938.5546875,2824.37890625,354.710815429688,113.699409484863,0.562754988670349,0.608362972736359
2024-02-16,52160.203125,2803.69140625,360.890380859375,110.445915222168,0.56496000289917,0.598872005939484
2024-02-17,51662.99609375,2786.67260742188,352.908111572266,108.984016418457,0.549885988235474,0.608345985412598
2024-02-18,52122.546875,2878.998046875,349.679962158203,112.174674987793,0.556903004646301,0.618734002113342
2024-02-19,51779.14453125,2943.57470703125,351.807098388672,111.485328674316,0.56259697675705,0.631062984466553
2024-02-20,52284.875,3013.50366210938,354.863922119141,108.45964050293,0.56292200088501,0.622165024280548
2024-02-21,51839.1796875,2970.35546875,378.537322998047,105.125221252441,0.549004018306732,0.598457992076874
2024-02-22,51304.97265625,2971.00732421875,382.009765625,101.669792175293,0.540913999080658,0.585901975631714
2024-02-23,50731.94921875,2921.658203125,375.319091796875,99.9546966552734,0.534533977508545,0.583241999149323
2024-02-24,51571.1015625,2992.38598632812,381.742797851562,104.133522033691,0.545117974281311,0.596696019172668
2024-02-25,51733.23828125,3112.697265625,388.551727294922,103.453491210938,0.542424976825714,0.59137898683548
2024-02-26,54522.40234375,3178.99365234375,401.643890380859,109.918533325195,0.551405012607574,0.619736015796661
2024-02-27,57085.37109375,3244.51928710938,394.995635986328,108.388084411621,0.586257994174957,0.624216020107269
2024-02-28,62504.7890625,3385.70385742188,415.771606445312,118.052200317383,0.57581102848053,0.631058990955353
2024-02-29,61198.3828125,3341.91967773438,399.778717041016,125.711517333984,0.586324989795685,0.655646026134491
2024-03-01,62440.6328125,3435.05395507812,407.810760498047,129.99040222168,0.601890027523041,0.719080984592438
2024-03-02,62029.84765625,3422.0498046875,410.985870361328,129.700180053711,0.64485102891922,0.740927994251251
2024-03-03,63167.37109375,3490.99365234375,414.381072998047,130.450866699219,0.627071976661682,0.728237986564636
2024-03-04,68330.4140625,3630.43383789062,419.035430908203,133.194580078125,0.650133013725281,0.771293997764587
2024-03-05,63801.19921875,3554.96459960938,394.661743164062,125.70671081543,0.592900991439819,0.693490028381348
2024-03-06,66106.8046875,3819.22631835938,429.011962890625,130.74201965332,0.61225301027298,0.733820974826813
2024-03-07,66925.484375,3874.34765625,475.290649414062,143.97785949707,0.628624022006989,0.744741976261139
2024-03-08,68300.09375,3892.06103515625,488.094177246094,145.240036010742,0.62195497751236,0.724853992462158
2024-03-09,68498.8828125,3915.4189453125,489.561828613281,144.60725402832,0.621805012226105,0.743713021278381
2024-03-10,69019.7890625,3881.19311523438,529.374755859375,144.515182495117,0.608431994915009,0.717226982116699
2024-03-11,72123.90625,4066.44506835938,522.718017578125,148.750961303711,0.718035995960236,0.774190008640289
2024-03-12,71481.2890625,3980.27319335938,537.86572265625,151.015441894531,0.688208997249603,0.748054981231689
2024-03-13,73083.5,4006.45703125,630.561340332031,163.839813232422,0.690949976444244,0.764580011367798
2024-03-14,71396.59375,3883.14038085938,602.988708496094,176.679748535156,0.669966995716095,0.750473976135254
2024-03-15,69403.7734375,3735.22021484375,632.802795410156,182.964691162109,0.633737027645111,0.726441025733948
2024-03-16,65315.1171875,3522.86010742188,576.775207519531,181.880340576172,0.603060007095337,0.659534990787506
2024-03-17,68390.625,3642.4130859375,571.085571289062,202.123565673828,0.619231998920441,0.681098997592926
2024-03-18,67548.59375,3517.98510742188,554.55712890625,195.992752075195,0.647565007209778,0.661257982254028
2024-03-19,61912.7734375,3157.6181640625,507.076568603516,170.01628112793,0.584441006183624,0.586914002895355
2024-03-20,67913.671875,3513.39306640625,556.700500488281,191.549621582031,0.612161993980408,0.639481008052826
2024-03-21,65491.390625,3492.9912109375,553.248229980469,179.220748901367,0.640690982341766,0.631868004798889
2024-03-22,63778.76171875,3333.68798828125,551.778564453125,174.363708496094,0.610948979854584,0.613263010978699
2024-03-23,64062.203125,3336.59399414062,551.879516601562,172.902252197266,0.617595970630646,0.625862002372742
2024-03-24,67234.171875,3454.63647460938,567.994812011719,183.573455810547,0.632950007915497,0.646157026290894
2024-03-25,69958.8125,3590.8837890625,587.427612304688,189.083541870117,0.641034007072449,0.656948983669281
2024-03-26,69987.8359375,3587.5048828125,580.150512695312,190.699859619141,0.632252991199493,0.665033996105194
2024-03-27,69455.34375,3500.115234375,574.511596679688,186.361465454102,0.611963987350464,0.648482978343964
2024-03-28,70744.953125,3561.2939453125,583.270874023438,189.621627807617,0.624553978443146,0.65079402923584
2024-03-29,69892.828125,3511.80615234375,612.657958984375,192.227951049805,0.630750000476837,0.664403021335602
2024-03-30,69645.3046875,3507.9443359375,601.016357421875,194.385543823242,0.621836006641388,0.644366025924683
2024-03-31,71333.6484375,3647.8564453125,606.908630371094,202.874130249023,0.629225015640259,0.650426983833313
2024-04-01,69702.1484375,3505.03002929688,576.396667480469,192.567825317383,0.611257970333099,0.621684014797211
2024-04-02,65446.97265625,3277.23461914062,550.681457519531,181.172256469727,0.585466027259827,0.580986976623535
2024-04-03,65980.8125,3311.44189453125,562.019653320312,185.248611450195,0.574917018413544,0.571277976036072
2024-04-04,68508.84375,3330.04052734375,585.441528320312,183.958114624023,0.593656003475189,0.582955002784729
2024-04-05,67837.640625,3318.88525390625,578.966918945312,174.501510620117,0.587522983551025,0.574833989143372
2024-04-06,68896.109375,3354.18383789062,585.966796875,178.915344238281,0.59333997964859,0.584338009357452
2024-04-07,69362.5546875,3453.49462890625,584.102172851562,179.649856567383,0.59483402967453,0.589474022388458
2024-04-08,71631.359375,3695.29272460938,586.900939941406,180.784774780273,0.615490019321442,0.614158987998962
2024-04-09,69139.015625,3505.16333007812,580.830322265625,172.413619995117,0.613816976547241,0.591893017292023
2024-04-10,70587.8828125,3543.73706054688,610.083923339844,173.437362670898,0.617560982704163,0.586255013942719
2024-04-11,70060.609375,3505.24780273438,604.893798828125,172.576370239258,0.60887998342514,0.58619099855423
2024-04-12,67195.8671875,3243.03491210938,596.380126953125,153.635467529297,0.548413991928101,0.503575026988983
2024-04-13,63821.47265625,3004.900390625,554.2998046875,139.341690063477,0.4808189868927,0.447908014059067
2024-04-14,65738.7265625,3156.94189453125,567.218444824219,151.284942626953,0.50425797700882,0.468910992145538
2024-04-15,63426.2109375,3101.60034179688,552.87451171875,138.50862121582,0.497731000185013,0.460794985294342
2024-04-16,63811.86328125,3084.92016601562,537.829345703125,136.279327392578,0.496695011854172,0.458604991436005
2024-04-17,61276.69140625,2984.7275390625,534.416015625,131.866180419922,0.494841009378433,0.444294989109039
2024-04-18,63512.75390625,3066.02758789062,552.172119140625,142.082397460938,0.502982974052429,0.458144009113312
2024-04-19,63843.5703125,3059.27856445312,554.889282226562,142.68049621582,0.503786027431488,0.468784004449844
2024-04-20,64994.44140625,3157.62719726562,570.960510253906,151.133560180664,0.52929300069809,0.505908012390137
2024-04-21,64926.64453125,3147.28857421875,579.619934082031,148.609313964844,0.524680018424988,0.499291986227036
2024-04-22,66837.6796875,3201.65209960938,605.575500488281,157.031219482422,0.556833028793335,0.516884982585907
2024-04-23,66407.2734375,3219.91162109375,606.840637207031,154.701309204102,0.545158982276917,0.500195980072021
2024-04-24,64276.8984375,3139.80517578125,608.086120605469,147.745147705078,0.527404010295868,0.474909991025925
2024-04-25,64481.70703125,3156.50952148438,614.005004882812,144.892120361328,0.525511980056763,0.471020013093948
2024-04-26,63755.3203125,3130.16479492188,597.705444335938,139.104339599609,0.526112020015717,0.462729007005692
2024-04-27,63419.140625,3252.16821289062,595.720520019531,141.289169311523,0.517774999141693,0.467031985521317
2024-04-28,63113.23046875,3262.77465820312,600.071166992188,137.856414794922,0.510376989841461,0.460474014282227
2024-04-29,63841.12109375,3215.42895507812,592.831237792969,137.776657104492,0.515432000160217,0.45736500620842
2024-04-30,60636.85546875,3012.28686523438,578.488037109375,126.962707519531,0.50006502866745,0.440811991691589
2024-05-01,58254.01171875,2969.78466796875,561.408203125,134.627975463867,0.517000019550323,0.449865996837616
2024-05-02,59123.43359375,2988.16845703125,560.526733398438,137.814483642578,0.51832902431488,0.458281993865967
2024-05-03,62889.8359375,3103.5419921875,587.010437011719,143.772552490234,0.531894028186798,0.467543989419937
2024-05-04,63891.47265625,3117.57641601562,585.846557617188,146.135055541992,0.530404984951019,0.463577002286911
2024-05-05,64031.1328125,3137.2490234375,592.140380859375,145.713027954102,0.529784023761749,0.458333998918533
2024-05-06,63161.94921875,3062.72875976562,588.475952148438,152.802398681641,0.540547013282776,0.454288005828857
2024-05-07,62334.81640625,3006.5771484375,577.486206054688,148.134323120117,0.524743974208832,0.441873013973236
2024-05-08,61187.94140625,2973.6572265625,588.197448730469,142.294738769531,0.517229974269867,0.452553004026413
2024-05-09,63049.9609375,3036.0205078125,596.031982421875,152.849945068359,0.521028995513916,0.463501006364822
2024-05-10,60792.77734375,2909.79125976562,585.622192382812,146.216903686523,0.502337992191315,0.448249995708466
2024-05-11,60793.7109375,2911.60205078125,592.027893066406,145.314376831055,0.505975008010864,0.438876003026962
2024-05-12,61448.39453125,2928.70190429688,594.424560546875,143.520812988281,0.499475002288818,0.437653005123138
2024-05-13,62901.44921875,2949.35961914062,591.60693359375,147.282333374023,0.504902005195618,0.436540007591248
2024-05-14,61552.7890625,2881.15795898438,566.70703125,142.030395507812,0.499886989593506,0.428068995475769
2024-05-15,66267.4921875,3037.056640625,582.074340820312,158.186828613281,0.519003987312317,0.452987998723984
2024-05-16,65231.58203125,2945.13110351562,569.190246582031,159.116455078125,0.51569801568985,0.459695011377335
2024-05-17,67051.875,3094.11865234375,581.178344726562,169.530548095703,0.523804008960724,0.48199999332428
2024-05-18,66940.8046875,3122.94897460938,580.481140136719,172.539138793945,0.521390020847321,0.482407987117767
2024-05-19,66278.3671875,3071.84301757812,574.631652832031,170.091354370117,0.509661018848419,0.467602014541626
2024-05-20,71448.1953125,3663.85546875,600.616333007812,186.520492553711,0.537333011627197,0.501757979393005
2024-05-21,70136.53125,3789.31274414062,618.420471191406,178.116149902344,0.536983013153076,0.494774013757706
2024-05-22,69122.3359375,3737.2177734375,614.671875,176.860778808594,0.526510000228882,0.483126997947693
2024-05-23,67929.5625,3776.92724609375,598.670837402344,175.985778808594,0.528285980224609,0.465330004692078
2024-05-24,68526.1015625,3726.9345703125,600.225891113281,167.796920776367,0.535753011703491,0.45949399471283
2024-05-25,69265.9453125,3749.23657226562,602.194458007812,168.437637329102,0.541809022426605,0.462072014808655
2024-05-26,68518.09375,3825.8974609375,599.825927734375,163.35090637207,0.528210997581482,0.458375006914139
2024-05-27,69394.5546875,3892.0068359375,603.526428222656,169.996139526367,0.533771991729736,0.467963010072708
2024-05-28,68296.21875,3840.25634765625,601.213256835938,168.650848388672,0.528235018253326,0.456990003585815
2024-05-29,67578.09375,3763.19653320312,594.972045898438,168.072677612305,0.523248016834259,0.450994998216629
2024-05-30,68364.9921875,3746.849609375,595.026794433594,166.976531982422,0.518860995769501,0.44658100605011
2024-05-31,67491.4140625,3760.02661132812,593.522338867188,165.637710571289,0.517799973487854,0.447461009025574
2024-06-01,67706.9375,3813.19897460938,601.30419921875,166.030670166016,0.518312990665436,0.44997501373291
2024-06-02,67751.6015625,3780.89599609375,603.026611328125,163.249908447266,0.513481974601746,0.44649401307106
2024-06-03,68804.78125,3766.38916015625,626.432983398438,164.923461914062,0.520099997520447,0.45703598856926
2024-06-04,70567.765625,3812.51586914062,686.201416015625,171.80192565918,0.525765001773834,0.461484998464584
2024-06-05,71082.8203125,3864.26098632812,698.889404296875,173.48291015625,0.525710999965668,0.461174994707108
2024-06-06,70757.1640625,3811.60595703125,710.464050292969,170.016220092773,0.521578013896942,0.458101987838745
2024-06-07,69342.5859375,3678.62915039062,683.360961914062,162.507049560547,0.498950988054276,0.449642986059189
2024-06-08,69305.7734375,3680.94995117188,682.665161132812,157.968902587891,0.493144989013672,0.436571002006531
2024-06-09,69647.9921875,3705.90380859375,673.315307617188,162.083602905273,0.498582988977432,0.444106012582779
2024-06-10,69512.28125,3666.71752929688,624.386840820312,158.928024291992,0.496627986431122,0.440461009740829
2024-06-11,67332.03125,3498.33056640625,602.55810546875,149.428985595703,0.480320006608963,0.421891003847122
2024-06-12,68241.1875,3559.61767578125,619.19482421875,155.17756652832,0.491540014743805,0.437795996665955
2024-06-13,66756.3984375,3469.28125,599.515075683594,147.314422607422,0.477005004882812,0.421184986829758
2024-06-14,66011.09375,3480.27197265625,603.180541992188,143.094436645508,0.47427499294281,0.411682993173599
2024-06-15,66191,3565.54956054688,607.802917480469,145.412216186523,0.490691006183624,0.413695007562637
2024-06-16,66639.046875,3620.5634765625,610.054016113281,151.125503540039,0.488831996917725,0.416379004716873
2024-06-17,66490.296875,3511.37890625,604.467346191406,143.334274291992,0.505159974098206,0.40175798535347
2024-06-18,65140.74609375,3483.68139648438,588.702087402344,137.503997802734,0.490947991609573,0.38357999920845
2024-06-19,64960.296875,3559.34741210938,598.771728515625,135.609603881836,0.493241012096405,0.383790999650955
2024-06-20,64828.65625,3511.0869140625,587.107177734375,133.472961425781,0.488716006278992,0.384243994951248
2024-06-21,64096.19921875,3516.07568359375,585.911926269531,134.588302612305,0.48895600438118,0.376051992177963
2024-06-22,64252.578125,3494.8134765625,590.763366699219,133.67024230957,0.486620992422104,0.384811997413635
2024-06-23,63180.796875,3418.61181640625,577.210876464844,128.590423583984,0.479488998651505,0.380302995443344
2024-06-24,60277.4140625,3350.25634765625,567.578125,132.241394042969,0.474142998456955,0.377764999866486
2024-06-25,61804.640625,3395.02905273438,578.103454589844,136.559204101562,0.475685000419617,0.391858994960785
2024-06-26,60811.27734375,3369.47729492188,572.401794433594,136.609146118164,0.469599992036819,0.384750008583069
2024-06-27,61604.80078125,3444.80053710938,580.798278808594,149.448379516602,0.474655002355576,0.390700995922089
2024-06-28,60320.13671875,3373.63598632812,566.464477539062,139.703399658203,0.470885008573532,0.385426014661789
2024-06-29,60887.37890625,3372.9677734375,569.127685546875,140.010147094727,0.471994012594223,0.383964985609055
2024-06-30,62678.29296875,3432.88916015625,581.771118164062,146.492492675781,0.475483000278473,0.392192006111145
2024-07-01,62851.98046875,3440.34155273438,576.686950683594,146.595062255859,0.476640999317169,0.402907013893127
2024-07-02,62029.015625,3416.35473632812,578.981079101562,153.700485229492,0.484519988298416,0.417775005102158
2024-07-03,60173.921875,3292.91674804688,556.577758789062,140.731414794922,0.466760009527206,0.406738013029099
2024-07-04,56977.703125,3054.52197265625,513.994506835938,127.550819396973,0.433573991060257,0.362859010696411
2024-07-05,56662.375,2981.5986328125,497.995819091797,134.369338989258,0.425491988658905,0.349884986877441
2024-07-06,58303.5390625,3069.3779296875,527.674377441406,143.241180419922,0.44905298948288,0.371221005916595
2024-07-07,55849.109375,2929.38720703125,490.613128662109,131.77409362793,0.419822990894318,0.346617996692657
2024-07-08,56705.09765625,3018.73193359375,510.6142578125,139.46369934082,0.43147999048233,0.369006991386414
2024-07-09,58009.2265625,3064.03295898438,516.568115234375,141.348449707031,0.435916006565094,0.375328004360199
2024-07-10,57742.49609375,3102.21875,524.516540527344,141.974792480469,0.439038008451462,0.38883501291275
2024-07-11,57344.9140625,3100.33081054688,525.138061523438,135.883224487305,0.44904100894928,0.395817011594772
2024-07-12,57899.46484375,3134.15869140625,533.75732421875,139.528015136719,0.474730014801025,0.416523993015289
2024-07-13,59231.953125,3177.19873046875,532.348815917969,141.92497253418,0.526328980922699,0.441415011882782
2024-07-14,60787.79296875,3244.0791015625,544.818725585938,147.622314453125,0.52286297082901,0.432348012924194
2024-07-15,64870.15234375,3489.552734375,586.141052246094,159.933975219727,0.537877976894379,0.445582002401352
2024-07-16,65097.1484375,3443.51342773438,576.583984375,160.551879882812,0.579375982284546,0.438188999891281
2024-07-17,64118.79296875,3388.75244140625,568.912719726562,155.584106445312,0.626486003398895,0.436747997999191
2024-07-18,63974.06640625,3426.25854492188,571.951538085938,159.072418212891,0.569573998451233,0.423905998468399
2024-07-19,66710.15625,3505.73486328125,593.7021484375,169.18586730957,0.573751986026764,0.439033985137939
2024-07-20,67163.6484375,3519.29541015625,593.572204589844,173.891784667969,0.594650983810425,0.437637001276016
2024-07-21,68154.5234375,3536.60546875,601.851196289062,184.541610717773,0.597467005252838,0.446076989173889
2024-07-22,67585.25,3440.419921875,587.917785644531,178.978286743164,0.607636988162994,0.426546990871429
2024-07-23,65927.671875,3481.99584960938,582.099548339844,172.757568359375,0.597456991672516,0.410097002983093
2024-07-24,65372.1328125,3336.33935546875,574.578491210938,178.032302856445,0.618843019008636,0.40684700012207
2024-07-25,65777.2265625,3174.42724609375,570.71337890625,171.963073730469,0.599816024303436,0.394670993089676
2024-07-26,67912.0625,3275.95141601562,581.077941894531,183.13671875,0.604067981243134,0.417746990919113
2024-07-27,67813.3359375,3247.60791015625,581.588806152344,184.085403442383,0.59679502248764,0.418197989463806
2024-07-28,68255.8671875,3271.46459960938,584.099609375,184.886077880859,0.601947009563446,0.407386988401413
2024-07-29,66819.9140625,3320.53930664062,574.642578125,182.78059387207,0.602086007595062,0.404013991355896
2024-07-30,66201.015625,3278.66772460938,587.665100097656,179.107192993164,0.627876996994019,0.401679992675781
2024-07-31,64619.25,3231.29565429688,576.3681640625,171.826156616211,0.623938977718353,0.388772994279861
2024-08-01,65357.5,3201.564453125,575.146728515625,167.672119140625,0.596463978290558,0.392706006765366
2024-08-02,61415.06640625,2986.01318359375,542.915161132812,152.638229370117,0.560770988464355,0.363822013139725
2024-08-03,60680.09375,2903.3857421875,529.481323242188,142.921997070312,0.556391000747681,0.364095002412796
2024-08-04,58116.9765625,2686.39892578125,497.039093017578,138.055084228516,0.523396015167236,0.343937993049622
2024-08-05,53991.45703125,2417.20629882812,464.626922607422,129.864303588867,0.4894660115242,0.313154995441437
2024-08-06,56034.31640625,2458.72387695312,484.323822021484,144.090362548828,0.505697011947632,0.330781996250153
2024-08-07,55027.4609375,2336.58935546875,474.224761962891,144.632095336914,0.600809991359711,0.32369801402092
2024-08-08,61710.13671875,2683.35278320312,517.337524414062,162.930740356445,0.617577016353607,0.35181400179863
2024-08-09,60880.11328125,2599.5986328125,509.182708740234,156.457214355469,0.581152975559235,0.348547011613846
2024-08-10,60945.8125,2610.02294921875,523.317626953125,153.959167480469,0.585578978061676,0.34628900885582
2024-08-11,58719.484375,2553.25219726562,503.804534912109,141.52685546875,0.552932024002075,0.328321993350983
2024-08-12,59354.515625,2724.43188476562,518.5361328125,146.454238891602,0.56876802444458,0.338977009057999
2024-08-13,60609.56640625,2703.671875,524.128540039062,146.712692260742,0.576399028301239,0.340153992176056
2024-08-14,58737.26953125,2662.91479492188,524.015319824219,143.923461914062,0.569191992282867,0.335455000400543
2024-08-15,57560.09765625,2570.08764648438,519.870361328125,142.745819091797,0.560954988002777,0.325352996587753
2024-08-16,58894.10546875,2593.1865234375,519.968627929688,139.33056640625,0.564516007900238,0.330471992492676
2024-08-17,59478.97265625,2614.546875,542.234252929688,141.79850769043,0.566318988800049,0.336885988712311
2024-08-18,58483.96484375,2613.35717773438,531.608520507812,142.586883544922,0.563875019550323,0.33483099937439
2024-08-19,59493.453125,2637.30639648438,559.81884765625,144.343688964844,0.598605990409851,0.336753010749817
2024-08-20,59012.79296875,2573.10693359375,569.266967773438,143.167739868164,0.59442800283432,0.343685001134872
2024-08-21,61175.19140625,2631.3955078125,570.019714355469,142.709609985352,0.600274980068207,0.36905899643898
2024-08-22,60381.9140625,2622.95141601562,583.051879882812,143.257934570312,0.597600996494293,0.376536011695862
2024-08-23,64094.35546875,2764.44702148438,591.806030273438,153.107086181641,0.611239016056061,0.391535997390747
2024-08-24,64178.9921875,2769.3896484375,580.76220703125,160.731750488281,0.61311000585556,0.394006997346878
2024-08-25,64333.54296875,2749.15771484375,574.249938964844,158.909118652344,0.60018402338028,0.384979009628296
2024-08-26,62880.66015625,2681.34057617188,548.828002929688,157.236877441406,0.58746999502182,0.366957008838654
2024-08-27,59504.1328125,2458.7265625,533.975891113281,146.897094726562,0.567553997039795,0.350511014461517
2024-08-28,59027.625,2528.41552734375,536.816162109375,143.891387939453,0.569850027561188,0.350192010402679
2024-08-29,59388.1796875,2528.79272460938,536.625671386719,140.05403137207,0.562054991722107,0.357041001319885
2024-08-30,59119.4765625,2525.82202148438,535.315795898438,138.099990844727,0.567031025886536,0.3471539914608
2024-08-31,58969.8984375,2513.39379882812,532.89697265625,135.374252319336,0.566313028335571,0.345351994037628
2024-09-01,57325.48828125,2427.90234375,512.59521484375,128.690551757812,0.547990024089813,0.331739991903305
2024-09-02,59112.48046875,2538.18725585938,526.438720703125,135.002365112305,0.567587018013,0.335967987775803
2024-09-03,57431.0234375,2420.60375976562,518.6689453125,127.577583312988,0.557390987873077,0.318551003932953
2024-09-04,57971.5390625,2448.97705078125,507.820495605469,133.603912353516,0.558175981044769,0.323523998260498
2024-09-05,56160.48828125,2367.73754882812,502.069366455078,129.328948974609,0.544196009635925,0.32506200671196
2024-09-06,53948.75390625,2223.87646484375,486.902740478516,124.990074157715,0.521346986293793,0.314718008041382
2024-09-07,54139.6875,2274.10717773438,493.226135253906,127.721565246582,0.525092005729675,0.325073003768921
2024-09-08,54841.56640625,2297.29296875,503.000152587891,129.989517211914,0.529290974140167,0.3386589884758
2024-09-09,57019.53515625,2358.48217773438,518.545349121094,135.025619506836,0.539637982845306,0.343405991792679
2024-09-10,57648.7109375,2389.5810546875,517.483825683594,135.635223388672,0.541077971458435,0.343477010726929
2024-09-11,57343.171875,2339.84155273438,530.194030761719,132.49739074707,0.535311996936798,0.353053987026215
2024-09-12,58127.01171875,2361.78173828125,544.303771972656,136.141906738281,0.562575995922089,0.356292992830276
2024-09-13,60571.30078125,2441.60717773438,557.01806640625,139.100540161133,0.573149025440216,0.360900014638901
2024-09-14,60005.12109375,2418.595703125,553.565063476562,137.179779052734,0.596198976039886,0.354479998350143
2024-09-15,59182.8359375,2320.89721679688,553.972290039062,131.499389648438,0.570975005626678,0.338523000478745
2024-09-16,58192.5078125,2295.28369140625,533.80908203125,131.472595214844,0.585407018661499,0.330305993556976
2024-09-17,60308.5390625,2341.70776367188,546.013549804688,131.537078857422,0.584501981735229,0.333912998437881
2024-09-18,61649.6796875,2369.72900390625,559.044555664062,133.991851806641,0.585250973701477,0.342936009168625
2024-09-19,62940.45703125,2464.75219726562,566.223510742188,142.836273193359,0.587370991706848,0.350944995880127
2024-09-20,63192.9765625,2561.07202148438,568.585083007812,146.566802978516,0.585170984268188,0.352113991975784
2024-09-21,63394.83984375,2615.85717773438,589.037963867188,149.527038574219,0.598141014575958,0.358575999736786
2024-09-22,63648.7109375,2582.86254882812,588.0869140625,144.803649902344,0.587620973587036,0.351772010326385
2024-09-23,63329.80078125,2648.54638671875,604.366027832031,144.814987182617,0.585065007209778,0.363730996847153
2024-09-24,64301.96875,2654.35498046875,606.523071289062,152.892150878906,0.591543972492218,0.38773301243782
2024-09-25,63143.14453125,2579.388671875,587.3525390625,148.023422241211,0.583540976047516,0.381083011627197
2024-09-26,65181.01953125,2632.19995117188,596.776916503906,155.576095581055,0.59042102098465,0.401881992816925
2024-09-27,65790.6640625,2695.90063476562,607.867004394531,157.749938964844,0.58892697095871,0.402328014373779
2024-09-28,65887.6484375,2677.5390625,601.567199707031,156.91242980957,0.614800989627838,0.401051998138428
2024-09-29,65635.3046875,2659.34692382812,596.411193847656,158.629165649414,0.641946971416473,0.3975969851017
2024-09-30,63329.5,2603.06274414062,567.260070800781,152.618469238281,0.611491978168488,0.37321400642395
2024-10-01,60837.0078125,2448.92114257812,547.997131347656,145.289886474609,0.597530007362366,0.352441012859344
2024-10-02,60632.78515625,2365.23168945312,542.712341308594,140.385559082031,0.539830982685089,0.344004988670349
2024-10-03,60759.40234375,2349.79125976562,544.424987792969,136.785186767578,0.521952986717224,0.345236986875534
2024-10-04,62067.4765625,2414.7939453125,555.384216308594,143.172271728516,0.534340977668762,0.35139799118042
2024-10-05,62089.94921875,2415.6318359375,563.209167480469,142.71174621582,0.529496014118195,0.3507199883461
2024-10-06,62818.953125,2439.95776367188,570.542724609375,146.442367553711,0.533591985702515,0.357230007648468
2024-10-07,62236.66015625,2421.79663085938,564.149719238281,143.991790771484,0.529933989048004,0.35146701335907
2024-10-08,62131.96875,2439.8408203125,580.403869628906,143.394424438477,0.530867993831635,0.34451699256897
2024-10-09,60582.1015625,2368.28344726562,570.277160644531,139.315536499023,0.524331986904144,0.339702010154724
2024-10-10,60274.5,2383.85791015625,562.725769042969,138.888412475586,0.529977023601532,0.338889986276627
2024-10-11,62445.08984375,2436.51342773438,572.857238769531,145.381149291992,0.53829699754715,0.351184993982315
2024-10-12,63193.0234375,2476.52319335938,576.449768066406,146.500289916992,0.53956001996994,0.353215008974075
2024-10-13,62851.375,2467.67700195312,571.821716308594,147.57243347168,0.531539976596832,0.348033994436264
2024-10-14,66046.125,2628.89990234375,588.900451660156,157.445129394531,0.548021018505096,0.363889008760452
2024-10-15,67041.109375,2606.02197265625,594.189208984375,154.720626831055,0.541451990604401,0.358527004718781
2024-10-16,67612.71875,2611.10205078125,600.817810058594,154.234222412109,0.548044979572296,0.352524995803833
2024-10-17,67399.8359375,2604.2734375,592.039611816406,150.316024780273,0.543658018112183,0.343032002449036
2024-10-18,68418.7890625,2641.55224609375,599.364990234375,154.975936889648,0.546540975570679,0.3507100045681
2024-10-19,68362.734375,2648.65698242188,597.974914550781,159.639358520508,0.544256985187531,0.351660996675491
2024-10-20,69001.703125,2746.36401367188,605.517822265625,166.939819335938,0.547652006149292,0.364841014146805
2024-10-21,67367.8515625,2665.71215820312,598.817565917969,166.216873168945,0.544862985610962,0.360956013202667
2024-10-22,67361.40625,2620.19750976562,593.360656738281,167.260147094727,0.533379018306732,0.363819986581802
2024-10-23,66432.1953125,2509.09887695312,582.473388671875,170.932495117188,0.525210976600647,0.348614007234573
2024-10-24,68161.0546875,2534.49853515625,594.15478515625,177.156936645508,0.531760990619659,0.346309989690781
2024-10-25,66642.4140625,2435.93408203125,574.253601074219,164.756896972656,0.501918971538544,0.324411988258362
2024-10-26,67014.6953125,2479.60327148438,582.806091308594,170.705963134766,0.512760996818542,0.333350002765656
2024-10-27,67929.296875,2505.94067382812,588.7158203125,176.549194335938,0.516381025314331,0.339872002601624
2024-10-28,69907.7578125,2565.34814453125,600.596069335938,178.104904174805,0.519227027893066,0.343796014785767
2024-10-29,72720.4921875,2637.95751953125,605.668273925781,179.360748291016,0.527916014194489,0.355650991201401
2024-10-30,72339.5390625,2657.37255859375,595.727844238281,174.92497253418,0.522974014282227,0.355264008045197
2024-10-31,70215.1875,2515.79931640625,576.034484863281,168.429992675781,0.509236991405487,0.341845005750656
2024-11-01,69482.46875,2511.88549804688,572.762268066406,166.262130737305,0.512867987155914,0.357089996337891
2024-11-02,69289.2734375,2491.06860351562,568.036804199219,166.010345458984,0.509850025177002,0.347770988941193
2024-11-03,68741.1171875,2456.42529296875,557.6416015625,162.551300048828,0.502930998802185,0.334284991025925
2024-11-04,67811.5078125,2397.0263671875,552.071105957031,157.747100830078,0.503225982189178,0.326018989086151
2024-11-05,69359.5625,2422.65063476562,563.612060546875,166.722396850586,0.514029026031494,0.333923995494843
2024-11-06,75639.078125,2724.16918945312,591.995239257812,186.954788208008,0.542427003383636,0.363323003053665
2024-11-07,75904.859375,2895.58544921875,598.435913085938,196.334594726562,0.554732024669647,0.405012995004654
2024-11-08,76545.4765625,2962.29663085938,597.948425292969,199.939010620117,0.554078996181488,0.443814992904663
2024-11-09,76778.8671875,3131.14453125,624.374694824219,200.194915771484,0.559486985206604,0.493680000305176
2024-11-10,80474.1875,3191.33129882812,628.302490234375,210.613723754883,0.589381992816925,0.590309023857117
2024-11-11,88701.484375,3374.81298828125,661.88720703125,222.641677856445,0.620467007160187,0.61380797624588
2024-11-12,87955.8125,3246.25732421875,627.003845214844,212.231811523438,0.707699000835419,0.573917984962463
2024-11-13,90584.1640625,3192.59594726562,621.000305175781,215.184555053711,0.690288007259369,0.578774988651276
2024-11-14,87250.4296875,3058.94873046875,621.680114746094,209.21907043457,0.773006975650787,0.580115973949432
2024-11-15,91066.0078125,3103.04052734375,618.866455078125,218.094909667969,0.892090976238251,0.674059987068176
2024-11-16,90558.4765625,3133.27392578125,622.373168945312,215.848831176758,1.11908996105194,0.738734006881714
2024-11-17,89845.8515625,3075.66162109375,618.400085449219,237.575531005859,1.0543349981308,0.702324986457825
2024-11-18,90542.640625,3207.8564453125,619.435485839844,239.794250488281,1.11793601512909,0.734579980373383
2024-11-19,92343.7890625,3111.38403320312,615.987426757812,238.097549438477,1.1019469499588,0.739642024040222
2024-11-20,94339.4921875,3072.18798828125,606.117492675781,235.42366027832,1.10230100154877,0.800345003604889
2024-11-21,98504.7265625,3361.05395507812,622.826354980469,257.065887451172,1.25035202503204,0.820474028587341
2024-11-22,98997.6640625,3331.60083007812,633.513427734375,256.518676757812,1.46901905536652,1.01042294502258
2024-11-23,97777.28125,3396.22338867188,651.197265625,255.178512573242,1.46900796890259,1.06623697280884
2024-11-24,98013.8203125,3363.65991210938,660.317565917969,252.919525146484,1.43241095542908,1.02310597896576
2024-11-25,93102.296875,3413.5439453125,636.639709472656,234.44660949707,1.41542303562164,0.945689022541046
2024-11-26,91985.3203125,3326.51733398438,613.587280273438,230.97819519043,1.40132296085358,0.961232006549835
2024-11-27,95962.53125,3657.24926757812,644.948486328125,242.302215576172,1.47281205654144,1.01334595680237
2024-11-28,95652.46875,3579.8115234375,654.361633300781,237.764007568359,1.54134297370911,1.03350794315338
2024-11-29,97461.5234375,3593.49438476562,654.809753417969,243.549499511719,1.79673099517822,1.07685804367065
2024-11-30,96449.0546875,3705.70532226562,654.329162597656,237.743743896484,1.94412100315094,1.07894194126129
2024-12-01,97279.7890625,3711.1650390625,655.932495117188,237.069931030273,2.32022309303284,1.15525197982788
2024-12-02,95865.3046875,3644.19848632812,647.594482421875,225.756195068359,2.71380496025085,1.20177602767944
2024-12-03,96002.1640625,3620.71166992188,737.696594238281,234.200317382812,2.52552700042725,1.19812595844269
2024-12-04,98768.53125,3841.3310546875,739.252746582031,229.119293212891,2.35444402694702,1.18731999397278
2024-12-05,96593.5703125,3811.00830078125,714.321960449219,233.99870300293,2.29520606994629,1.18471205234528
2024-12-06,99920.7109375,4005.810546875,732.006286621094,237.051071166992,2.42473697662354,1.23110699653625
2024-12-07,99923.3359375,4002.69262695312,750.272644042969,238.547958374023,2.61662411689758,1.21419596672058
2024-12-08,101236.015625,4005.70458984375,743.295654296875,236.672332763672,2.60834789276123,1.19629096984863
2024-12-09,97432.71875,3718.6904296875,689.924377441406,217.341461181641,2.2189519405365,1.00754904747009
2024-12-10,96675.4296875,3631.83374023438,676.98291015625,213.824615478516,2.36915993690491,1.0201610326767
2024-12-11,101173.03125,3832.82202148438,711.811401367188,227.446838378906,2.40006995201111,1.0888899564743
2024-12-12,100043,3883.1015625,705.944213867188,227.026718139648,2.34277009963989,1.1250159740448
2024-12-13,101459.2578125,3911.20532226562,726.254821777344,224.837295532227,2.42131900787354,1.11960196495056
2024-12-14,101372.96875,3868.4052734375,715.695678710938,219.840759277344,2.39870500564575,1.06051194667816
2024-12-15,104298.6953125,3951.94116210938,719.13427734375,223.657669067383,2.44694995880127,1.10170805454254
2024-12-16,106029.71875,3987.48095703125,720.326354980469,216.3349609375,2.48865795135498,1.07885599136353
2024-12-17,106140.6015625,3886.76611328125,716.682495117188,222.81672668457,2.565190076828,1.05152499675751
2024-12-18,100041.5390625,3618.79125976562,687.623779296875,206.381744384766,2.30331802368164,0.968420028686523
2024-12-19,97490.953125,3417.92797851562,666.5693359375,194.284515380859,2.2488911151886,0.885501980781555
2024-12-20,97755.9296875,3472.55346679688,678.086608886719,194.20817565918,2.27688598632812,0.951011002063751
2024-12-21,97224.7265625,3337.22241210938,663.279479980469,181.301452636719,2.23811197280884,0.904694020748138
2024-12-22,95104.9375,3277.53515625,648.704711914062,180.168914794922,2.19933199882507,0.882975995540619
2024-12-23,94686.2421875,3415.78540039062,693.000732421875,189.753692626953,2.25726199150085,0.92424601316452
2024-12-24,98676.09375,3492.0498046875,696.741149902344,196.989028930664,2.32462406158447,0.936460018157959
2024-12-25,99299.1953125,3493.2353515625,702.326965332031,197.479080200195,2.29596996307373,0.916858971118927
2024-12-26,95795.515625,3331.22583007812,688.360107421875,188.218109130859,2.1543390750885,0.85978502035141
2024-12-27,94164.859375,3328.9169921875,690.429382324219,183.828475952148,2.14164996147156,0.874768018722534
2024-12-28,95163.9296875,3397.90234375,720.959045410156,195.013534545898,2.18082404136658,0.887817025184631
2024-12-29,93530.2265625,3349.51342773438,693.754516601562,189.744262695312,2.09317994117737,0.858640015125275
2024-12-30,92643.2109375,3356.392578125,704.146301269531,191.028045654297,2.05757093429565,0.860017001628876
2024-12-31,93429.203125,3332.53173828125,700.986877441406,189.26448059082,2.08012795448303,0.843765020370483
2025-01-01,94419.7578125,3353.50415039062,706.512939453125,193.873733520508,2.322340965271,0.917591989040375
2025-01-02,96886.875,3451.392578125,705.678588867188,207.767044067383,2.40336990356445,0.961345016956329
2025-01-03,98107.4296875,3605.009765625,713.6435546875,217.747329711914,2.45289611816406,1.09037601947784
2025-01-04,98236.2265625,3657.70678710938,713.841186523438,216.622924804688,2.41959500312805,1.07140004634857
2025-01-05,98314.9609375,3634.10375976562,709.25830078125,213.393630981445,2.39972710609436,1.09346699714661
2025-01-06,102078.0859375,3688.611328125,729.400085449219,218.723129272461,2.41880702972412,1.09412395954132
2025-01-07,96922.703125,3381.57739257812,697.368896484375,202.230255126953,2.27235007286072,0.992009997367859
2025-01-08,95043.5234375,3326.32934570312,695.837158203125,197.559051513672,2.37530493736267,0.948031008243561
2025-01-09,92484.0390625,3219.4306640625,685.120727539062,185.025283813477,2.27521204948425,0.90599000453949
2025-01-10,94701.453125,3267.48999023438,693.624450683594,187.579177856445,2.34325194358826,0.931452989578247
2025-01-11,94566.59375,3282.2177734375,696.657836914062,187.995513916016,2.57677006721497,0.994524002075195
2025-01-12,94488.4375,3265.951171875,693.048278808594,188.56037902832,2.50631403923035,0.968554973602295
2025-01-13,94516.5234375,3135.49975585938,688.267517089844,182.835357666016,2.52293491363525,0.944742023944855
2025-01-14,96534.046875,3223.6845703125,698.619689941406,187.498596191406,2.66913294792175,0.9949089884758
2025-01-15,100504.4921875,3450.53759765625,714.028442382812,205.911346435547,3.15505790710449,1.0791540145874
2025-01-16,99756.90625,3308.34521484375,708.298034667969,211.227844238281,3.24553990364075,1.09009897708893
2025-01-17,104462.0390625,3474.10717773438,721.75048828125,219.621612548828,3.29863500595093,1.13512194156647
2025-01-18,104408.0703125,3305.78955078125,709.424987792969,261.869750976562,3.27401900291443,1.10207200050354
2025-01-19,101089.609375,3208.96435546875,682.203979492188,250.586364746094,2.95471692085266,0.991191029548645
2025-01-20,102016.6640625,3278.03540039062,681.803344726562,242.250228881836,3.09983491897583,1.00864398479462
2025-01-21,106146.265625,3327.40625,691.816589355469,250.413787841797,3.16939997673035,1.00465404987335
2025-01-22,103653.0703125,3240.224609375,694.983215332031,257.237365722656,3.1711049079895,0.981643974781036
2025-01-23,103960.171875,3334.71411132812,690.203735351562,253.455200195312,3.11989092826843,0.987493991851807
2025-01-24,104819.484375,3309.55493164062,680.213195800781,253.361221313477,3.10348296165466,0.971494019031525
2025-01-25,104714.6484375,3317.26953125,686.268493652344,256.073577880859,3.10970592498779,0.977271974086761
2025-01-26,102682.5,3236.13427734375,666.763793945312,240.883453369141,3.0262279510498,0.954855978488922
2025-01-27,102087.6875,3178.92041015625,679.793334960938,235.074447631836,3.0531849861145,0.932942986488342
2025-01-28,101332.4765625,3077.11254882812,661.424560546875,227.203964233398,3.06112003326416,0.916114985942841
2025-01-29,103703.2109375,3112.9990234375,667.685729980469,227.944931030273,3.06829404830933,0.941127002239227
2025-01-30,104735.3046875,3247.78002929688,677.553588867188,239.023147583008,3.13106894493103,0.961013972759247
2025-01-31,102405.0234375,3298.26513671875,677.375366210938,231.637908935547,3.03541994094849,0.942228972911835
2025-02-01,100655.90625,3118.32861328125,653.432922363281,213.785018920898,2.8844690322876,0.89794397354126
2025-02-02,97688.9765625,2868.69287109375,617.600646972656,203.11962890625,2.57979488372803,0.801739990711212
2025-02-03,101405.421875,2884.56665039062,617.120788574219,216.14958190918,2.7011559009552,0.811559021472931
2025-02-04,97871.8203125,2735.05126953125,573.327819824219,207.091979980469,2.53542494773865,0.746343016624451
2025-02-05,96615.4453125,2787.77905273438,569.746887207031,195.988143920898,2.38231492042542,0.733209013938904
2025-02-06,96593.296875,2688.40087890625,572.274047851562,189.772491455078,2.32687997817993,0.705061972141266
2025-02-07,96529.0859375,2622.21118164062,578.066833496094,192.204650878906,2.39358305931091,0.707093000411987
2025-02-08,96482.453125,2632.30834960938,613.32421875,199.599899291992,2.42437601089478,0.701848983764648
2025-02-09,96500.09375,2628.72119140625,616.64208984375,200.49755859375,2.39693999290466,0.682700991630554
2025-02-10,97437.5546875,2661.16674804688,618.314514160156,200.356353759766,2.42269611358643,0.710693001747131
2025-02-11,95747.4296875,2602.78198242188,642.587280273438,197.982360839844,2.41421604156494,0.7793989777565
2025-02-12,97885.859375,2736.90209960938,698.037353515625,196.773803710938,2.47283506393433,0.799224019050598
2025-02-13,96623.8671875,2675.90258789062,668.277526855469,194.460952758789,2.56251502037048,0.810742020606995
2025-02-14,97508.96875,2726.09155273438,658.043640136719,199.935668945312,2.74019598960876,0.800507009029388
2025-02-15,97580.3515625,2693.55981445312,662.327697753906,194.482086181641,2.76157808303833,0.781109988689423
2025-02-16,96175.03125,2663.31591796875,674.100830078125,188.486404418945,2.72782492637634,0.772005021572113
2025-02-17,95773.3828125,2743.19970703125,667.229064941406,177.689743041992,2.65827393531799,0.808025002479553
2025-02-18,95539.546875,2669.3388671875,647.443359375,169.084289550781,2.55887794494629,0.75236302614212
2025-02-19,96635.609375,2715.77099609375,653.514709472656,169.010803222656,2.74080109596252,0.772943019866943
2025-02-20,98333.9375,2740.38647460938,657.200988769531,176.048889160156,2.69082808494568,0.804473996162415
2025-02-21,96125.546875,2659.65551757812,646.899536132812,168.891632080078,2.57013988494873,0.76137101650238
2025-02-22,96577.7578125,2764.029296875,668.574768066406,172.162857055664,2.57570600509644,0.774451971054077
2025-02-23,96273.921875,2821.31030273438,657.903686523438,168.038116455078,2.57701992988586,0.770040988922119
2025-02-24,91418.171875,2513.8212890625,613.963012695312,141.989486694336,2.27792906761169,0.682201981544495
2025-02-25,88736.171875,2493.59252929688,622.940795898438,144.107757568359,2.32071709632874,0.682582020759583
2025-02-26,84347.0234375,2331.45263671875,610.693054199219,134.831329345703,2.19243502616882,0.64503800868988
2025-02-27,84704.2265625,2305.484375,605.123657226562,137.620803833008,2.19864797592163,0.645585000514984
2025-02-28,84373.0078125,2237.9052734375,587.451599121094,148.030014038086,2.14559507369995,0.633050978183746
2025-03-01,86031.9140625,2216.64331054688,607.511535644531,143.675704956055,2.19060301780701,0.659264981746674
2025-03-02,94248.3515625,2519.69458007812,622.936096191406,178.495498657227,2.9369421005249,1.12950301170349
2025-03-03,86065.671875,2145.57397460938,575.169982910156,142.021087646484,2.38574194908142,0.855264008045197
2025-03-04,87222.1953125,2170.01513671875,583.586853027344,144.916580200195,2.45514607429504,0.941277027130127
2025-03-05,90623.5625,2241.97729492188,597.975830078125,146.267303466797,2.50050902366638,0.975355982780457
2025-03-06,89961.7265625,2202.47680664062,596.723754882812,143.355224609375,2.60172891616821,0.907552003860474
2025-03-07,86742.671875,2138.98754882812,593.96337890625,139.209136962891,2.38162398338318,0.816799998283386
2025-03-08,86154.59375,2201.51025390625,593.080871582031,136.942077636719,2.32343888282776,0.804691970348358
2025-03-09,80601.0390625,2015.50915527344,554.580444335938,126.435432434082,2.13457608222961,0.720148980617523
2025-03-10,78532,1861.1513671875,532.121887207031,118.291748046875,2.01829409599304,0.672596991062164
2025-03-11,82862.2109375,1919.84497070312,551.474548339844,125.263946533203,2.16691589355469,0.722586989402771
2025-03-12,83722.359375,1908.98266601562,569.894836425781,126.58324432373,2.24075508117676,0.735444009304047
2025-03-13,81066.703125,1862.96960449219,579.218811035156,123.286148071289,2.25100803375244,0.70228898525238
2025-03-14,83969.1015625,1909.46752929688,587.136291503906,133.314483642578,2.35644292831421,0.738315999507904
2025-03-15,84343.109375,1937.39465332031,619.486083984375,135.912536621094,2.39323806762695,0.748288989067078
2025-03-16,82579.6875,1887.43505859375,602.216613769531,125.988105773926,2.29786705970764,0.70576399564743
2025-03-17,84075.6875,1927.0029296875,631.362609863281,128.163711547852,2.34063792228699,0.718092024326324
2025-03-18,82718.5,1932.54345703125,628.134460449219,125.312698364258,2.2869598865509,0.702081024646759
2025-03-19,86854.2265625,2057.7490234375,619.257507324219,135.572509765625,2.54584097862244,0.744199991226196
2025-03-20,84167.1953125,1982.09985351562,629.942443847656,127.497184753418,2.43467402458191,0.717517018318176
2025-03-21,84043.2421875,1964.84753417969,634.607788085938,128.430313110352,2.37927794456482,0.705116987228394
2025-03-22,83832.484375,1980.03784179688,626.574401855469,128.484985351562,2.36982393264771,0.700941026210785
2025-03-23,86054.375,2005.29919433594,623.349487304688,132.599319458008,2.43549299240112,0.709508001804352
2025-03-24,87498.9140625,2077.47900390625,636.64453125,140.869277954102,2.44816207885742,0.730994999408722
2025-03-25,87471.703125,2067.76416015625,629.94287109375,143.817077636719,2.45134997367859,0.745199978351593
2025-03-26,86900.8828125,2009.18933105469,617.816772460938,137.28857421875,2.3490879535675,0.728061974048615
2025-03-27,87177.1015625,2002.357421875,637.206970214844,138.347381591797,2.3382740020752,0.737671971321106
2025-03-28,84353.1484375,1895.5029296875,619.474914550781,129.423156738281,2.20413708686829,0.705551028251648
2025-03-29,82597.5859375,1827.3203125,603.237854003906,124.587646484375,2.13994908332825,0.673922002315521
2025-03-30,82334.5234375,1806.21862792969,601.830200195312,124.642631530762,2.13614296913147,0.660708010196686
2025-03-31,82548.9140625,1823.47998046875,605.072814941406,124.694129943848,2.08989691734314,0.661446988582611
2025-04-01,85169.171875,1905.49145507812,611.297119140625,126.68238067627,2.13961100578308,0.677654981613159
2025-04-02,82485.7109375,1795.31323242188,590.637573242188,117.757629394531,2.02506709098816,0.641638994216919
2025-04-03,83102.828125,1815.63720703125,592.124450683594,117.061454772949,2.06246709823608,0.65005898475647
2025-04-04,83843.8046875,1815.33520507812,597.579406738281,122.786880493164,2.1289598941803,0.660449028015137
2025-04-05,83504.796875,1805.97326660156,593.114868164062,120.258995056152,2.14373111724854,0.654671013355255
2025-04-06,78214.484375,1576.72802734375,554.594909667969,105.712013244629,1.91789495944977,0.572793006896973
2025-04-07,79235.3359375,1555.24096679688,554.4833984375,106.902778625488,1.89775395393372,0.585430979728699
2025-04-08,76271.953125,1472.55310058594,553.467407226562,105.512191772461,1.79456794261932,0.557887971401215
2025-04-09,82573.953125,1668.0400390625,582.369323730469,119.057540893555,2.05173802375793,0.631676971912384
2025-04-10,79626.140625,1522.51879882812,577.405944824219,112.803924560547,1.9664820432663,0.609387993812561
2025-04-11,83404.8359375,1567.14978027344,586.088989257812,121.532379150391,2.02388691902161,0.624167025089264
2025-04-12,85287.109375,1643.52856445312,597.123046875,132.260559082031,2.15862011909485,0.658851981163025
2025-04-13,83684.9765625,1596.68579101562,584.04248046875,128.580795288086,2.12019896507263,0.638074994087219
2025-04-14,84542.390625,1622.76989746094,584.335205078125,129.31037902832,2.12675404548645,0.634873986244202
2025-04-15,83668.9921875,1588.63244628906,579.68603515625,126.263130187988,2.0885488986969,0.609162986278534
2025-04-16,84033.8671875,1578.10534667969,582.806213378906,131.449691772461,2.08324193954468,0.610418975353241
2025-04-17,84895.75,1582.54833984375,590.162170410156,134.698745727539,2.06641507148743,0.616304993629456
2025-04-18,84450.8046875,1588.92468261719,591.763854980469,134.073501586914,2.06352710723877,0.627444982528687
2025-04-19,85063.4140625,1612.9228515625,591.776794433594,139.750259399414,2.08732008934021,0.627954006195068
2025-04-20,85174.3046875,1587.51428222656,592.972412109375,137.774597167969,2.07700109481812,0.619781970977783
2025-04-21,87518.90625,1579.73449707031,597.414184570312,136.704391479492,2.08551502227783,0.623939990997314
2025-04-22,93441.890625,1757.33166503906,618.826965332031,148.739410400391,2.21547293663025,0.680404007434845
2025-04-23,93699.109375,1796.10424804688,605.815002441406,151.152725219727,2.21735596656799,0.697565972805023
2025-04-24,93943.796875,1769.83166503906,601.7158203125,152.303634643555,2.20454406738281,0.72182697057724
2025-04-25,94720.5,1786.63452148438,600.181030273438,150.915008544922,2.18305397033691,0.714141011238098
2025-04-26,94646.9296875,1821.88110351562,607.7041015625,149.289367675781,2.19318890571594,0.707521021366119
2025-04-27,93754.84375,1792.86499023438,603.618469238281,148.245834350586,2.2562370300293,0.703975021839142
2025-04-28,94978.75,1798.85180664062,606.364990234375,147.809936523438,2.29513788223267,0.705479979515076
2025-04-29,94284.7890625,1799.17565917969,601.028991699219,146.427871704102,2.24080109596252,0.696330010890961
2025-04-30,94207.3125,1793.775390625,599.681701660156,147.643203735352,2.19155693054199,0.681930005550385
2025-05-01,96492.3359375,1839.22155761719,599.918212890625,150.846588134766,2.21416211128235,0.705434024333954
2025-05-02,96910.0703125,1842.70788574219,601.164184570312,148.050033569336,2.20983099937439,0.698041975498199
2025-05-03,95891.796875,1833.83972167969,599.331359863281,146.796051025391,2.18836688995361,0.701026976108551
2025-05-04,94315.9765625,1808.59423828125,585.995056152344,143.983062744141,2.15779495239258,0.676692008972168
2025-05-05,94748.0546875,1819.69750976562,597.689758300781,146.696640014648,2.13560891151428,0.662976026535034
2025-05-06,96802.4765625,1815.08752441406,602.473876953125,146.766403198242,2.15543007850647,0.678381979465485
2025-05-07,97032.3203125,1811.60668945312,603.279663085938,147.213745117188,2.12617111206055,0.671185970306396
2025-05-08,103241.4609375,2206.5146484375,628.663452148438,163.960784912109,2.3231840133667,0.766604006290436
2025-05-09,102970.8515625,2345.50732421875,666.878479003906,172.828277587891,2.34467101097107,0.777710974216461
2025-05-10,104696.328125,2582.42260742188,663.617248535156,177.621810913086,2.4720299243927,0.841273009777069
2025-05-11,104106.359375,2510.23779296875,650.625427246094,173.026458740234,2.36652493476868,0.804988980293274
2025-05-12,102812.953125,2496.39770507812,660.484313964844,174.247894287109,2.54463791847229,0.817637979984283
2025-05-13,104169.8125,2680.12963867188,665.570556640625,184.006256103516,2.58654808998108,0.831560015678406
2025-05-14,103539.4140625,2610.06323242188,652.571044921875,176.709228515625,2.55270290374756,0.799520015716553
2025-05-15,103744.640625,2546.85693359375,651.264221191406,169.009994506836,2.38036704063416,0.761242985725403
2025-05-16,103489.2890625,2536.29760742188,646.321350097656,167.333953857422,2.38098406791687,0.75926798582077
2025-05-17,103191.0859375,2475.75439453125,639.618896484375,165.93083190918,2.35436391830444,0.742385029792786
2025-05-18,106446.0078125,2498.23364257812,652.164306640625,173.898712158203,2.43417096138,0.760626018047333
2025-05-19,105606.1796875,2529.16674804688,649.852905273438,166.864227294922,2.38137888908386,0.743062973022461
2025-05-20,106791.0859375,2524.17309570312,650.330810546875,168.483688354492,2.35675501823425,0.745729029178619
2025-05-21,109678.078125,2552.34716796875,673.148620605469,173.681732177734,2.39892601966858,0.770718991756439
2025-05-22,111673.28125,2664.15698242188,686.235656738281,179.690948486328,2.42979502677917,0.808138012886047
2025-05-23,107287.796875,2526.44189453125,656.231689453125,173.825424194336,2.29432106018066,0.746379971504211
2025-05-24,107791.15625,2530.64624023438,668.306518554688,176.042404174805,2.33287000656128,0.747192025184631
2025-05-25,109035.390625,2551.76391601562,669.916870117188,175.725479125977,2.34297490119934,0.759983003139496
2025-05-26,109440.3671875,2564.13842773438,674.392639160156,174.907897949219,2.31066107749939,0.759554982185364
2025-05-27,108994.640625,2663.06982421875,687.159484863281,176.815185546875,2.3186719417572,0.758683025836945
2025-05-28,107802.328125,2682.212890625,687.405517578125,172.189559936523,2.27425289154053,0.746894001960754
2025-05-29,105641.7578125,2632.65478515625,675.172180175781,166.588180541992,2.24424600601196,0.722342014312744
2025-05-30,103998.5703125,2529.94360351562,655.482177734375,156.234710693359,2.13863396644592,0.689327001571655
2025-05-31,104638.09375,2529.08740234375,658.501281738281,156.638946533203,2.17506003379822,0.686074018478394
2025-06-01,105652.1015625,2536.26635742188,660.991760253906,157.784545898438,2.17918395996094,0.684974014759064
2025-06-02,105881.53125,2607.09741210938,666.590759277344,156.998062133789,2.1977550983429,0.689677000045776
2025-06-03,105432.46875,2593.2802734375,661.698913574219,155.343170166016,2.24684405326843,0.68461400270462
2025-06-04,104731.984375,2608.64306640625,663.706298828125,153.359649658203,2.20231008529663,0.665889978408813
2025-06-05,101575.953125,2416.28564453125,634.053588867188,144.542953491211,2.09763407707214,0.627574026584625
2025-06-06,104390.34375,2477.19482421875,643.434204101562,147.913131713867,2.1624059677124,0.656405985355377
2025-06-07,105615.625,2526.50537109375,651.150451660156,150.134063720703,2.17854595184326,0.66500997543335
2025-06-08,105793.6484375,2510.787109375,652.147827148438,152.430099487305,2.26549506187439,0.669898986816406
2025-06-09,110294.1015625,2681.51708984375,665.954040527344,161.088653564453,2.32037496566772,0.705052018165588
2025-06-10,110257.234375,2813.517578125,673.610473632812,165.028167724609,2.30528497695923,0.715914011001587
2025-06-11,108686.625,2773.529296875,667.669067382812,161.055862426758,2.27087306976318,0.698158025741577
2025-06-12,105929.0546875,2651.79516601562,656.243835449219,152.789672851562,2.19476890563965,0.663838982582092
2025-06-13,106090.96875,2579.48608398438,655.255737304688,148.628356933594,2.14902997016907,0.642135977745056
2025-06-14,105472.40625,2533.44409179688,645.912780761719,144.763748168945,2.14140605926514,0.624948978424072
2025-06-15,105552.0234375,2546.83715820312,648.28076171875,152.814392089844,2.1671769618988,0.633849024772644
2025-06-16,106796.7578125,2540.60498046875,650.961730957031,150.869995117188,2.24177193641663,0.631631016731262
2025-06-17,104601.1171875,2510.76147460938,648.510803222656,147.749801635742,2.16071391105652,0.610449016094208
2025-06-18,104883.328125,2524.30151367188,644.806762695312,146.353118896484,2.16966509819031,0.603448987007141
2025-06-19,104684.2890625,2521.65356445312,644.680725097656,147.071472167969,2.16593790054321,0.602124989032745
2025-06-20,103309.6015625,2407.30419921875,641.784423828125,140.168594360352,2.12034702301025,0.577264010906219
2025-06-21,102257.40625,2300.49560546875,628.747863769531,135.161010742188,2.05755805969238,0.554314970970154
2025-06-22,100987.140625,2228.21313476562,615.99462890625,131.615692138672,2.01402807235718,0.540983021259308
2025-06-23,105577.7734375,2421.82495117188,641.296203613281,144.846725463867,2.16630911827087,0.583275020122528
2025-06-24,106045.6328125,2448.0087890625,643.737182617188,145.954528808594,2.19081592559814,0.587369024753571
2025-06-25,107361.2578125,2419.31030273438,645.923156738281,143.505126953125,2.18587207794189,0.567080974578857
2025-06-26,106960,2416.14672851562,642.414245605469,139.059860229492,2.10585498809814,0.554021000862122
2025-06-27,107088.4296875,2423.86694335938,646.153625488281,142.191482543945,2.14261889457703,0.558763980865479
2025-06-28,107327.703125,2437.109375,648.750427246094,150.827560424805,2.18604397773743,0.565697014331818
2025-06-29,108385.5703125,2500.9599609375,655.036193847656,153.353088378906,2.20707297325134,0.578086018562317
2025-06-30,107135.3359375,2486.46435546875,657.025329589844,154.735305786133,2.23874998092651,0.572121024131775
2025-07-01,105698.28125,2405.79272460938,646.39794921875,146.926635742188,2.17219495773315,0.542158007621765
2025-07-02,108859.3203125,2571.33544921875,660.057250976562,152.227630615234,2.23376893997192,0.584101021289825
2025-07-03,109647.9765625,2591.00732421875,663.323120117188,152.401794433594,2.25765800476074,0.59908801317215
2025-07-04,108034.3359375,2508.51831054688,653.739501953125,147.763641357422,2.2211389541626,0.572890996932983
2025-07-05,108231.1796875,2517.28002929688,656.142883300781,147.641448974609,2.21852207183838,0.575908005237579
2025-07-06,109232.0703125,2571.23657226562,663.088989257812,151.872940063477,2.27254104614258,0.58601301908493
2025-07-07,108299.8515625,2543.01318359375,661.018188476562,148.872344970703,2.27407789230347,0.580237984657288
2025-07-08,108950.2734375,2615.505859375,660.762878417969,151.810394287109,2.31123399734497,0.588473975658417
2025-07-09,111326.5546875,2770.77758789062,669.152526855469,157.281509399414,2.40563607215881,0.623489022254944
2025-07-10,115987.203125,2954.84521484375,685.660705566406,164.062774658203,2.54668307304382,0.676648020744324
2025-07-11,117516.9921875,2957.88623046875,689.873352050781,162.883377075195,2.73486399650574,0.710525989532471
2025-07-12,117435.2265625,2942.91162109375,685.777893066406,160.684844970703,2.73763608932495,0.70829701423645
2025-07-13,119116.1171875,2973.35888671875,692.230407714844,161.19401550293,2.83594107627869,0.73725301027298
2025-07-14,119849.703125,3013.35083007812,689.416748046875,162.27522277832,2.95497703552246,0.734336018562317
2025-07-15,117777.1875,3139.8896484375,689.921142578125,163.950439453125,2.91895198822021,0.746823012828827
2025-07-16,118738.5078125,3371.5068359375,708.126098632812,173.708480834961,3.04140496253967,0.764549016952515
2025-07-17,119289.84375,3476.78442382812,721.211975097656,175.793045043945,3.49512910842896,0.823785006999969
2025-07-18,118003.2265625,3549.01635742188,730.216369628906,177.381973266602,3.41821193695068,0.815856993198395
2025-07-19,117939.9765625,3595.27368164062,733.529052734375,177.070129394531,3.42940592765808,0.830340027809143
2025-07-20,117300.7890625,3759.47143554688,757.739929199219,181.546035766602,3.45952892303467,0.858744978904724
2025-07-21,117439.5390625,3763.37133789062,766.783935546875,195.994262695312,3.55576491355896,0.890425026416779
2025-07-22,119995.4140625,3749.1455078125,786.141174316406,205.700546264648,3.55167603492737,0.902944028377533
2025-07-23,118754.9609375,3629.70361328125,776.640441894531,189.542938232422,3.18493008613586,0.81623101234436
2025-07-24,118368,3708.00561523438,771.239990234375,182.606063842773,3.14389491081238,0.805577993392944
2025-07-25,117635.8828125,3727.26684570312,785.6064453125,186.779663085938,3.14172005653381,0.816074013710022
2025-07-26,117947.3671875,3741.39599609375,793.282592773438,184.913879394531,3.1675341129303,0.81980299949646
2025-07-27,119448.4921875,3875.24658203125,843.261962890625,188.733489990234,3.24128198623657,0.832008004188538
2025-07-28,117924.4765625,3787.42578125,822.0185546875,182.541564941406,3.11584210395813,0.790890991687775
2025-07-29,117922.1484375,3793.45483398438,804.89892578125,181.335311889648,3.12843108177185,0.782468020915985
2025-07-30,117831.1875,3808.20166015625,793.144836425781,177.69401550293,3.09837603569031,0.763438999652863
2025-07-31,115758.203125,3696.70776367188,783.666809082031,172.424346923828,3.02517008781433,0.740059971809387
2025-08-01,113320.0859375,3488.36596679688,757.186584472656,162.877090454102,2.96459698677063,0.715667009353638
2025-08-02,112526.9140625,3392.7412109375,736.646423339844,158.483016967773,2.76637196540833,0.697669982910156
2025-08-03,114217.671875,3497.37915039062,751.560974121094,161.954971313477,2.94954395294189,0.726975977420807
2025-08-04,115071.8828125,3718.98608398438,769.05908203125,169.425689697266,3.07280993461609,0.754808008670807
2025-08-05,114141.4453125,3611.8994140625,754.851013183594,164.096435546875,2.96374797821045,0.726036012172699
2025-08-06,115028,3683.92065429688,769.847839355469,168.175735473633,2.99188804626465,0.741793990135193
2025-08-07,117496.8984375,3914.32592773438,788.196350097656,175.485427856445,3.31820797920227,0.786395013332367
2025-08-08,116688.7265625,4009.84887695312,793.439575195312,176.763290405273,3.28712010383606,0.791181027889252
2025-08-09,116500.359375,4263.59912109375,799.086730957031,180.182342529297,3.22788310050964,0.804036021232605
2025-08-10,119306.7578125,4254.2177734375,805.873474121094,182.903015136719,3.1878559589386,0.802287995815277
2025-08-11,118731.4453125,4226.966796875,806.730224609375,174.977813720703,3.13451409339905,0.773976981639862
2025-08-12,120172.90625,4590.9248046875,832.926574707031,191.856826782227,3.26650595664978,0.841203987598419
2025-08-13,123344.0625,4756.27587890625,849.005493164062,201.590423583984,3.28059101104736,0.905924022197723
2025-08-14,118359.578125,4548.16650390625,840.930969238281,192.585952758789,3.08352208137512,0.925382971763611
2025-08-15,117398.3515625,4439.98876953125,827.289184570312,185.741256713867,3.0786669254303,0.943835973739624
2025-08-16,117491.3515625,4426.18017578125,839.398071289062,189.766998291016,3.10813999176025,0.92128199338913
2025-08-17,117453.0625,4473.271484375,856.402954101562,191.164825439453,3.08904099464417,0.961889028549194
2025-08-18,116252.3125,4312.5048828125,847.417907714844,183.069869995117,3.06148290634155,0.923255026340485
2025-08-19,112831.1796875,4073.46411132812,823.56591796875,176.112274169922,2.85292410850525,0.845039010047913
2025-08-20,114274.7421875,4334.50048828125,869.103881835938,187.586303710938,2.95074892044067,0.880822002887726
2025-08-21,112419.03125,4223.2099609375,839.040832519531,180.280624389648,2.8504741191864,0.851020991802216
2025-08-22,116874.0859375,4831.3486328125,898.774536132812,200.647445678711,3.07577300071716,0.929920971393585
2025-08-23,115374.328125,4776.09033203125,880.046142578125,203.936737060547,3.04621410369873,0.913133025169373
2025-08-24,113458.4296875,4779.6474609375,876.080200195312,205.85237121582,3.02586889266968,0.909606993198395
2025-08-25,110124.3515625,4372.98779296875,840.171936035156,187.278442382812,2.86127209663391,0.837633013725281
2025-08-26,111802.65625,4600.4267578125,863.630493164062,195.905090332031,3.01221799850464,0.866683006286621
2025-08-27,111222.0625,4503.39306640625,855.646301269531,202.923370361328,2.96661806106567,0.850156009197235
2025-08-28,112544.8046875,4507.177734375,874.366027832031,214.405639648438,2.96709489822388,0.857749998569489
2025-08-29,108410.8359375,4360.15283203125,863.276550292969,205.220001220703,2.82195711135864,0.827136993408203
2025-08-30,108808.0703125,4374.1533203125,862.403991699219,202.860137939453,2.81818604469299,0.822404980659485
2025-08-31,108236.7109375,4390.01904296875,857.816772460938,200.863540649414,2.77664089202881,0.811361014842987
2025-09-01,109250.59375,4314.47021484375,845.826293945312,197.108337402344,2.75369501113892,0.800185978412628
2025-09-02,111200.5859375,4325.36572265625,851.777221679688,209.481536865234,2.86185908317566,0.834581017494202
2025-09-03,111723.2109375,4450.38916015625,855.2587890625,210.746307373047,2.84489488601685,0.836530029773712
2025-09-04,110723.6015625,4298.744140625,843.802978515625,202.560180664062,2.79582810401917,0.809886991977692
2025-09-05,110650.984375,4306.98876953125,849.979248046875,203.498519897461,2.81624794006348,0.831068992614746
2025-09-06,110224.6953125,4274.2421875,861.772094726562,200.246307373047,2.8108549118042,0.81845098733902
2025-09-07,111167.6171875,4305.34765625,880.613037109375,206.468185424805,2.87856197357178,0.835058987140656
2025-09-08,112071.4296875,4308.072265625,878.275939941406,214.186401367188,2.97040104866028,0.865052998065948
2025-09-09,111530.546875,4309.04150390625,880.015014648438,217.250686645508,2.94661402702332,0.865032017230988
2025-09-10,113955.359375,4349.14599609375,893.566589355469,223.986907958984,2.98170804977417,0.884688019752502
2025-09-11,115507.5390625,4461.2333984375,902.983337402344,228.75617980957,3.04093408584595,0.894208014011383
2025-09-12,116101.578125,4715.24609375,925.030700683594,242.303283691406,3.10764193534851,0.917087018489838
2025-09-13,115950.5078125,4668.1796875,933.899658203125,242.595901489258,3.12146711349487,0.929843008518219
2025-09-14,115407.65625,4609.59765625,927.24169921875,240.557693481445,3.03252506256104,0.888990998268127
2025-09-15,115444.875,4526.8203125,919.97021484375,234.357559204102,2.99710893630981,0.863507986068726
2025-09-16,116843.1875,4503.564453125,955.712585449219,236.98957824707,3.03849411010742,0.880689978599548
2025-09-17,116468.5078125,4592.7333984375,990.309753417969,244.857452392578,3.08499193191528,0.913092017173767
2025-09-18,117137.203125,4589.9189453125,981.835205078125,247.637130737305,3.07626891136169,0.925355970859528
2025-09-19,115688.859375,4470.9169921875,984.124084472656,238.552703857422,2.9918520450592,0.890935003757477
2025-09-20,115721.9609375,4482.265625,1042.65014648438,239.592483520508,2.97891902923584,0.893932998180389
2025-09-21,115306.09375,4451.3291015625,1048.67236328125,236.575454711914,2.97340893745422,0.88527500629425
2025-09-22,112748.5078125,4202.87744140625,993.014038085938,220.496444702148,2.85300993919373,0.825752019882202
2025-09-23,112014.5,4165.50390625,1017.01989746094,213.717300415039,2.8281569480896,0.807618975639343
2025-09-24,113328.6328125,4153.46923828125,1018.84783935547,211.756256103516,2.92803502082825,0.81318598985672
2025-09-25,109049.2890625,3868.333984375,945.713623046875,192.380767822266,2.74231910705566,0.762789011001587
2025-09-26,109712.828125,4035.88793945312,960.923950195312,205.352554321289,2.78581190109253,0.792192995548248
2025-09-27,109681.9453125,4018.658203125,968.78955078125,203.58332824707,2.80773496627808,0.781701028347015
2025-09-28,112122.640625,4141.4765625,993.315551757812,210.737747192383,2.86658596992493,0.808166027069092
2025-09-29,114400.3828125,4217.341796875,1030.7412109375,213.053405761719,2.88269209861755,0.806797027587891
2025-09-30,114056.0859375,4145.95751953125,1008.48345947266,208.743118286133,2.84693098068237,0.807202994823456
2025-10-01,118648.9296875,4351.1123046875,1026.16674804688,221.675872802734,2.94727802276611,0.850040018558502
2025-10-02,120681.2578125,4487.923828125,1090.65563964844,234.856872558594,3.03932404518127,0.870320022106171
2025-10-03,122266.53125,4514.87060546875,1189.91906738281,233.001968383789,3.04088091850281,0.866315007209778
2025-10-04,122425.4296875,4489.197265625,1150.54760742188,228.003204345703,2.9693489074707,0.83992201089859
2025-10-05,123513.4765625,4515.4228515625,1165.52758789062,228.601196289062,2.97064089775085,0.837351977825165
2025-10-06,124752.53125,4687.771484375,1223.5810546875,232.516036987305,2.9907169342041,0.871815979480743
2025-10-07,121451.3828125,4451.15185546875,1310.21435546875,220.482711791992,2.85597109794617,0.820901989936829
2025-10-08,123354.8671875,4527.64794921875,1306.59936523438,229.101211547852,2.88080406188965,0.838916003704071
2025-10-09,121705.5859375,4369.1435546875,1255.890625,220.991073608398,2.8049099445343,0.81564599275589
2025-10-10,113214.3671875,3843.0087890625,1106.89855957031,188.663864135742,2.35859704017639,0.634835004806519
2025-10-11,110807.8828125,3750.61157226562,1137.19934082031,178.054168701172,2.38598203659058,0.632179975509644
2025-10-12,115169.765625,4164.427734375,1303.11730957031,197.508544921875,2.53495788574219,0.70150500535965
2025-10-13,115271.078125,4245.4677734375,1293.47326660156,208.367294311523,2.60649991035461,0.729258000850677
2025-10-14,113118.6640625,4125.412109375,1211.05114746094,202.460342407227,2.50566005706787,0.699692010879517
2025-10-15,110783.1640625,3987.45947265625,1162.69177246094,194.021865844727,2.4126660823822,0.66880202293396
2025-10-16,108186.0390625,3894.75439453125,1145.82531738281,184.688949584961,2.32906794548035,0.64494401216507
2025-10-17,106467.7890625,3832.55883789062,1071.96301269531,182.034790039062,2.29423904418945,0.624843001365662
2025-10-18,107198.265625,3890.34619140625,1093.15246582031,187.660293579102,2.3605101108551,0.634460985660553
2025-10-19,108666.7109375,3984.64965820312,1109.68005371094,187.798202514648,2.39063191413879,0.652550995349884
2025-10-20,110588.9296875,3980.76025390625,1101.06164550781,189.750671386719,2.49341893196106,0.663250982761383
2025-10-21,108476.890625,3876.76416015625,1057.4404296875,185.666275024414,2.42427110671997,0.642913997173309
2025-10-22,107688.5859375,3808.12231445312,1072.04797363281,180.148132324219,2.36386203765869,0.623971998691559
2025-10-23,110069.7265625,3856.0263671875,1127.57299804688,191.388275146484,2.39514994621277,0.642844974994659
2025-10-24,111033.921875,3934.5673828125,1109.14868164062,193.56022644043,2.50747394561768,0.655891001224518
2025-10-25,111641.7265625,3953.47094726562,1116.7412109375,194.040374755859,2.5964469909668,0.654663026332855
2025-10-26,114472.4453125,4157.9892578125,1137.5869140625,200.028625488281,2.64514589309692,0.681062996387482
2025-10-27,114119.328125,4120.1220703125,1139.74597167969,198.741714477539,2.63462996482849,0.66736501455307
2025-10-28,112956.1640625,3982.26245117188,1103.14477539062,194.442794799805,2.60597705841064,0.646273016929626
2025-10-29,110055.3046875,3903.35302734375,1107.16333007812,194.410873413086,2.55202102661133,0.640164971351624
2025-10-30,108305.546875,3804.37524414062,1078.61145019531,184.624420166016,2.43971490859985,0.601122975349426
2025-10-31,109556.1640625,3847.08032226562,1088.95544433594,187.20947265625,2.50873303413391,0.609165012836456
2025-11-01,110064.015625,3874.18798828125,1094.64233398438,186.38005065918,2.50517392158508,0.612201988697052
2025-11-02,110639.625,3911.06323242188,1084.35986328125,187.825973510742,2.5290949344635,0.61080402135849
2025-11-03,106547.5234375,3602.30810546875,992.535400390625,166.090698242188,2.30937790870667,0.552313983440399
2025-11-04,101590.5234375,3292.57446289062,937.893249511719,155.403182983398,2.21061611175537,0.521495997905731
2025-11-05,103891.8359375,3425.17114257812,959.951049804688,162.566070556641,2.3452250957489,0.546145021915436
2025-11-06,101301.2890625,3312.2578125,949.180480957031,155.06591796875,2.21084809303284,0.53098201751709
2025-11-07,103372.40625,3435.30102539062,990.552368164062,161.70817565918,2.31416296958923,0.576011002063751
2025-11-08,102282.1171875,3400.3759765625,990.222717285156,158.102508544922,2.2848949432373,0.568422973155975
2025-11-09,104719.640625,3582.62133789062,996.579833984375,164.453842163086,2.36765694618225,0.578634977340698
2025-11-10,105996.59375,3568.4599609375,991.919677734375,167.367004394531,2.52636504173279,0.592970013618469
2025-11-11,102997.46875,3415.2822265625,958.265747070312,154.568328857422,2.39172410964966,0.556527972221375
2025-11-12,101663.1875,3413.09423828125,953.010498046875,153.26203918457,2.38689589500427,0.545261025428772
2025-11-13,99697.4921875,3232.75708007812,928.046630859375,145.108474731445,2.33114004135132,0.531114995479584
2025-11-14,94397.7890625,3103.78564453125,915.309265136719,138.676605224609,2.2439820766449,0.498420000076294
2025-11-15,95549.1484375,3166.63134765625,932.201904296875,139.535202026367,2.23524594306946,0.503400027751923
2025-11-16,94177.078125,3092.84741210938,927.257873535156,137.265731811523,2.21660900115967,0.484845012426376
2025-11-17,92093.875,3024.53881835938,906.482421875,130.848266601562,2.1620979309082,0.465532004833221
2025-11-18,92948.875,3122.97900390625,932.482360839844,140.714385986328,2.21647906303406,0.474979996681213
2025-11-19,91465.9921875,3023.07080078125,895.619689941406,136.766952514648,2.1076180934906,0.463239014148712
2025-11-20,86631.8984375,2831.77758789062,866.343872070312,133.517150878906,1.99878704547882,0.4323990046978
2025-11-21,85090.6875,2765.69921875,830.078735351562,128.500503540039,1.9504029750824,0.409146994352341
2025-11-22,84648.359375,2767.607421875,833.35107421875,127.551200866699,1.94975101947784,0.404608011245728
2025-11-23,86805.0078125,2801.67602539062,843.224792480469,130.705062866211,2.04626488685608,0.408549010753632
2025-11-24,88270.5625,2952.71337890625,864.421142578125,138.371353149414,2.2258780002594,0.427841991186142
2025-11-25,87341.890625,2957.93627929688,862.108032226562,138.891143798828,2.19854402542114,0.42161700129509
2025-11-26,90518.3671875,3027.81201171875,891.753356933594,143.012191772461,2.22428488731384,0.435622006654739
2025-11-27,91285.375,3014.54223632812,895.559814453125,140.846405029297,2.20082402229309,0.433685004711151
2025-11-28,90919.265625,3032.30444335938,887.646789550781,137.390197753906,2.1806480884552,0.420231014490128
2025-11-29,90851.7578125,2991.68530273438,873.689880371094,136.08171081543,2.20337700843811,0.415383011102676
2025-11-30,90394.3125,2992.11254882812,877.576782226562,133.564819335938,2.16096711158752,0.415885001420975
2025-12-01,86321.5703125,2800.18896484375,827.405395507812,126.709022521973,2.03091597557068,0.385713994503021
2025-12-02,91350.203125,2997.93969726562,877.03466796875,138.674209594727,2.155522108078,0.433964014053345
2025-12-03,93527.8046875,3191.57177734375,921.753723144531,144.898498535156,2.20190596580505,0.450809001922607
2025-12-04,92141.625,3134.31640625,900.066101074219,139.014526367188,2.09717297554016,0.439453989267349
2025-12-05,89387.7578125,3024.43286132812,884.218078613281,133.322998046875,2.03760695457458,0.41627100110054
2025-12-06,89272.375,3040.20776367188,890.545043945312,132.348449707031,2.03261995315552,0.413931012153625
2025-12-07,90405.640625,3061.3017578125,894.022277832031,132.093566894531,2.04342007637024,0.416810989379883
2025-12-08,90640.203125,3125.19799804688,897.604064941406,133.278228759766,2.07310605049133,0.432191997766495
2025-12-09,92691.7109375,3321.11499023438,898.810424804688,137.901611328125,2.10842490196228,0.470005005598068
2025-12-10,92020.9453125,3325.39013671875,894.650634765625,136.469024658203,2.04334497451782,0.453900009393692
2025-12-11,92511.3359375,3237.05688476562,886.166625976562,136.371566772461,2.03550791740417,0.425343990325928
2025-12-12,90270.4140625,3084.17260742188,881.867614746094,132.324295043945,2.0091450214386,0.409135013818741
2025-12-13,90298.7109375,3116.6953125,897.429565429688,133.247467041016,2.02399396896362,0.411056995391846
2025-12-14,88175.1796875,3060.5947265625,877.806884765625,129.481094360352,1.97928702831268,0.396584004163742
2025-12-15,86419.78125,2964.18310546875,858.545104980469,127.757118225098,1.89867305755615,0.388090997934341
2025-12-16,87843.984375,2964.18090820312,874.899047851562,129.251205444336,1.93007302284241,0.385726988315582
2025-12-17,86143.7578125,2831.40356445312,842.93017578125,123.119804382324,1.86183798313141,0.366501986980438
2025-12-18,85462.5078125,2827.06909179688,829.301147460938,119.570152282715,1.80777704715729,0.351424992084503
2025-12-19,88103.3828125,2977.970703125,855.943298339844,126.192749023438,1.9073920249939,0.376630008220673
2025-12-20,88344,2977.58251953125,853.586181640625,125.809036254883,1.93239796161652,0.373095005750656
2025-12-21,88621.75,3001.61376953125,857.889221191406,125.991500854492,1.92201197147369,0.365891009569168
2025-12-22,88490.015625,3006.07373046875,857.857421875,125.801231384277,1.90276396274567,0.370806992053986
2025-12-23,87414,2963.3740234375,843.771423339844,123.857215881348,1.87281703948975,0.36285200715065
2025-12-24,87611.9609375,2945.59057617188,846.259643554688,122.458602905273,1.86117100715637,0.356411993503571
2025-12-25,87234.7421875,2903.57958984375,829.424438476562,119.947120666504,1.83183598518372,0.343216001987457
2025-12-26,87301.4296875,2925.74560546875,834.151550292969,122.195953369141,1.84296405315399,0.349581986665726
2025-12-27,87802.15625,2947.99829101562,844.554504394531,124.64771270752,1.87285304069519,0.369542002677917
2025-12-28,87835.8359375,2948.56811523438,858.828796386719,125.199356079102,1.86435997486115,0.368501991033554
2025-12-29,87138.140625,2934.53833007812,851.187561035156,123.125228881836,1.84772396087646,0.352914988994598
2025-12-30,88430.1328125,2971.41674804688,860.5537109375,124.93132019043,1.8754940032959,0.351117014884949
2025-12-31,87508.828125,2967.03759765625,863.257385253906,124.484466552734,1.83997297286987,0.332830011844635
2026-01-01,88731.984375,3000.39428710938,863.054626464844,126.761123657227,1.87793600559235,0.356211990118027
2026-01-02,89944.6953125,3124.42260742188,880.844177246094,132.133666992188,2.00581693649292,0.393757998943329
2026-01-03,90603.1875,3125.91748046875,878.639465332031,133.298477172852,2.01740694046021,0.389375001192093
2026-01-04,91413.4921875,3140.71044921875,894.383666992188,133.899612426758,2.09002089500427,0.400090992450714
2026-01-05,93882.5546875,3226.13037109375,910.788391113281,137.989974975586,2.348797082901,0.421873986721039
2026-01-06,93729.03125,3295.94677734375,917.507263183594,141.098419189453,2.30690097808838,0.419625997543335
2026-01-07,91308.0546875,3166.84399414062,899.414306640625,136.313018798828,2.16712498664856,0.401890009641647
2026-01-08,91027.125,3104.38256835938,891.753723144531,138.293426513672,2.12209701538086,0.395644992589951
2026-01-09,90513.1015625,3083.04711914062,895.46923828125,135.756393432617,2.09164094924927,0.390702992677689
2026-01-10,90386.6484375,3082.39599609375,906.112487792969,135.727005004883,2.08801794052124,0.387917995452881
2026-01-11,90827.4609375,3118.88525390625,902.750793457031,139.490463256836,2.07106494903564,0.390284985303879
2026-01-12,91192.9921875,3092.3251953125,905.417663574219,139.136184692383,2.05254507064819,0.385904997587204
2026-01-13,95321.78125,3322.09545898438,942.460083007812,145.360870361328,2.16379809379578,0.421418994665146
2026-01-14,96929.328125,3354.72265625,949.10888671875,146.752807617188,2.13974189758301,0.414546996355057
2026-01-15,95551.1875,3317.10131835938,930.878356933594,142.332443237305,2.07812905311584,0.393481999635696
2026-01-16,95525.1171875,3295.48217773438,937.531860351562,144.860473632812,2.06821799278259,0.395534008741379
2026-01-17,95099.921875,3308.8642578125,947.044555664062,143.725677490234,2.06237292289734,0.396670013666153
2026-01-18,93634.4296875,3281.15771484375,932.591369628906,137.995422363281,1.99265801906586,0.375692993402481
2026-01-19,92553.59375,3186.62109375,922.495056152344,133.33869934082,1.98638105392456,0.370124995708466
2026-01-20,88310.90625,2935.60571289062,884.675476074219,125.705726623535,1.88958203792572,0.350427985191345
2026-01-21,89376.9609375,2978.90112304688,882.558288574219,129.37907409668,1.94555795192719,0.365696996450424
2026-01-22,89462.453125,2949.63330078125,886.972351074219,128.288345336914,1.92167401313782,0.358897000551224
2026-01-23,89503.875,2953.25634765625,890.766418457031,127.36157989502,1.91953194141388,0.360098987817764
2026-01-24,89110.734375,2948.74072265625,886.179626464844,127.053817749023,1.91313004493713,0.358162999153137
2026-01-25,86572.21875,2815.90234375,864.726745605469,118.772857666016,1.8330260515213,0.338705003261566
2026-01-26,88267.140625,2926.45703125,878.744506835938,124.139724731445,1.90349698066711,0.351998001337051
2026-01-27,89102.5703125,3022.2109375,897.66552734375,127.054794311523,1.91393494606018,0.360303997993469
2026-01-28,89184.5703125,3006.607421875,901.348876953125,125.118446350098,1.90872597694397,0.357879012823105
2026-01-29,84561.5859375,2818.23266601562,867.09814453125,117.605766296387,1.80506503582001,0.334010004997253
2026-01-30,84128.65625,2702.37524414062,857.258728027344,117.363037109375,1.73242604732513,0.320354998111725
2026-01-31,78621.1171875,2445.091796875,780.484558105469,105.441650390625,1.64547097682953,0.293496012687683
2026-02-01,76974.4453125,2267.96484375,758.457397460938,100.850524902344,1.59134197235107,0.286031991243362
2026-02-02,78688.765625,2344.35668945312,774.579284667969,104.471153259277,1.62054705619812,0.298900008201599
2026-02-03,75633.546875,2227.55883789062,753.578186035156,97.5639038085938,1.57419896125793,0.290787994861603
2026-02-04,73019.703125,2143.50415039062,697.861755371094,92.0293045043945,1.51047599315643,0.286300987005234
2026-02-05,62702.09765625,1821.68310546875,606.542846679688,78.1874160766602,1.21352100372314,0.244884997606277
2026-02-06,70555.390625,2063.38696289062,657.421508789062,87.4647750854492,1.47152304649353,0.276234000921249
2026-02-07,69281.96875,2090.54931640625,647.350280761719,87.6398315429688,1.42420399188995,0.272365003824234
2026-02-08,70264.7265625,2088.76293945312,640.253662109375,87.0441055297852,1.43218505382538,0.270262986421585
2026-02-09,70120.78125,2103.56762695312,635.954467773438,86.7017822265625,1.43611598014832,0.269708007574081
2026-02-10,68793.9609375,2019.49743652344,619.5703125,82.9154815673828,1.39948701858521,0.261669993400574
2026-02-11,66991.96875,1940.62133789062,607.187133789062,79.2542495727539,1.36801898479462,0.255551993846893
2026-02-12,66221.84375,1946.94067382812,613.7109375,78.3484420776367,1.36206996440887,0.264223992824554
2026-02-13,68857.84375,2048.52734375,619.083862304688,84.3225402832031,1.40746295452118,0.272691994905472
2026-02-14,69767.625,2086.009765625,633.34521484375,88.1608352661133,1.50997996330261,0.295266002416611
2026-02-15,68788.1875,1966.04296875,614.638000488281,86.0050964355469,1.4748569726944,0.281780004501343
2026-02-16,68843.15625,1997.91772460938,626.570678710938,86.4287872314453,1.48667800426483,0.285490989685059
2026-02-17,67494.21875,1992.1943359375,617.562072753906,85.1976089477539,1.4744039773941,0.280966997146606
2026-02-18,66425.3203125,1953.97412109375,604.523803710938,81.5669479370117,1.42160701751709,0.273586004972458
2026-02-19,66957.5234375,1948.20104980469,607.159851074219,82.3932495117188,1.4063800573349,0.272547006607056
2026-02-20,68005.421875,1969.02233886719,625.663513183594,84.6351089477539,1.42941403388977,0.284907013177872
2026-02-21,68003.765625,1973.73718261719,625.898071289062,85.2111358642578,1.43166494369507,0.280021995306015
2026-02-22,67659.390625,1957.80590820312,614.406677246094,82.7909774780273,1.39307796955109,0.271385997533798
2026-02-23,64616.73828125,1855.50280761719,595.865112304688,77.7533187866211,1.35164594650269,0.262255012989044
2026-02-24,64080.04296875,1852.96948242188,584.109802246094,79.0365219116211,1.34889400005341,0.258758008480072
2026-02-25,67960.125,2054.6279296875,629.072631835938,87.9156036376953,1.43374598026276,0.296671986579895
2026-02-26,67453.7734375,2026.79260253906,625.913208007812,85.9091186523438,1.40201795101166,0.286972999572754
2026-02-27,65881.796875,1930.76184082031,613.969543457031,81.9514846801758,1.35592103004456,0.277619987726212
2026-02-28,66995.859375,1965.05053710938,617.246398925781,84.3661804199219,1.37722897529602,0.281614989042282
2026-03-01,65738.1015625,1939.06665039062,618.107177734375,83.5776596069336,1.3517290353775,0.273580014705658
2026-03-02,68775.8515625,2027.26892089844,637.239562988281,86.634521484375,1.39097797870636,0.276841014623642
2026-03-03,68293.6484375,1982.76892089844,633.830932617188,87.0197525024414,1.36056303977966,0.262888014316559
2026-03-04,72710.578125,2126.50537109375,657.816772460938,90.8342666625977,1.43022000789642,0.276102006435394
2026-03-05,70841.125,2071.60546875,647.625854492188,88.6911087036133,1.40305197238922,0.268990993499756
2026-03-06,68136.4921875,1978.75122070312,627.2734375,84.6818008422852,1.3635710477829,0.259036988019943
2026-03-07,67272.59375,1969.45544433594,620.066284179688,83.1799545288086,1.35642302036285,0.254673004150391
2026-03-08,65969.78125,1936.60473632812,612.038879394531,81.6245880126953,1.3414009809494,0.249249994754791
2026-03-09,68402.3828125,1992.93823242188,634.500366210938,84.9361724853516,1.36184203624725,0.254994004964828
2026-03-10,69926.921875,2037.12048339844,641.879211425781,85.8382263183594,1.38642501831055,0.262012004852295
2026-03-11,70204.8828125,2051.5732421875,651.478332519531,86.5649337768555,1.38487696647644,0.262537002563477
2026-03-12,70493.4609375,2073.13623046875,652.135009765625,86.867790222168,1.38464903831482,0.263197988271713
2026-03-13,70968.265625,2092.5634765625,655.881958007812,88.1532897949219,1.39890801906586,0.265693992376328
2026-03-14,71214.625,2097.08666992188,657.831604003906,88.070686340332,1.40726900100708,0.263444006443024
2026-03-15,72789.9140625,2177.47631835938,673.701171875,92.251823425293,1.44755101203918,0.269847005605698
2026-03-16,74861.0859375,2351.17602539062,679.354797363281,96.2237243652344,1.54356503486633,0.290380001068115
2026-03-17,73922.4765625,2318.05346679688,668.780944824219,94.7059707641602,1.51854395866394,0.289063006639481
2026-03-18,71245.578125,2203.67163085938,652.05908203125,90.0657196044922,1.46385395526886,0.274190992116928
2026-03-19,69912.7890625,2137.423828125,639.266174316406,88.9178466796875,1.44732296466827,0.267356008291245
2026-03-20,70522.5859375,2146.4970703125,642.183349609375,89.8535690307617,1.44546103477478,0.266119003295898
2026-03-21,68711.5234375,2076.68994140625,630.1337890625,87.4653701782227,1.40657603740692,0.257768988609314
2026-03-22,67845.2109375,2053.04833984375,626.601318359375,86.1283493041992,1.38488304615021,0.25059500336647
2026-03-23,70914.859375,2152.14599609375,638.536804199219,91.4240798950195,1.4318779706955,0.261601001024246
2026-03-24,70517.859375,2155.70434570312,638.252807617188,90.8224258422852,1.41542398929596,0.266189008951187
2026-03-25,71309.8828125,2168.021484375,647.328125,91.7082214355469,1.41423797607422,0.270307004451752
2026-03-26,68791.625,2059.57836914062,628.994689941406,86.4439315795898,1.36011397838593,0.254774004220963
2026-03-27,66338.375,1991.27197265625,613.292419433594,83.0188293457031,1.32501399517059,0.246023997664452
2026-03-28,66319.6953125,1992.69458007812,610.701232910156,82.0156021118164,1.33280003070831,0.245658993721008
2026-03-29,65954.921875,1982.55969238281,605.676208496094,81.4224014282227,1.32727599143982,0.239562004804611
2026-03-30,66691.4453125,2023.51489257812,608.553527832031,82.4440536499023,1.32258296012878,0.243193998932838
2026-03-31,68233.3125,2104.70825195312,617.049194335938,83.1064605712891,1.34025895595551,0.241563007235527
2026-04-01,68078.5546875,2138.73706054688,610.622985839844,81.1952590942383,1.34776604175568,0.248058006167412
2026-04-02,66888.5703125,2056.8525390625,583.136840820312,78.9513168334961,1.31869101524353,0.239357993006706
2026-04-03,66931.1015625,2053.38525390625,588.100036621094,80.3685455322266,1.31790697574615,0.246168002486229
2026-04-04,67290.515625,2065.3515625,593.28369140625,80.8083801269531,1.31557404994965,0.247949004173279
2026-04-05,68981.8984375,2108.99560546875,601.535583496094,81.8544921875,1.32549595832825,0.250427007675171
2026-04-06,68859.828125,2107.76147460938,600.3857421875,80.1515731811523,1.32122099399567,0.246089994907379
2026-04-07,71940.703125,2241.806640625,620.898681640625,85.6480102539062,1.38148999214172,0.263792008161545
2026-04-08,71123.359375,2190.33544921875,601.172241210938,82.5816955566406,1.3423730134964,0.250710994005203
2026-04-09,71767.828125,2189.14404296875,602.827514648438,83.2977294921875,1.34414398670197,0.25381800532341
2026-04-10,72979.046875,2245.14868164062,605.991516113281,84.8284759521484,1.35660600662231,0.254258990287781
2026-04-11,73054.2734375,2285.39013671875,607.391418457031,84.9487686157227,1.35544896125793,0.24966299533844
2026-04-12,70753.40625,2192.201171875,592.214050292969,81.5352325439453,1.32499802112579,0.236272007226944
2026-04-13,74484.640625,2370.71484375,615.05126953125,86.6565628051758,1.37666594982147,0.248573005199432
2026-04-14,74181.609375,2323.30859375,614.037231445312,83.7746276855469,1.36182796955109,0.239666998386383
2026-04-15,74805.078125,2359.43701171875,622.665344238281,84.9193344116211,1.39166700839996,0.245905995368958
2026-04-16,75152.1328125,2348.64501953125,635.583374023438,88.9942092895508,1.45263504981995,0.259243994951248
2026-04-17,77126.875,2421.07177734375,643.450134277344,88.8741607666016,1.47704994678497,0.258863002061844
2026-04-18,75726.2109375,2351.1005859375,630.322448730469,86.2027130126953,1.43468296527863,0.249507993459702
2026-04-19,73856.3515625,2264.9169921875,616.524475097656,83.5809478759766,1.39465296268463,0.242523998022079
2026-04-20,75872.5234375,2315.21240234375,629.255187988281,85.3329544067383,1.42487096786499,0.248288005590439
2026-04-21,76352.7734375,2327.97045898438,631.792175292969,86.0294647216797,1.43182504177094,0.249650001525879
2026-04-22,78203.1015625,2376.08813476562,637.931762695312,86.9158248901367,1.43002796173096,0.24855999648571
2026-04-23,78268.953125,2331.51391601562,638.726257324219,86.1410598754883,1.43906199932098,0.250009000301361
2026-04-24,77455.3125,2315.69018554688,636.402954101562,86.2318801879883,1.43367600440979,0.250447988510132
2026-04-25,77612.015625,2318.8291015625,628.657287597656,86.1511764526367,1.42421901226044,0.250270009040833
2026-04-26,78657.5390625,2369.72900390625,636.111450195312,86.9703826904297,1.43157494068146,0.252328008413315
2026-04-27,77366.625,2303.06396484375,626.964233398438,84.8177871704102,1.40090596675873,0.248151004314423
2026-04-28,76350.671875,2289.41967773438,624.31103515625,84.0389785766602,1.38066494464874,0.246804997324944
2026-04-29,75776.1328125,2253.41577148438,617.329772949219,83.0268707275391,1.36925196647644,0.244516998529434
2026-04-30,76304.3203125,2256.25122070312,615.066711425781,83.0237579345703,1.36742997169495,0.24617999792099
2026-05-01,78179,2295.09375,615.3310546875,83.723503112793,1.38469505310059,0.248118996620178
2026-05-02,78657.25,2316.23193359375,617.82763671875,84.276611328125,1.3931519985199,0.250081986188889
2026-05-03,78538.2265625,2321.6357421875,617.482360839844,83.8995742797852,1.38757801055908,0.249434992671013
2026-05-04,79827.90625,2346.39697265625,622.659057617188,84.0898590087891,1.39195895195007,0.249893993139267
2026-05-05,80927.0546875,2361.1826171875,630.391235351562,86.3191909790039,1.41314899921417,0.26213800907135
2026-05-06,81427.53125,2350.80200195312,647.57373046875,89.14501953125,1.42472004890442,0.266712993383408
2026-05-07,80009.9921875,2291.10766601562,637.02197265625,88.40478515625,1.38712501525879,0.262623012065887
2026-05-08,80186.765625,2306.97216796875,649.009338378906,91.949821472168,1.41828501224518,0.273259997367859
2026-05-09,80664.3671875,2326.72729492188,649.737365722656,93.1455154418945,1.42010700702667,0.270788997411728
2026-05-10,82138.9296875,2369.0439453125,663.663452148438,96.4269866943359,1.47280704975128,0.282501012086868
2026-05-11,81728.296875,2339.36083984375,669.9736328125,97.3501510620117,1.47681605815887,0.280533999204636
2026-05-12,80477.4921875,2274.6435546875,664.541137695312,94.284294128418,1.43610095977783,0.270913988351822
2026-05-13,79277.1171875,2257.57641601562,671.3828125,91.0854721069336,1.4263459444046,0.264658987522125
2026-05-14,81051.25,2280.93481445312,677.939758300781,92.1487274169922,1.48411095142365,0.270159006118774
2026-05-15,79065.6796875,2223.32885742188,672.111328125,89.2003555297852,1.43373095989227,0.261487990617752
2026-05-16,78131.4375,2179.751953125,656.216064453125,86.5364837646484,1.41403603553772,0.255041003227234
2026-05-17,77429.3515625,2127.64526367188,648.794128417969,85.1729507446289,1.40094304084778,0.251875996589661
2026-05-18,76954.171875,2128.51611328125,643.056213378906,85.2968978881836,1.38919901847839,0.25135400891304
2026-05-19,76750.90625,2109.9638671875,639.450012207031,84.2086029052734,1.36058700084686,0.248224005103111
2026-05-20,77457.7734375,2126.9833984375,648.819274902344,86.0419387817383,1.36536800861359,0.249000996351242
2026-05-21,77539.171875,2131.41064453125,657.349853515625,87.1562042236328,1.37208700180054,0.250256985425949
2026-05-22,75488.2421875,2064.63696289062,649.468933105469,84.3070907592773,1.33370399475098,0.242422997951508
2026-05-23,76673.3671875,2115.95141601562,655.709655761719,85.6584854125977,1.35749399662018,0.245875999331474
2026-05-24,76981.125,2097.99389648438,656.098266601562,85.2496948242188,1.35003304481506,0.242128998041153
2026-05-25,77279.9296875,2111.37036132812,662.303833007812,85.0105056762695,1.34938502311707,0.24346099793911
2026-05-26,75825.734375,2070.85815429688,655.596374511719,83.5865173339844,1.32766103744507,0.239801004528999
2026-05-27,74344.703125,2022.1982421875,648.159240722656,82.3681259155273,1.30615103244781,0.237062007188797
